,feature
0,DRM_GMA500
1,SCSI_FC_ATTRS
2,INTEL_GTT
3,FB_DDC
4,DEBUG_INFO_REDUCED
5,DEBUG_INFO_SPLIT
6,DRM_NOUVEAU
7,SERIO_PCIPS2
8,DEBUG_INFO
9,BRIDGE
10,INET_ESP
11,TOUCHSCREEN_CYTTSP_SPI
12,STRICT_MODULE_RWX
13,RANDOMIZE_BASE
14,DRM_TTM_HELPER
15,FB_ARK
16,DRM_QXL
17,I2C_VIAPRO
18,PHY_QCOM_USB_HSIC
19,SND_HDA
20,USB_F_SERIAL
21,DRM_TTM
22,MMC_SPI
23,NET_DSA_TAG_KSZ
24,PHYLINK
25,DRM_AMDGPU
26,GPIO_BD70528
27,SND_SOC_DA7210
28,PCI_SW_SWITCHTEC
29,NET_VENDOR_SILAN
30,IP_SCTP
31,GRO_CELLS
32,UNIX
33,BLK_MQ_PCI
34,NET_IPVTI
35,STREAM_PARSER
36,MDIO_XPCS
37,RDMA_RXE
38,DEVICE_PRIVATE
39,BLK_DEV_ALI15X3
40,HID_GFRM
41,SND_SOC_ES8328_I2C
42,SND_SOC_RT5651
43,DEBUG_INFO_COMPRESSED
44,BT_HCIBT3C
45,SCSI_SPI_ATTRS
46,TCG_TIS_ST33ZP24_I2C
47,BLK_SCSI_REQUEST
48,XFRM_AH
49,MDIO_CAVIUM
50,HID_LED
51,SND_SOC_SIGMADSP
52,IPV6_OPTIMISTIC_DAD
53,AMIGA_PARTITION
54,SENSORS_DS1621
55,MFD_RT5033
56,SQUASHFS
57,REGULATOR_LP87565
58,DRM_VRAM_HELPER
59,HID_AUREAL
60,DRM_NOUVEAU_BACKLIGHT
61,CONNECTOR
62,DMA_COHERENT_POOL
63,BT_INTEL
64,JBD2
65,TERANETICS_PHY
66,NET_DEVLINK
67,MDIO
68,XFRM_OFFLOAD
69,BLK_DEV_GENERIC
70,UCLAMP_TASK
71,USB_STORAGE_REALTEK
72,DIMLIB
73,MTD_MCHP23K256
74,SND_SOC_RT5670
75,AFFS_FS
76,SND_SOC_RT5663
77,I2C_NVIDIA_GPU
78,SND_SIMPLE_CARD
79,BQL
80,ANDROID_BINDERFS
81,BLOCK
82,DRM_RADEON
83,FB_NVIDIA_I2C
84,GOOGLE_COREBOOT_TABLE
85,MDIO_THUNDER
86,IP_DCCP_CCID3
87,SND_SOC_PCM3060_I2C
88,GADGET_UAC1
89,SND_SOC_WM_ADSP
90,USB_SERIAL_OPTION
91,KGDB_LOW_LEVEL_TRAP
92,FB_UVESA
93,MMU_NOTIFIER
94,PAGE_POOL
95,SG_POOL
96,GCOV_PROFILE_ALL
97,REISERFS_FS
98,FIB_RULES
99,RAID6_PQ
100,BT_BREDR
101,BRIDGE_MRP
102,NET_IP_TUNNEL
103,CGROUP_HUGETLB
104,INTEL_SMARTCONNECT
105,NET_SWITCHDEV
106,PCI_DOMAINS
107,DNS_RESOLVER
108,F2FS_FS_SECURITY
109,FIREWIRE_NOSY
110,AF_RXRPC
111,CRYPTO_GCM
112,RTS5208
113,X86_POWERNOW_K8
114,GENERIC_NET_UTILS
115,SURFACE_3_POWER_OPREGION
116,UBSAN_ALIGNMENT
117,MII
118,BNX2X
119,USB_F_MASS_STORAGE
120,VIDEO_IR_I2C
121,LOOPBACK_TARGET
122,EXT4_FS
123,XFRM_IPCOMP
124,CRC_T10DIF
125,SND_SOC_SI476X
126,USB_CONFIGFS_EEM
127,SND_SOC_I2C_AND_SPI
128,FB_MATROX_MILLENIUM
129,PNFS_FILE_LAYOUT
130,NF_LOG_NETDEV
131,HID_STEAM
132,SND_SOC_AD193X_I2C
133,FS_IOMAP
134,IR_NEC_DECODER
135,LOCKDEP
136,SENSORS_SIS5595
137,CRYPTO_SERPENT_AVX2_X86_64
138,EFI_VARS_PSTORE
139,PATA_IT8213
140,HID_SONY
141,CNIC
142,LEDS_DAC124S085
143,NET_UDP_TUNNEL
144,SND_CTXFI
145,GPIO_MSIC
146,L2TP_DEBUGFS
147,HP_WIRELESS
148,IP_MROUTE_COMMON
149,VGA_CONSOLE
150,DRM_CIRRUS_QEMU
151,SND_SOC_RT5514
152,X86_BOOTPARAM_MEMORY_CORRUPTION_CHECK
153,PINCTRL_MTK
154,VIDEO_XILINX_TPG
155,NVME_CORE
156,JOYSTICK_PSXPAD_SPI_FF
157,NFC_PN533
158,IP_VS_PROTO_SCTP
159,I2C_MULTI_INSTANTIATE
160,SCSI_QLA_ISCSI
161,CAN_KVASER_USB
162,TI_ADC12138
163,CRYPTO_USER_API
164,HW_RANDOM_VIRTIO
165,SENSORS_ADC128D818
166,CEPH_LIB
167,USB_G_MULTI
168,LLC
169,FB_BACKLIGHT
170,IIO_ST_ACCEL_3AXIS
171,KEYBOARD_APPLESPI
172,MEDIA_ALTERA_CI
173,BACKLIGHT_LP855X
174,BCM7XXX_PHY
175,NVME_TARGET_FC
176,FIND_BIT_BENCHMARK
177,SND_HDA_GENERIC
178,NVME_TARGET_TCP
179,SND_SOC_RT5640
180,REGULATOR_DA9052
181,SND_SOC_WM8996
182,SCSI_SRP_ATTRS
183,SM_FTL
184,GPIO_WM8994
185,SND_SOC_HDMI_CODEC
186,FS_MBCACHE
187,SCSI_ISCSI_ATTRS
188,TCP_CONG_CUBIC
189,VIDEOBUF2_VMALLOC
190,USB_CHIPIDEA_TEGRA
191,ADFS_FS
192,SND_SOC_SSM2602_I2C
193,RD_LZ4
194,INPUT_TPS65218_PWRBUTTON
195,SND_SOC_MT6351
196,RTC_DRV_RX6110
197,HDLC_CISCO
198,BATMAN_ADV_TRACING
199,UBSAN_SANITIZE_ALL
200,USB_EHCI_PCI
201,WEXT_CORE
202,CHR_DEV_SCH
203,STM_SOURCE_CONSOLE
204,INET
205,SBITMAP
206,VIDEO_M52790
207,SND_HDA_CORE
208,MELLANOX_PLATFORM
209,DRM_TDFX
210,RAID_ATTRS
211,PROVE_LOCKING
212,MTD_REDBOOT_PARTS_UNALLOCATED
213,BT_HCIVHCI
214,NVME_MULTIPATH
215,SND_SOC_RT5677
216,BT_HCIUART_LL
217,RAW_DRIVER
218,DP83TC811_PHY
219,CEPH_LIB_PRETTYDEBUG
220,VHOST_IOTLB
221,MFD_DA9062
222,FB_MATROX
223,USB_SERIAL_MOS7720
224,SND_SOC_MAX98090
225,UIO
226,W1_SLAVE_DS2431
227,KCOV_INSTRUMENT_ALL
228,MEDIA_TUNER_TDA18212
229,SATA_SIL
230,VIDEO_CX25840
231,AF_KCM
232,TOUCHSCREEN_SILEAD
233,MOUSE_PS2_LOGIPS2PP
234,MOST_DIM2
235,XPS
236,BMI160
237,SND_USB_HIFACE
238,USB_SERIAL_SPCP8X5
239,SOCK_CGROUP_DATA
240,SND_SOC_SIRF_AUDIO_CODEC
241,MDIO_MSCC_MIIM
242,SMC
243,DRM_I915
244,UFS_DEBUG
245,DST_CACHE
246,IPV6_ILA
247,VIDEO_OV5645
248,ARCNET_RAW
249,DRM_GEM_SHMEM_HELPER
250,SND_X86
251,DRM_CHRONTEL_CH7033
252,UIO_CIF
253,USB_SISUSBVGA_CON
254,SCSI
255,ATA_BMDMA
256,DRM_DW_HDMI_I2S_AUDIO
257,SND_SOC_AMD_CZ_RT5645_MACH
258,SENSORS_AMC6821
259,HAVE_NET_DSA
260,FB_3DFX_ACCEL
261,TEST_OBJAGG
262,TRACER_MAX_TRACE
263,EXPERT
264,INET_TUNNEL
265,XFS_FS
266,INTEL_PCH_THERMAL
267,HFS_FS
268,SND_SOC_CS42XX8
269,SCSI_CXGB3_ISCSI
270,I2C_MUX_LTC4306
271,QEDF
272,EDAC_SKX
273,CRYPTO_LZO
274,DMI_SYSFS
275,VIDEO_TC358743
276,SND_SOC_TLV320AIC32X4
277,TOUCHSCREEN_USB_IDEALTEK
278,MPL115
279,INFINIBAND_MTHCA
280,FAILOVER
281,GREYBUS_GPIO
282,9P_FS
283,DRM_VMWGFX
284,IR_PWM_TX
285,PSTORE_LZ4_COMPRESS
286,BPF
287,SCSI_QLOGIC_1280
288,OPENVSWITCH
289,SND_SOC_CQ0093VC
290,BLK_DEV_IDETAPE
291,CAN_8DEV_USB
292,SCSI_ISCI
293,IR_REDRAT3
294,NFT_REJECT
295,GPIO_LP873X
296,PINCTRL_STM32
297,HID_GREENASIA
298,NVME_TARGET
299,ACPI_VIDEO
300,ATA_FORCE
301,CFG80211_DEVELOPER_WARNINGS
302,MLX4_DEBUG
303,DRM_SCHED
304,SND_SOC_IMG_PISTACHIO_INTERNAL_DAC
305,STM_SOURCE_FTRACE
306,SCSI_MPT3SAS
307,IIO_ST_MAGN_SPI_3AXIS
308,DVB_CXD2841ER
309,SND_SOC_TAS5720
310,CAN_C_CAN
311,INTEL_IDXD
312,USB_STORAGE_JUMPSHOT
313,NLS_CODEPAGE_437
314,NETDEV_NOTIFIER_ERROR_INJECT
315,EROFS_FS_ZIP
316,LAPB
317,PROC_VMCORE
318,ISL29501
319,SND_SOC_FSL_AUDMIX
320,JOYSTICK_PXRC
321,DRM_PANEL_TRULY_NT35597_WQXGA
322,AL3320A
323,TINYDRM_ILI9341
324,DRM_MIPI_DSI
325,AD7606_IFACE_PARALLEL
326,KALLSYMS_ABSOLUTE_PERCPU
327,PHYLIB
328,MXC4005
329,I82092
330,NETWORK_SECMARK
331,BACKLIGHT_TPS65217
332,USB_STORAGE
333,INTEL_MEI
334,PARIDE_DSTR
335,EROFS_FS
336,DRM_KOMEDA
337,FB_BROADSHEET
338,NLS_CODEPAGE_950
339,ISDN_CAPI
340,USB_EHCI_MXC
341,SLUB_MEMCG_SYSFS_ON
342,AMD_NB
343,INFINIBAND_ISER
344,KS8851_MLL
345,BLK_SED_OPAL
346,RTC_DRV_PCF8583
347,EXT4_KUNIT_TESTS
348,VIDEOBUF_GEN
349,IP_MULTIPLE_TABLES
350,DCB
351,USB_APPLEDISPLAY
352,DVB_USB_DIBUSB_MC
353,NETFILTER_XT_MATCH_SCTP
354,CAN_GRCAN
355,USB_GSPCA_SPCA501
356,L2TP
357,NVME_TARGET_LOOP
358,PANEL_CHANGE_MESSAGE
359,SND_SOC_FSL_EASRC
360,OCFS2_FS
361,SYSV_FS
362,CPUMASK_OFFSTACK
363,TOUCHSCREEN_HIDEEP
364,INTEL_MID_POWER_BUTTON
365,BLK_DEV_NS87415
366,FB_RADEON
367,NET_CLS_FW
368,I2C_MUX_PINCTRL
369,NET_IFE_SKBPRIO
370,EVENT_TRACING
371,INTEL_MEI_ME
372,RTC_DRV_WM831X
373,IOMMU_API
374,SND_SOC_AK5558
375,SENSORS_STTS751
376,SPI_PXA2XX
377,MTD_CFI_INTELEXT
378,SENSORS_F75375S
379,INET_ESP_OFFLOAD
380,INPUT_POWERMATE
381,DVB_STV0900
382,CPU_RMAP
383,REGULATOR_88PM800
384,MDIO_BCM_UNIMAC
385,PWM_FSL_FTM
386,FAT_FS
387,SENSORS_ATXP1
388,FB_CMDLINE
389,EEPROM_IDT_89HPESX
390,SYSFS
391,STACKDEPOT
392,SPI_XCOMM
393,IP_VS_PROTO_AH
394,INTEL_TURBO_MAX_3
395,VIDEO_CX25821
396,SERIAL_FSL_LINFLEXUART
397,NET_9P
398,RDS
399,JOYSTICK_COBRA
400,I2C_ALGOPCF
401,NET_ACT_CTINFO
402,DA9062_WATCHDOG
403,ATH9K
404,EDAC_E752X
405,DVB_ISL6421
406,NETFILTER_XT_MATCH_RATEEST
407,INPUT_TWL4030_VIBRA
408,DVB_TDA665x
409,NET_DROP_MONITOR
410,BTRFS_FS
411,F2FS_FS_LZ4
412,EDAC_I7300
413,POWER_RESET_RESTART
414,UBSAN_TRAP
415,VHOST_NET
416,SENSORS_G760A
417,USB_SL811_HCD
418,SCSI_SAS_ATTRS
419,6LOWPAN_GHC_UDP
420,LEDS_LP55XX_COMMON
421,COMPAL_LAPTOP
422,MAXSMP
423,MTD_L440GX
424,DVB_TUNER_DIB0070
425,OF_NET
426,GPIO_ACPI
427,NET_IFE
428,SCSI_ESAS2R
429,SND_SOC_ADAU_UTILS
430,NET_IFE_SKBTCINDEX
431,DAVICOM_PHY
432,SLAB_FREELIST_RANDOM
433,INTEL_PUNIT_IPC
434,DRM_PANEL_RAYDIUM_RM68200
435,SND_HDA_INTEL
436,NLS_ISO8859_13
437,HID_BELKIN
438,DEBUG_RWSEMS
439,ISCSI_IBFT_FIND
440,PINCTRL_MTK_V2
441,SCSI_SAS_LIBSAS
442,SND_DESIGNWARE_I2S
443,LWTUNNEL
444,SND_SOC_WM8804
445,GPIO_GENERIC_PLATFORM
446,RANDOM_TRUST_CPU
447,BLK_MQ_RDMA
448,MOST_I2C
449,I2C_TINY_USB
450,MDIO_DEVICE
451,MT76x0U
452,CIFS_XATTR
453,W1_SLAVE_DS28E04
454,JOLIET
455,NET_SCH_ETS
456,NET_SCH_CHOKE
457,USB
458,SND_SOC_RT5660
459,NET_SB1000
460,IR_TTUSBIR
461,DRM_ANALOGIX_ANX6345
462,MSM_GCC_8998
463,DVB_SMIPCIE
464,DVB_TDA826X
465,NET_VENDOR_CHELSIO
466,ACPI_BUTTON
467,SND_SOC_RT5682_I2C
468,NET_CLS_BASIC
469,LIBERTAS_THINFIRM_USB
470,CCS811
471,SENSORS_WM8350
472,ACPI_HOTPLUG_CPU
473,NET_VENDOR_BROCADE
474,ATM_BR2684_IPFILTER
475,MICROCHIP_PHY
476,BT_HCIBCM203X
477,IPV6_SIT_6RD
478,BACKLIGHT_APPLE
479,BATMAN_ADV_BATMAN_V
480,IKHEADERS
481,ACPI_PCI_SLOT
482,SCHED_AUTOGROUP
483,PHY_UNIPHIER_USB3
484,RTL8723_COMMON
485,PCI_PF_STUB
486,TEST_UDELAY
487,BT_SELFTEST_SMP
488,USB_EHCI_HCD_NPCM7XX
489,INPUT_FF_MEMLESS
490,REGULATOR_RT5033
491,SND_SOC_ARIZONA
492,I2C_MUX_GPMUX
493,SND_SOC_ADAU1761_I2C
494,SOFT_WATCHDOG
495,IRQ_BYPASS_MANAGER
496,BATTERY_SBS
497,SND_SOC_CS4271
498,INFINIBAND_USER_ACCESS
499,LEDS_MAX8997
500,KEYBOARD_MCS
501,EFI_EARLYCON
502,RTC_DRV_RK808
503,MTD_HYPERBUS
504,BRIDGE_EBT_ARPREPLY
505,USB_G_ACM_MS
506,VIDEO_TW9910
507,IMA_MEASURE_ASYMMETRIC_KEYS
508,SCSI_NETLINK
509,EEEPC_LAPTOP
510,SCSI_WD719X
511,MEN_A21_WDT
512,SND_SOC_XILINX_I2S
513,LEDS_WM831X_STATUS
514,BLK_DEV_SIIMAGE
515,ATH10K_PCI
516,ACPI_CMPC
517,ACPI_HOTPLUG_IOAPIC
518,SENSORS_ADM1177
519,PARIDE_FIT3
520,SWPHY
521,DRM_PANEL_RAYDIUM_RM67191
522,USB_G_DBGP
523,VIDEO_TVEEPROM
524,SND_SOC_WM8737
525,FB_TFT_HX8357D
526,BATTERY_ACT8945A
527,DVB_DRX39XYJ
528,NUMA_KEEP_MEMINFO
529,COMMON_CLK_SI570
530,MEDIA_TUNER_TDA18271
531,NET_VENDOR_DLINK
532,DRM_PANEL_SONY_ACX565AKM
533,MEDIA_TUNER_XC5000
534,RTC_DRV_WILCO_EC
535,CRYPTO_CAST5
536,XFRM_ESP
537,INV_MPU6050_I2C
538,DRM_LVDS_CODEC
539,PINCTRL_INTEL
540,CHELSIO_T3
541,9P_FSCACHE
542,SENSORS_TMP421
543,TABLET_USB_AIPTEK
544,PINCTRL_MTK_MOORE
545,VIDEO_LM3560
546,SND_SOC_WM8994
547,CAN_HI311X
548,USB_NET_SMSC95XX
549,SND_HDA_EXT_CORE
550,USB_LAN78XX
551,TOPSTAR_LAPTOP
552,USB_SNP_CORE
553,UNIX98_PTYS
554,KUNIT_ALL_TESTS
555,RFD_FTL
556,6LOWPAN_DEBUGFS
557,DVB_USB_GP8PSK
558,SYSFS_DEPRECATED_V2
559,MAX44009
560,DVB_STV6110x
561,DMABUF_HEAPS_CMA
562,DVB_VES1820
563,ACPI_CONTAINER
564,SENSORS_LTC2945
565,REGULATOR_STM32_PWR
566,CEC_CORE
567,VIDEO_TUNER
568,DRM_I2C_ADV7511
569,SENSORS_XGENE
570,FB_TFT_TINYLCD
571,NETFILTER_XT_MATCH_STATISTIC
572,V4L_MEM2MEM_DRIVERS
573,CRYPTO_CTS
574,AMD_NUMA
575,ABP060MG
576,XFS_QUOTA
577,SFC_SRIOV
578,FB_TFT_ILI9481
579,DVB_NXT200X
580,PHY_ROCKCHIP_TYPEC
581,ARCH_USE_MEMREMAP_PROT
582,SENSORS_APDS990X
583,ARMADA375_USBCLUSTER_PHY
584,AD7124
585,MTD_DOCG3
586,VIDEO_CX88
587,LG_LAPTOP
588,USB_DWC3_ULPI
589,MEMTEST
590,BLK_DEV_SD
591,ZISOFS
592,IAVF
593,USB_SERIAL_CYBERJACK
594,I2C_XLP9XX
595,AC97_BUS
596,DVB_AV7110_IR
597,SENSORS_G762
598,ADF4371
599,HT16K33
600,F2FS_CHECK_FS
601,NLS_ISO8859_6
602,COMMON_CLK_BD718XX
603,VIRTIO_BALLOON
604,USB_F_OBEX
605,CX_ECAT
606,UFS_FS
607,V4L2_FWNODE
608,PINCTRL_MSM
609,SENSORS_INA3221
610,BTRFS_FS_RUN_SANITY_TESTS
611,DEBUG_MUTEXES
612,DYNAMIC_DEBUG_CORE
613,SKB_EXTENSIONS
614,CFG80211
615,LOCK_EVENT_COUNTS
616,DVB_EC100
617,MEDIA_TUNER
618,SERIAL_8250_DETECT_IRQ
619,INPUT
620,SND_SOC_QCOM
621,COMMON_CLK_SI5351
622,PATA_RZ1000
623,NF_TABLES_NETDEV
624,NVDIMM_KEYS
625,DRM_PANEL_ILITEK_IL9322
626,LEDS_BCM6328
627,NFT_XFRM
628,USB_PRINTER
629,TYPEC_TCPCI
630,IMA_LSM_RULES
631,TCP_CONG_SCALABLE
632,REGMAP_SLIMBUS
633,DRM_DEBUG_MM
634,NFS_V2
635,DRM_VIRTIO_GPU
636,VIDEO_CODA
637,BLK_DEV_BSGLIB
638,TMD_HERMES
639,NET_DSA_TAG_AR9331
640,TRACE_IRQFLAGS
641,NET_SCH_TEQL
642,COMMON_CLK_MEDIATEK
643,PCIE_INTEL_GW
644,NLS_ISO8859_2
645,DS1803
646,SND_PCM_XRUN_DEBUG
647,SND_AD1889
648,SENSORS_MAX1111
649,AD7150
650,WEXT_PROC
651,RELAY
652,VIDEO_MEYE
653,FXOS8700
654,MDIO_IPQ8064
655,SND_SOC_CS4341
656,SC_GCC_7180
657,SENSORS_VT8231
658,FB_OMAP2_CONNECTOR_HDMI
659,SCSI_DPT_I2O
660,GPIO_PCIE_IDIO_24
661,SND_SOC_SGTL5000
662,LEDS_TRIGGER_BACKLIGHT
663,DEBUG_RODATA_TEST
664,VIDEO_ATOMISP_GC2235
665,NET_SCH_PRIO
666,SND_SOC_ADAU7002
667,HID_WACOM
668,SND_SOC_IMX_PCM_DMA
669,LEDS_CLEVO_MAIL
670,FS_DAX
671,HP_ACCEL
672,COMMON_CLK_SI514
673,SND_SOC_MIKROE_PROTO
674,IIO_KFIFO_BUF
675,SERIAL_ARC
676,SND_SUN8I_ADDA_PR_REGMAP
677,DELL_LAPTOP
678,USB_C67X00_HCD
679,PCI200SYN
680,BATTERY_RT5033
681,GPIO_KEMPLD
682,CRYPTO_DES3_EDE_X86_64
683,SND_SOC_TOPOLOGY
684,SENSORS_MAX16065
685,DEBUG_KMEMLEAK
686,DVB_MB86A20S
687,REGULATOR_MAX77686
688,NLS_ISO8859_3
689,CPU_IDLE
690,INPUT_POLLDEV
691,PM_GENERIC_DOMAINS_OF
692,MEDIA_TUNER_MT2063
693,SUN50I_H6_R_CCU
694,VFAT_FS
695,SIMPLE_PM_BUS
696,XFRM_USER
697,HID_MONTEREY
698,USB_DUMMY_HCD
699,REGULATOR_TPS65910
700,IIO_HRTIMER_TRIGGER
701,EEEPC_WMI
702,NETFILTER_FAMILY_ARP
703,IPV6_TUNNEL
704,PARIDE_ATEN
705,COMEDI_AMPLC_PCI230
706,USB_SL811_HCD_ISO
707,IO_URING
708,ISCSI_IBFT
709,TI_ADS8688
710,SCSI_PROC_FS
711,CAIF_NETDEV
712,SENSORS_LTC3815
713,SND_SOC_STI_SAS
714,MTD_OF_PARTS
715,USB_GSPCA_FINEPIX
716,TOUCHSCREEN_ELAN
717,W1
718,XFS_ONLINE_SCRUB
719,PCIE_ROCKCHIP
720,PCI_LABEL
721,SND_SOC_TAS2562
722,SERIAL_8250_SHARE_IRQ
723,SENSORS_TMP102
724,POSIX_MQUEUE
725,ACPI_AC
726,CRYPTO_842
727,INTEL_SOC_PMIC_MRFLD
728,TSL2772
729,DEBUG_FORCE_WEAK_PER_CPU
730,VIDEO_OV8856
731,OF_IOMMU
732,BE2NET_LANCER
733,QNX4FS_FS
734,SUN50I_A64_CCU
735,AD5593R
736,VIRTIO_VSOCKETS_COMMON
737,HID_SENSOR_CUSTOM_SENSOR
738,RTC_DRV_RP5C01
739,DRM_PANEL_TPO_TPG110
740,TABLET_USB_KBTAB
741,DVB_USB_ZD1301
742,NETFILTER_XTABLES
743,LEDS_MT6323
744,NET_ACT_GACT
745,HID_SENSOR_PRESS
746,PRINTK
747,HID
748,NET_PTP_CLASSIFY
749,SENSORS_MAX6697
750,PPDEV
751,FW_CFG_SYSFS
752,SENSORS_NCT6683
753,GPIO_TPS65086
754,TI_DAC7612
755,VIDEO_TW9906
756,WLCORE_SDIO
757,SND_HDA_COMPONENT
758,VIDEO_MT9M001
759,BACKTRACE_SELF_TEST
760,CEPH_LIB_USE_DNS_RESOLVER
761,ICPLUS_PHY
762,CRYPTO_SHA3
763,TCP_MD5SIG
764,DVB_RTL2832
765,GPD_POCKET_FAN
766,PM_SLEEP_SMP
767,VIDEO_VPX3220
768,BLK_DEV_THROTTLING
769,APDS9960
770,BCMGENET
771,NET_VENDOR_CADENCE
772,VMWARE_BALLOON
773,MTD_PSTORE
774,WIL6210
775,SND_SOC_ES8328_SPI
776,FONT_8x8
777,APPLICOM
778,ADVISE_SYSCALLS
779,VIDEO_SAA711X
780,BLK_DEV_PIIX
781,RTC_DRV_MAX8907
782,MTD_PHRAM
783,SENSORS_ADM1021
784,IIO_SSP_SENSORHUB
785,X86_PM_TIMER
786,IP_PNP_RARP
787,VIDEO_VS6624
788,BT_QCA
789,SND_SOC_WM1250_EV1
790,F2FS_IO_TRACE
791,DVB_DIB7000P
792,BLK_DEV_IDEACPI
793,CRAMFS_BLOCKDEV
794,PARAVIRT_DEBUG
795,PHY_BERLIN_SATA
796,NO_HZ_COMMON
797,SYSV68_PARTITION
798,BLK_DEV_SLC90E66
799,AHCI_QORIQ
800,DRM_XEN_FRONTEND
801,XILINX_SDFEC
802,KUNIT_TEST
803,FB_TFT_S6D02A1
804,IIO_ADIS_LIB_BUFFER
805,SCSI_DMA
806,VIDEO_KS0127
807,CAN_PLX_PCI
808,UIO_PCI_GENERIC
809,SCSI_IPR_DUMP
810,NFT_REJECT_IPV6
811,TYPEC_TPS6598X
812,DVB_TDA10071
813,DEBUG_HOTPLUG_CPU0
814,PCC
815,LEDS_LM3601X
816,HID_PICOLCD_BACKLIGHT
817,LPC18XX_ADC
818,USB_MUSB_DUAL_ROLE
819,ACQUIRE_WDT
820,INTEL_ATOMISP2_PM
821,KALLSYMS_ALL
822,SND_SOC_AK4642
823,ASSOCIATIVE_ARRAY
824,SENSORS_MLXREG_FAN
825,VIDEOBUF2_DMA_SG
826,DMIID
827,GENWQE
828,I2C_ALGOBIT
829,SND_PCM_ELD
830,GPIO_MOXTET
831,DRM_IMX
832,USB_AMD5536UDC
833,HFSPLUS_FS
834,6LOWPAN_NHC_DEST
835,B43_PHY_HT
836,USB_SERIAL_VISOR
837,USB_CONN_GPIO
838,DRM_PANEL_ORIENTATION_QUIRKS
839,CRYPTO_AEGIS128_AESNI_SSE2
840,DM_DEBUG_BLOCK_MANAGER_LOCKING
841,TIFM_CORE
842,XEN_EFI
843,INFTL
844,LLC2
845,X86_INTEL_TSX_MODE_OFF
846,VIDEOBUF2_MEMOPS
847,CROS_EC_I2C
848,MMC_SDHCI_IO_ACCESSORS
849,MOUSE_PS2_FOCALTECH
850,SPI_NXP_FLEXSPI
851,CRYPTO_ANUBIS
852,GFS2_FS
853,IP_VS_DEBUG
854,USB_ANNOUNCE_NEW_DEVICES
855,CGROUP_NET_CLASSID
856,IBM_ASM
857,DVB_USB_DEBUG
858,COMEDI_DT282X
859,USB_MUSB_DSPS
860,PHY_MTK_TPHY
861,BLK_DEV_SX8
862,WLAN_VENDOR_BROADCOM
863,6LOWPAN_NHC_ROUTING
864,SCHED_MC
865,I2C_MUX_REG
866,SND_SOC_WM8510
867,SERIAL_CORE_CONSOLE
868,VIDEO_XILINX
869,SERIAL_HS_LPC32XX
870,SERIAL_FSL_LPUART
871,PHANTOM
872,ZONEFS_FS
873,SND_SOC_LOCHNAGAR_SC
874,AMD8111_ETH
875,CRYPTO_DRBG_HASH
876,CPU_FREQ_DEFAULT_GOV_SCHEDUTIL
877,KMX61
878,QUOTA_DEBUG
879,NILFS2_FS
880,EARLY_PRINTK_USB
881,IOSF_MBI
882,TEST_STRSCPY
883,FPGA_DFL
884,MTD_BLOCK2MTD
885,MEDIA_TUNER_TEA5761
886,RANDOM32_SELFTEST
887,HMS_PROFINET
888,NET_NSH
889,MCP3422
890,GREYBUS_AUDIO
891,DRM_NWL_MIPI_DSI
892,REGULATOR_LP8788
893,USB_NET2272
894,SYSTEM_EXTRA_CERTIFICATE
895,TMPFS_POSIX_ACL
896,RADIO_WL1273
897,RTC_DRV_RS5C372
898,FAIL_IO_TIMEOUT
899,NET_CLS_RSVP6
900,STMP_DEVICE
901,SND_SOC_RT5682_SDW
902,PCSPKR_PLATFORM
903,USB_G_SERIAL
904,MISC_RTSX_PCI
905,USB_CYTHERM
906,MCP41010
907,NET_SCH_HTB
908,VIDEO_ATOMISP_OV2722
909,IP_SET_HASH_NET
910,AMD_MEM_ENCRYPT_ACTIVE_BY_DEFAULT
911,LIBCRC32C
912,I2C
913,DRM_PANEL_LG_LB035Q02
914,SND_SOC_WM8903
915,DVB_TDA8083
916,DRM_TI_TPD12S015
917,ARCH_RANDOM
918,SERIAL_SPRD_CONSOLE
919,VIDEO_MEDIATEK_JPEG
920,SENSORS_MAX16064
921,FB_MATROX_MYSTIQUE
922,SND_MESON_CARD_UTILS
923,INPUT_RK805_PWRKEY
924,SYSTEM_DATA_VERIFICATION
925,SND_SOC_PCM1789_I2C
926,USB_ULPI_BUS
927,DVB_ZL10353
928,PNPACPI
929,I2C_I801
930,SND_SOC_RT5682
931,USB_STORAGE_ENE_UB6250
932,GPIO_104_IDI_48
933,SND_MESON_G12A_TOHDMITX
934,XFRM_MIGRATE
935,HID_SENSOR_HUB
936,USB_ATM
937,HID_GENERIC
938,IRQ_POLL
939,TWL4030_WATCHDOG
940,MIC_COSM
941,PCIE_CADENCE
942,NET_SCH_PIE
943,NOZOMI
944,NET_RX_BUSY_POLL
945,XEN_ACPI
946,MLX4_INFINIBAND
947,MTD_PHYSMAP_GPIO_ADDR
948,NOP_USB_XCEIV
949,TOUCHSCREEN_EXC3000
950,LTR501
951,CAVIUM_PTP
952,INPUT_SPARSEKMAP
953,USBIP_VHCI_HCD
954,F2FS_FS
955,LOCK_STAT
956,PARPORT_PC
957,USB_NET_CDC_MBIM
958,BT_HCIUART
959,INFINIBAND_I40IW
960,ATH10K_CE
961,PINCTRL_SAMSUNG
962,FB_VIA
963,SENSORS_DME1737
964,DRM_PANEL_TPO_TD043MTEA1
965,BATMAN_ADV
966,MEDIA_TUNER_SIMPLE
967,GCC_PLUGIN_STRUCTLEAK
968,SERIAL_MXS_AUART_CONSOLE
969,FB_TILEBLITTING
970,CRYPTO_USER_API_HASH
971,HID_ASUS
972,GENERIC_MSI_IRQ
973,SSB_SPROM
974,IP_VS_LBLCR
975,SND_SOC_CROS_EC_CODEC
976,DYNAMIC_FTRACE_WITH_REGS
977,LEDS_PCA963X
978,ROMFS_BACKED_BY_BLOCK
979,DVB_STV0910
980,PM_GENERIC_DOMAINS_SLEEP
981,REGULATOR_AXP20X
982,FS_ENCRYPTION_ALGS
983,USB_XHCI_DBGCAP
984,ATH10K
985,INTEL_SOC_DTS_IOSF_CORE
986,FB_RIVA_DEBUG
987,HID_THRUSTMASTER
988,RTC_DRV_DS1305
989,GPIO_SODAVILLE
990,RTC_DRV_M41T94
991,SAMPLE_HIDRAW
992,SPI_OC_TINY
993,ENCLOSURE_SERVICES
994,USB_F_ACM
995,NFC_S3FWRN5
996,BLK_DEV_LOOP
997,CPU_FREQ_THERMAL
998,HID_COUGAR
999,VIDEO_APTINA_PLL
1000,VBOXSF_FS
1001,EVM_EXTRA_SMACK_XATTRS
1002,PSTORE_FTRACE
1003,INPUT_KEYSPAN_REMOTE
1004,REGULATOR_DA9062
1005,SERIAL_ATMEL_TTYAT
1006,INTEL_MIC_BUS
1007,USB_PCI
1008,USB_G_HID
1009,NFS_V4_2
1010,MMC_MESON_MX_SDHC
1011,USB_NET_DRIVERS
1012,MFD_TQMX86
1013,DVB_M88RS2000
1014,AD9832
1015,COMEDI_II_PCI20KC
1016,HYPERV
1017,SQUASHFS_LZ4
1018,SND_SOC_RT5631
1019,USB_HCD_TEST_MODE
1020,TYPEC_MUX_PI3USB30532
1021,PRINTK_CALLER
1022,TINYDRM_ST7586
1023,BLK_DEV_NBD
1024,CACHEFILES_HISTOGRAM
1025,FW_LOADER_USER_HELPER_FALLBACK
1026,VGASTATE
1027,INPUT_CM109
1028,DVB_LNBP21
1029,TCP_CONG_CDG
1030,USB_RAW_GADGET
1031,NF_CONNTRACK_BROADCAST
1032,GLOB
1033,NET_SCH_DEFAULT
1034,BNXT_HWMON
1035,FB_SIS
1036,AB3100_CORE
1037,HID_ACCUTOUCH
1038,CROSS_MEMORY_ATTACH
1039,SATA_HOST
1040,SND_SOC_MAX98927
1041,NET_CLS_BPF
1042,SENSORS_LM80
1043,NETFILTER_NETLINK_ACCT
1044,XFS_ASSERT_FATAL
1045,QRTR_MHI
1046,LCD_LMS283GF05
1047,SND_SOC_PCM512x_I2C
1048,LIBIPW_DEBUG
1049,USB_ACM
1050,MAX5481
1051,DVB_CORE
1052,SIS900
1053,SQUASHFS_4K_DEVBLK_SIZE
1054,IPV6_SIT
1055,PINCTRL_EQUILIBRIUM
1056,VT
1057,CPU_IDLE_GOV_LADDER
1058,MTD_SPI_NOR_USE_4K_SECTORS
1059,SND_SOC_MAX98373
1060,TASKS_RCU
1061,MFD_INTEL_MSIC
1062,ION_CMA_HEAP
1063,DRM_NXP_PTN3460
1064,MLXREG_HOTPLUG
1065,MEDIA_CONTROLLER
1066,EFI_PARTITION
1067,CHARLCD
1068,SYNTH_EVENT_GEN_TEST
1069,EXT3_FS_SECURITY
1070,IP6_NF_MATCH_IPV6HEADER
1071,TCP_CONG_ILLINOIS
1072,KEXEC
1073,SND_SUN4I_CODEC
1074,TEST_MEMINIT
1075,TOUCHSCREEN_IQS5XX
1076,EXTCON_QCOM_SPMI_MISC
1077,FRAME_VECTOR
1078,SND_SOC_WM8776
1079,SPI_ROCKCHIP
1080,DEBUG_TEST_DRIVER_REMOVE
1081,SECURITY_APPARMOR_DEBUG_MESSAGES
1082,CAN_FLEXCAN
1083,KPROBE_EVENTS_ON_NOTRACE
1084,CROS_EC_SENSORHUB
1085,GNSS
1086,AQUANTIA_PHY
1087,ION
1088,NVMEM_SYSFS
1089,FB_S3C_DEBUG_REGWRITE
1090,IPV6_FOU
1091,BT_HCIUART_RTL
1092,SERIAL_8250_MEN_MCB
1093,PCI_IOV
1094,HIST_TRIGGERS_DEBUG
1095,SENSORS_AD7418
1096,WM831X_BACKUP
1097,CYZ_INTR
1098,6LOWPAN_NHC_IPV6
1099,SLUB_CPU_PARTIAL
1100,BATTERY_DA9052
1101,SND_SOC_WM8998
1102,HEADERS_INSTALL
1103,PINCTRL_LEWISBURG
1104,DRM_I915_DEBUG_GUC
1105,ZX_TDM
1106,MTD_NAND_ECC_SW_HAMMING_SMC
1107,TOUCHSCREEN_CYTTSP4_I2C
1108,AFE4403
1109,X86_VSMP
1110,DRM_I915_DEBUG_MMIO
1111,VIDEO_OV5695
1112,EARLY_PRINTK_USB_XDBC
1113,IIO_MS_SENSORS_I2C
1114,ADIS16209
1115,TOUCHSCREEN_USB_ITM
1116,MFD_CROS_EC_DEV
1117,DVB_AF9013
1118,ATM_ZATM
1119,RD_GZIP
1120,IIO_ADIS_LIB
1121,NET_NS
1122,MTD_BLKDEVS
1123,DRM_SIL_SII8620
1124,OVERLAY_FS_REDIRECT_DIR
1125,DRM_PANEL_XINPENG_XPP055C272
1126,SECURITY_TOMOYO_OMIT_USERSPACE_LOADER
1127,AD_SIGMA_DELTA
1128,CRYPTO_LIB_CHACHA20POLY1305
1129,NET_VENDOR_PACKET_ENGINES
1130,MFD_TPS65217
1131,ACPI_EC_DEBUGFS
1132,USB_ZERO
1133,CFS_BANDWIDTH
1134,DEVFREQ_EVENT_EXYNOS_PPMU
1135,SENSORS_LM70
1136,CHARGER_BQ25890
1137,MMC_REALTEK_USB
1138,MAC80211_MESSAGE_TRACING
1139,SPI_ZYNQMP_GQSPI
1140,GPIO_AMDPT
1141,FTL
1142,OCFS2_FS_O2CB
1143,MICROCODE_AMD
1144,IPMI_DMI_DECODE
1145,BLK_DEV_CS5520
1146,PINCTRL_BAYTRAIL
1147,IGB
1148,PARIDE
1149,NOA1305
1150,ATH5K
1151,CRYPTO_DEV_ATMEL_SHA204A
1152,USB_SUPPORT
1153,PCI_HYPERV
1154,PATA_WINBOND
1155,IDE_GENERIC
1156,SND_SOC_RT700
1157,LEDS_LM3530
1158,DEVFREQ_THERMAL
1159,CDNS_I3C_MASTER
1160,MFD_ARIZONA
1161,MMC_SDHCI_PXAV3
1162,WIRELESS
1163,RTC_DRV_PALMAS
1164,RTC_DRV_S5M
1165,NETFILTER_FAMILY_BRIDGE
1166,MMC_BLOCK
1167,ISA_BUS
1168,BATTERY_DA9150
1169,KEYBOARD_TC3589X
1170,FXOS8700_SPI
1171,DVB_AS102_FE
1172,MAX9611
1173,INFINIBAND
1174,IP_DCCP
1175,HDMI
1176,IDLE_INJECT
1177,SENSORS_GL520SM
1178,UBIFS_FS
1179,PCI_MESON
1180,BATTERY_LEGO_EV3
1181,USB_GOKU
1182,MEDIA_TUNER_FC0013
1183,DVB_CXD2880
1184,USB_GPIO_VBUS
1185,I2C_ALGOPCA
1186,ATA_VERBOSE_ERROR
1187,REGULATOR_TPS65086
1188,VIRTIO_NET
1189,SENSORS_W83795
1190,USB_HACKRF
1191,GPIO_MADERA
1192,ALTERA_PR_IP_CORE_PLAT
1193,VMAP_STACK
1194,RADIO_TEA575X
1195,DRM_PANEL_PANASONIC_VVX10F034N00
1196,INLINE_SPIN_UNLOCK_IRQ
1197,DRM_PANEL_BOE_TV101WUM_NL6
1198,SND_JACK_INPUT_DEV
1199,XEN_GRANT_DMA_ALLOC
1200,NL80211_TESTMODE
1201,SCSI_PM8001
1202,QCOM_GDSC
1203,USB_OHCI_HCD_SSB
1204,VIRTIO_PMEM
1205,ACPI_HOTPLUG_MEMORY
1206,ADIS16400
1207,VL6180
1208,HID_SENSOR_INCLINOMETER_3D
1209,SYSTEM76_ACPI
1210,COMMON_CLK_MT6765_GCESYS
1211,FB_RIVA_BACKLIGHT
1212,CRYPTO_OFB
1213,AD5592R
1214,DEBUG_BLOCK_EXT_DEVT
1215,HSU_DMA_PCI
1216,HWPOISON_INJECT
1217,AD7606_IFACE_SPI
1218,INET6_TUNNEL
1219,EXTCON_SM5502
1220,NFC_SIM
1221,EXTCON_INTEL_INT3496
1222,USB_U_SERIAL
1223,AXP288_CHARGER
1224,XEN_SCRUB_PAGES_DEFAULT
1225,VCNL4000
1226,GAMEPORT
1227,USB_STORAGE_USBAT
1228,PADATA
1229,PWRSEQ_SIMPLE
1230,MOUSE_ELAN_I2C
1231,CMA_DEBUG
1232,MEGARAID_NEWGEN
1233,MODULE_SIG_FORCE
1234,ANDROID_BINDER_IPC
1235,SYNCLINK_CS
1236,BATTERY_BQ27XXX_DT_UPDATES_NVM
1237,NET_VENDOR_QLOGIC
1238,MEDIA_TUNER_XC4000
1239,LEDS_CLASS
1240,TOUCHSCREEN_CY8CTMA140
1241,USB_RTL8150
1242,RESET_HISI
1243,MOST_NET
1244,CRYPTO_SM3
1245,PINCTRL_STMFX
1246,DVB_BT8XX
1247,ARCNET_1201
1248,HID_MCP2221
1249,NFC_MICROREAD
1250,USB_HID
1251,SND_SOC_SOF_BROADWELL_SUPPORT
1252,SENSORS_ADM9240
1253,LIBFDT
1254,BATTERY_DS2780
1255,PPP_BSDCOMP
1256,MTD_RAW_NAND
1257,OMAP_CONTROL_PHY
1258,ASYNC_TX_DMA
1259,REGULATOR_S5M8767
1260,ACORN_PARTITION_EESOX
1261,PCI_ECAM
1262,DVB_USB_ANYSEE
1263,USB_HSIC_USB4604
1264,YAM
1265,REGULATOR_FIXED_VOLTAGE
1266,AGP_AMD64
1267,CRYPTO_DES
1268,EXT2_FS
1269,I2C_AMD756
1270,XEN_ACPI_PROCESSOR
1271,HAVE_SCHED_AVG_IRQ
1272,DVB_CX24116
1273,TCG_TIS_ST33ZP24_SPI
1274,NVMEM
1275,LEDS_SYSCON
1276,USB_OHCI_HCD_SPEAR
1277,QCOM_FASTRPC
1278,DM_BIO_PRISON
1279,W1_SLAVE_THERM
1280,DVB_ATBM8830
1281,TCP_CONG_HYBLA
1282,Z3FOLD
1283,REGULATOR_TPS65217
1284,ATARI_PARTITION
1285,DVB_TDA10021
1286,CRYPTO_BLAKE2S_X86
1287,DPS310
1288,EFI_PGT_DUMP
1289,NETFILTER_XT_MATCH_TCPMSS
1290,TOUCHSCREEN_WM9712
1291,IDE
1292,CHR_DEV_SG
1293,TOUCHSCREEN_DYNAPRO
1294,USB_NET2280
1295,SND_SEQ_MIDI_EMUL
1296,TEST_HMM
1297,SPMI_MSM_PMIC_ARB
1298,BACKLIGHT_ADP8870
1299,DMA_DECLARE_COHERENT
1300,BAYCOM_SER_HDX
1301,BCM2835_THERMAL
1302,USB_HUB_USB251XB
1303,TCG_VTPM_PROXY
1304,DRM_EXYNOS_HDMI
1305,CRYPTO_MANAGER_DISABLE_TESTS
1306,NET_ACT_GATE
1307,DRM_I2C_SIL164
1308,ADE7854_SPI
1309,PARAVIRT_CLOCK
1310,USB_BDC_UDC
1311,SERIAL_8250_EXTENDED
1312,DVB_STV6110
1313,INTEL_MIC_HOST
1314,IIO_SW_DEVICE
1315,VIDEO_OV9650
1316,DVB_S921
1317,MICREL_KS8995MA
1318,MAX1363
1319,DVB_TS2020
1320,ADIN_PHY
1321,MTD_UBI_GLUEBI
1322,BCMA_DRIVER_PCI
1323,CPA_DEBUG
1324,SAMPLE_ANDROID_BINDERFS
1325,PINCTRL_NS
1326,SND_USB_LINE6
1327,BLK_DEV_IDE_SATA
1328,MMU_GATHER_RCU_TABLE_FREE
1329,XARRAY_MULTI
1330,PA12203001
1331,GENERIC_BUG
1332,ACPI_CUSTOM_METHOD
1333,USB_ZERO_HNPTEST
1334,VIDEO_CADENCE_CSI2RX
1335,REGULATOR_TPS65023
1336,MLX5_CORE
1337,RANDOMIZE_MEMORY
1338,AD8801
1339,INTEL_SCU_PLATFORM
1340,FSI_MASTER_GPIO
1341,EFI_RUNTIME_MAP
1342,REGULATOR_FAN53555
1343,ZLIB_INFLATE
1344,NET_CLS_FLOWER
1345,SND_SOC_IMG
1346,JOYSTICK_TMDC
1347,SND_SOC_WSA881X
1348,MSDOS_PARTITION
1349,REGULATOR_TPS65912
1350,MFD_88PM805
1351,NFS_V3
1352,SND_SOC_IMG_I2S_OUT
1353,IO_STRICT_DEVMEM
1354,SND_SOC_AMD_RENOIR
1355,MTD_NAND_DISKONCHIP_BBTWRITE
1356,USB_SERIAL_NAVMAN
1357,MFD_ARIZONA_SPI
1358,MEDIA_CONTROLLER_REQUEST_API
1359,I2C_XILINX
1360,COMEDI_PCL726
1361,RADIO_ADAPTERS
1362,PWM_RCAR
1363,X86_MCE_AMD
1364,MTD_BCM63XX_PARTS
1365,GPIO_ARIZONA
1366,FSI_SCOM
1367,CEC_NOTIFIER
1368,COMEDI_DAC02
1369,TI_SYSCON_CLK
1370,FORTIFY_SOURCE
1371,COMMON_CLK_LOCHNAGAR
1372,PATA_PCMCIA
1373,COMEDI_RTD520
1374,MLX5_CORE_EN
1375,CIFS_STATS2
1376,USB_LD
1377,REGULATOR_TPS62360
1378,JOYSTICK_IFORCE_232
1379,LEDS_INTEL_SS4200
1380,VIDEO_IVTV_ALSA
1381,PRISM54
1382,SERIAL_8250_PNP
1383,GENERIC_IRQ_CHIP
1384,BAYCOM_SER_FDX
1385,BACKLIGHT_MAX8925
1386,IMA_TRUSTED_KEYRING
1387,UDF_FS
1388,DVB_SI2168
1389,INTERVAL_TREE
1390,PM_CLK
1391,MAX5821
1392,DVB_CX22702
1393,MESON_SARADC
1394,NF_CONNTRACK_IRC
1395,ACPI_THERMAL
1396,HTU21
1397,FB_ATY128_BACKLIGHT
1398,TINYDRM_MI0283QT
1399,P54_USB
1400,U_SERIAL_CONSOLE
1401,INPUT_88PM80X_ONKEY
1402,I2C_PIIX4
1403,SND_SEQ_VIRMIDI
1404,IIO_RESCALE
1405,RTC_DRV_TPS80031
1406,ADE7854_I2C
1407,VHOST
1408,TOUCHSCREEN_WACOM_W8001
1409,CPUSETS
1410,HYPERV_IOMMU
1411,USB_ZD1201
1412,B44_PCI_AUTOSELECT
1413,DEBUG_INFO_DWARF4
1414,VIDEO_BT866
1415,NS83820
1416,GPIO_ML_IOH
1417,XEN_SCSI_FRONTEND
1418,REGMAP_IRQ
1419,WATCHDOG_PRETIMEOUT_GOV_PANIC
1420,FS_VERITY_BUILTIN_SIGNATURES
1421,MD_AUTODETECT
1422,USB_CHAOSKEY
1423,OCFS2_DEBUG_MASKLOG
1424,DYNAMIC_DEBUG
1425,AD9523
1426,VIRTIO_PCI_LEGACY
1427,MTD_OOPS
1428,RAVE_SP_CORE
1429,UNUSED_SYMBOLS
1430,EXTCON_AXP288
1431,FB_VESA
1432,CRYPTO_CRCT10DIF
1433,VIDEO_PVRUSB2
1434,IGC
1435,JOYSTICK_IFORCE
1436,BLK_DEV_JMICRON
1437,DEFAULT_SECURITY_TOMOYO
1438,GPIO_MERRIFIELD
1439,PAGE_POISONING_ZERO
1440,IIO_CROS_EC_SENSORS
1441,GPIO_CRYSTAL_COVE
1442,NVM_PBLK
1443,WMI_BMOF
1444,AD5686_SPI
1445,MTD_CFI_ADV_OPTIONS
1446,TYPEC_UCSI
1447,VL53L0X_I2C
1448,NFS_COMMON
1449,CRYPTO_CMAC
1450,JOYSTICK_GF2K
1451,SPI_INTEL_SPI_PLATFORM
1452,SND_SOC_WCD9335
1453,LEDS_TRIGGERS
1454,READABLE_ASM
1455,MS_BLOCK
1456,SONYPI_COMPAT
1457,NET_DSA_TAG_TRAILER
1458,EXT4_FS_SECURITY
1459,ACPI_SLEEP
1460,TEST_FIRMWARE
1461,REGULATOR_MAX77826
1462,PINCTRL_PALMAS
1463,TOUCHSCREEN_INEXIO
1464,CRYPTO_XXHASH
1465,FB_CYBER2000
1466,PCIE_DW_HOST
1467,FW_LOADER_USER_HELPER
1468,XFS_POSIX_ACL
1469,COMEDI_PCL724
1470,USB_IDMOUSE
1471,BATTERY_BQ27XXX
1472,GAMEPORT_L4
1473,AUTOFS_FS
1474,SND_KIRKWOOD_SOC
1475,DVB_B2C2_FLEXCOP_DEBUG
1476,BCM54140_PHY
1477,JFFS2_RUBIN
1478,FAIR_GROUP_SCHED
1479,AD5770R
1480,HID_BATTERY_STRENGTH
1481,GPIO_104_IDIO_16
1482,MEDIA_RADIO_SUPPORT
1483,GPIO_BRCMSTB
1484,LEDS_LM355x
1485,DVB_USB_AF9035
1486,TI_ADS7950
1487,BACKLIGHT_SAHARA
1488,CAN_PEAK_PCIEFD
1489,QFMT_V2
1490,EDAC_GHES
1491,MOUSE_SYNAPTICS_USB
1492,REGULATOR_ACT8865
1493,PATA_SIL680
1494,DEVFREQ_GOV_PASSIVE
1495,BT_MRVL
1496,SND_SOC_AK4104
1497,OF_OVERLAY
1498,ARM_SMMU_LEGACY_DT_BINDINGS
1499,EXT4_FS_POSIX_ACL
1500,NTFS_FS
1501,PINCTRL_TIGERLAKE
1502,CFG80211_WEXT
1503,IMA_SECURE_AND_OR_TRUSTED_BOOT
1504,WEXT_PRIV
1505,PSTORE_LZO_COMPRESS_DEFAULT
1506,PHY_LANTIQ_RCU_USB2
1507,NLS_KOI8_R
1508,DRM_I915_TRACE_GEM
1509,MMC_DW
1510,XEN_BLKDEV_FRONTEND
1511,SCSI_DH_HP_SW
1512,HID_PETALYNX
1513,DEBUG_OBJECTS
1514,DEFAULT_SECURITY_DAC
1515,RMI4_F34
1516,FB_RADEON_DEBUG
1517,SND_KORG1212
1518,BME680
1519,MLX4_CORE
1520,COMEDI_NI_LABPC_ISA
1521,DVB_LG2160
1522,FUNCTION_TRACER
1523,SMARTJOYPLUS_FF
1524,LOCKD
1525,I2C_EXYNOS5
1526,X86_MCELOG_LEGACY
1527,PHY_DM816X_USB
1528,INPUT_RETU_PWRBUTTON
1529,PM_GENERIC_DOMAINS
1530,COMMON_CLK_CDCE925
1531,PINCTRL_JASPERLAKE
1532,MEDIA_TUNER_SI2157
1533,USB_SERIAL_CONSOLE
1534,SENSORS_TSL2563
1535,CRYPTO_DRBG_CTR
1536,NF_DEFRAG_IPV4
1537,RENESAS_IRQC
1538,FB_MODE_HELPERS
1539,INPUT_JOYDEV
1540,CEPH_FS
1541,TINYDRM_ILI9486
1542,SERIAL_TIMBERDALE
1543,RN5T618_WATCHDOG
1544,SBNI_MULTILINE
1545,ATM_CLIP_NO_ICMP
1546,UIO_PDRV_GENIRQ
1547,MAC80211
1548,ALTERA_STAPL
1549,DYNAMIC_EVENTS
1550,SERIAL_CONEXANT_DIGICOLOR_CONSOLE
1551,CROS_USBPD_LOGGER
1552,INTEL_WMI_SBL_FW_UPDATE
1553,RADIO_SAA7706H
1554,NTB_INTEL
1555,NF_NAT_REDIRECT
1556,PATA_ALI
1557,VIDEOBUF2_DVB
1558,UCS2_STRING
1559,X86_INTEL_LPSS
1560,GCC_PLUGIN_STACKLEAK
1561,PINCTRL_MT6765
1562,AD5624R_SPI
1563,SRF04
1564,JOYSTICK_IFORCE_USB
1565,REED_SOLOMON_DEC16
1566,SND_SOC_MAX98504
1567,FUJITSU_LAPTOP
1568,EFIVAR_FS
1569,USB_RENESAS_USB3
1570,DMAR_TABLE
1571,PINCTRL_BERLIN_BG4CT
1572,DVB_USB_OPERA1
1573,NLS_ISO8859_7
1574,DEBUG_NMI_SELFTEST
1575,NETFILTER_XT_TARGET_SECMARK
1576,FB_PM3
1577,INPUT_SOC_BUTTON_ARRAY
1578,MEDIA_TUNER_TDA18250
1579,PINCTRL_SH_PFC
1580,SND_VX_LIB
1581,CHELSIO_T1
1582,BLK_CGROUP_IOLATENCY
1583,CLKSRC_MMIO
1584,RTC_DRV_DS1553
1585,SCHEDSTATS
1586,IEEE802154_CC2520
1587,HID_SENSOR_DEVICE_ROTATION
1588,REGULATOR_QCOM_SPMI
1589,FB_HYPERV
1590,AD5755
1591,IIO_ST_LSM6DSX
1592,JOYSTICK_GRIP_MP
1593,JOYSTICK_AS5011
1594,BLK_DEV_SIS5513
1595,NET_9P_VIRTIO
1596,KEYBOARD_QT1070
1597,UBSAN_MISC
1598,ASYMMETRIC_KEY_TYPE
1599,CROS_EC_SPI
1600,CLKDEV_LOOKUP
1601,SPI_DLN2
1602,DNOTIFY
1603,CAIF_SPI_SLAVE
1604,MD_LINEAR
1605,ADF4350
1606,TOUCHSCREEN_MC13783
1607,UEVENT_HELPER
1608,X86_MCE_THRESHOLD
1609,BH1750
1610,MTD_COMPLEX_MAPPINGS
1611,ASYMMETRIC_PUBLIC_KEY_SUBTYPE
1612,XENFS
1613,BT_HCIBTUSB_BCM
1614,HID_REDRAGON
1615,AD9834
1616,INTEL_TH_STH
1617,I2C_NFORCE2
1618,INPUT_MAX77650_ONKEY
1619,AFS_FS
1620,PWRSEQ_EMMC
1621,XIL_AXIS_FIFO
1622,PCIE_PTM
1623,PINCTRL_SH_PFC_GPIO
1624,DLM
1625,CRYPTO_DEV_PADLOCK
1626,DPTF_POWER
1627,I2C_ISMT
1628,CRYPTO_ECHAINIV
1629,AL3010
1630,ACPI_TOSHIBA
1631,USB_STORAGE_ALAUDA
1632,PARIDE_FRIQ
1633,PSTORE_CONSOLE
1634,SND_MESON_CODEC_GLUE
1635,I2C_ARB_GPIO_CHALLENGE
1636,DEBUG_PAGE_REF
1637,USB_TMC
1638,SND_DUMMY
1639,IP_SET_HASH_IPMAC
1640,HID_ZYDACRON
1641,IIO_ST_GYRO_SPI_3AXIS
1642,REGULATOR_AB3100
1643,DYNAMIC_MEMORY_LAYOUT
1644,COMEDI
1645,CM3323
1646,CRYPTO_DEV_CCREE
1647,ZPOOL
1648,IP_SET_HASH_IP
1649,INPUT_KEYBOARD
1650,CROS_EC_TYPEC
1651,DVB_DIB8000
1652,DVB_STB0899
1653,USB_HIDDEV
1654,BLK_DEV_OPTI621
1655,RFKILL_LEDS
1656,DVB_B2C2_FLEXCOP_USB
1657,CRYPTO_AKCIPHER
1658,DEBUG_RT_MUTEXES
1659,INGENIC_TCU_IRQ
1660,SPI_MUX
1661,SENSORS_ADT7462
1662,HALTPOLL_CPUIDLE
1663,DRM_ANALOGIX_DP
1664,JFFS2_FS_XATTR
1665,DRM_LIB_RANDOM
1666,SCSI_3W_9XXX
1667,PHY_CADENCE_SALVO
1668,JFS_POSIX_ACL
1669,CRYPTO_CAMELLIA_AESNI_AVX2_X86_64
1670,SCSI_LOWLEVEL
1671,VIDEO_VIVID_CEC
1672,MFD_LOCHNAGAR
1673,USB_SERIAL_SIERRAWIRELESS
1674,SND_SOC_CS35L33
1675,CAIF_TTY
1676,SPI_TLE62X0
1677,MTD_MAP_BANK_WIDTH_16
1678,USB_XHCI_HCD
1679,DEBUG_SHIRQ
1680,PCIE_DPC
1681,SND_ES18XX
1682,MEMORY_HOTPLUG_DEFAULT_ONLINE
1683,PINCTRL_SUNRISEPOINT
1684,IPV6_ROUTE_INFO
1685,FIREWIRE_SERIAL
1686,VIDEO_SAA7110
1687,EEPROM_AT25
1688,OF_FPGA_REGION
1689,SND_MTS64
1690,MFD_GATEWORKS_GSC
1691,EXTCON_MAX77843
1692,IP_ROUTE_VERBOSE
1693,SND_SOC_NAU8540
1694,QLGE
1695,USB_XHCI_PCI_RENESAS
1696,MFD_MAX8998
1697,BT
1698,DRM_PANEL_SONY_ACX424AKP
1699,FB_SAVAGE_I2C
1700,USB_VIDEO_CLASS
1701,KEYBOARD_ADC
1702,GREYBUS_LIGHT
1703,IRQ_TIME_ACCOUNTING
1704,AF_RXRPC_INJECT_LOSS
1705,DEBUG_KOBJECT
1706,LEDS_BRIGHTNESS_HW_CHANGED
1707,PARIDE_ON20
1708,CFG80211_CRDA_SUPPORT
1709,VIDEO_TDA1997X
1710,DM_RAID
1711,DRM_I2C_ADV7511_AUDIO
1712,GDB_SCRIPTS
1713,NAMESPACES
1714,INPUT_IMS_PCU
1715,NLS_UTF8
1716,VIDEO_BT856
1717,TOUCHSCREEN_TOUCHIT213
1718,MEDIA_TUNER_FC0012
1719,TCP_CONG_NV
1720,WLAN_VENDOR_INTEL
1721,DRM_PANEL_VISIONOX_RM69299
1722,SONY_FF
1723,GPIO_TWL4030
1724,IOMMU_DEBUGFS
1725,REGULATOR_LM363X
1726,MFD_MAX77693
1727,AD799X
1728,MTD_ONENAND_GENERIC
1729,UBIFS_FS_ADVANCED_COMPR
1730,ACPI_FAN
1731,GENERIC_PHY_MIPI_DPHY
1732,ATH_COMMON
1733,CGROUP_DEVICE
1734,CRC_ITU_T
1735,CRYPTO_CHACHA20_X86_64
1736,SENSORS_ADM1029
1737,FPGA
1738,SND_SOC_TEGRA_WM8753
1739,CLZ_TAB
1740,MEMORY
1741,SYSTEM_TRUSTED_KEYRING
1742,DRM_PANEL_ORISETECH_OTM8009A
1743,MS5637
1744,SND_PCM
1745,NFT_FWD_NETDEV
1746,DRM_AMD_DC
1747,GART_IOMMU
1748,MTD_PARTITIONED_MASTER
1749,IPMI_DEVICE_INTERFACE
1750,LEDS_MENF21BMC
1751,CRYPTO_MICHAEL_MIC
1752,HIBERNATION
1753,HWSPINLOCK
1754,AD7949
1755,HYPERV_TIMER
1756,CRYPTO_DEV_PADLOCK_SHA
1757,INFINIBAND_OPA_VNIC
1758,SND_HDA_CODEC_HDMI
1759,GOLDFISH_PIPE
1760,POWER_AVS
1761,INTEL_VBTN
1762,FB_OPENCORES
1763,PREEMPT_COUNT
1764,LPC_ENET
1765,FB_KYRO
1766,BLOCK_COMPAT
1767,X86_ACPI_CPUFREQ_CPB
1768,COMEDI_DAS08
1769,DW_DMAC_PCI
1770,SND_SOC
1771,ACPI_NFIT
1772,SURFACE_3_BUTTON
1773,NE2K_PCI
1774,CLK_BT1_CCU_PLL
1775,ADIS16130
1776,PRIME_NUMBERS
1777,SPI_OMAP_100K
1778,DRM_PANEL_NEC_NL8048HL11
1779,S3C2412_COMMON_CLK
1780,IR_SHARP_DECODER
1781,IP_DCCP_DEBUG
1782,PCI_HOST_COMMON
1783,EROFS_FS_XATTR
1784,ALX
1785,HYPERV_UTILS
1786,FB_NEOMAGIC
1787,MAC80211_STA_DEBUG
1788,SFI
1789,APPLE_PROPERTIES
1790,ADUX1020
1791,NLS_ISO8859_4
1792,ZLIB_DEFLATE
1793,IDE_TASK_IOCTL
1794,SENSORS_LTC2978
1795,VIDEO_CX231XX
1796,ACPI_TAD
1797,IP_VS_PROTO_ESP
1798,SENSORS_HMC5843_I2C
1799,MOUSE_CYAPA
1800,RTC_DRV_M41T93
1801,SECURITY_INFINIBAND
1802,GPIO_ADP5520
1803,ISDN_CAPI_MIDDLEWARE
1804,F2FS_FS_POSIX_ACL
1805,ISL29020
1806,SND_SOC_SOF_DEBUG_PROBES
1807,FB_EFI
1808,SENSORS_ASB100
1809,LEDS_TRIGGER_HEARTBEAT
1810,XEN_XENBUS_FRONTEND
1811,TOUCHSCREEN_PIXCIR
1812,BLK_DEV_RZ1000
1813,VGACON_SOFT_SCROLLBACK
1814,BEFS_DEBUG
1815,SCSI_IMM
1816,COPS
1817,COMMON_CLK_SI544
1818,MWIFIEX
1819,USB_KBD
1820,SCHED_DEBUG
1821,WATCHDOG_PRETIMEOUT_DEFAULT_GOV_PANIC
1822,NLS_CODEPAGE_1251
1823,INTEL_SOC_PMIC
1824,DVB_OR51132
1825,EDAC_I10NM
1826,SND_SOC_WM8962
1827,FAIL_MAKE_REQUEST
1828,JFFS2_FS_WBUF_VERIFY
1829,TWL6030_GPADC
1830,RING_BUFFER_STARTUP_TEST
1831,CHARGER_BQ24257
1832,LEDS_TCA6507
1833,VIDEO_ATOMISP_OV2680
1834,KGDB_TESTS_ON_BOOT
1835,PSI
1836,CRYPTO_STREEBOG
1837,PSTORE_LZ4HC_COMPRESS_DEFAULT
1838,GPIO_F7188X
1839,GPIO_MAX3191X
1840,EXTCON_USBC_CROS_EC
1841,MFD_PCF50633
1842,SERIAL_8250_MID
1843,VIDEO_EM28XX_V4L2
1844,SCSI_DC395x
1845,SND_SOC_HDAC_HDA
1846,CFAG12864B
1847,BLK_DEV_RBD
1848,MEDIA_TUNER_FC2580
1849,CEC_CROS_EC
1850,TRACE_CLOCK
1851,WATCHDOG_PRETIMEOUT_GOV_SEL
1852,NLS_MAC_CELTIC
1853,SERIO_PS2MULT
1854,LEDS_TPS6105X
1855,EFI_MIXED
1856,PCI_HOST_GENERIC
1857,SRF08
1858,JOYSTICK_GAMECON
1859,SND_SOC_SOF_CANNONLAKE_SUPPORT
1860,VLAN_8021Q
1861,DVB_PLL
1862,EINT_MTK
1863,SND_SOC_INTEL_SKYLAKE_SSP_CLK
1864,SENSORS_AS370
1865,VIDEO_CX88_BLACKBIRD
1866,SC27XX_ADC
1867,NET_VENDOR_EZCHIP
1868,SBNI
1869,SENSORS_IR35221
1870,VIDEO_ADV7842_CEC
1871,PINCTRL_PFC_R8A7790
1872,PHY_QCOM_QMP
1873,NET_SCH_CBQ
1874,HOTPLUG_SMT
1875,DVB_CX24110
1876,REALTEK_PHY
1877,VIDEO_ADV7511_CEC
1878,USB_LINK_LAYER_TEST
1879,ACPI_APEI
1880,MFD_MAX14577
1881,SPI_FSI
1882,VIDEO_AU0828_V4L2
1883,DVB_HORUS3A
1884,KXSD9
1885,SENSORS_INA209
1886,SND_SOC_WM8997
1887,SENSORS_MC13783_ADC
1888,HUAWEI_WMI
1889,DVB_B2C2_FLEXCOP_PCI
1890,SND_OPTI93X
1891,PCIE_DW_EP
1892,DWMAC_GENERIC
1893,CLK_BCM_SR
1894,CRYPTO_SEQIV
1895,XZ_DEC_ARM
1896,ENERGY_MODEL
1897,I2C_SMBUS
1898,CRYPTO_DEFLATE
1899,MFD_BD9571MWV
1900,KEYBOARD_GPIO
1901,IPV6_SEG6_BPF
1902,SERIAL_8250_RT288X
1903,GPIO_MAX7300
1904,HD44780
1905,I2C_PNX
1906,CRYPTO_MD5
1907,I2C_TAOS_EVM
1908,UBIFS_FS_LZO
1909,DEBUG_MISC
1910,SND_SOC_XILINX_SPDIF
1911,VIDEO_TEA6420
1912,AGP_INTEL
1913,DEBUG_RSEQ
1914,ACPI_DEBUG
1915,RESET_UNIPHIER_GLUE
1916,VIDEO_MUX
1917,UFS_FS_WRITE
1918,NLS_CODEPAGE_737
1919,SND_SOC_INTEL_SKYLAKE_HDAUDIO_CODEC
1920,SCSI_AM53C974
1921,CHARGER_SC2731
1922,SND_SEQ_DEVICE
1923,MEDIA_TUNER_MXL5005S
1924,NUMA_BALANCING
1925,GCC_PLUGIN_RANDSTRUCT_PERFORMANCE
1926,STM
1927,FUNCTION_PROFILER
1928,DPM_WATCHDOG
1929,USB_GADGET
1930,SND_SOC_DAVINCI_ASP
1931,PPS_CLIENT_LDISC
1932,ENVELOPE_DETECTOR
1933,BT_LE
1934,BLK_MQ_VIRTIO
1935,BLK_DEV_FD
1936,NLS_KOI8_U
1937,MOST_VIDEO
1938,YENTA_O2
1939,TIMER_OF
1940,CAN_ESD_USB2
1941,FB_LE80578
1942,SPI_TXX9
1943,NET_ACT_PEDIT
1944,MTD_NAND_CADENCE
1945,INTEL_RAPL
1946,MTD_NAND_MXIC
1947,MFD_TPS6586X
1948,ANDROID_BINDER_IPC_SELFTEST
1949,NET_CLS
1950,SND_VMASTER
1951,CRYPTO_GHASH
1952,PAGE_EXTENSION
1953,BE2NET_SKYHAWK
1954,MFD_INTEL_LPSS
1955,PD6729
1956,DRM_PANEL_ELIDA_KD35T133
1957,BCMA_HOST_PCI_POSSIBLE
1958,RESET_ATTACK_MITIGATION
1959,SND_SOC_SOF_ELKHARTLAKE_SUPPORT
1960,PSTORE_842_COMPRESS
1961,CHARGER_DA9150
1962,BT_HCIUART_AG6XX
1963,LV0104CS
1964,USB_TEGRA_PHY
1965,SND_PCI
1966,DP83867_PHY
1967,SECURITY_SMACK
1968,SND_VIRMIDI
1969,TARGET_CORE
1970,PHY_ST_SPEAR1310_MIPHY
1971,NVMEM_SPMI_SDAM
1972,SPI_AXI_SPI_ENGINE
1973,SENSORS_LTC4245
1974,X86_SPEEDSTEP_CENTRINO
1975,SCSI_MVSAS_TASKLET
1976,AUTOFS4_FS
1977,BTRFS_FS_POSIX_ACL
1978,BACKLIGHT_QCOM_WLED
1979,USB_CONFIGFS
1980,VIRTUALIZATION
1981,HID_PRIMAX
1982,PINCTRL_MAX77620
1983,AD5272
1984,SND_SOC_INTEL_HASWELL
1985,MODVERSIONS
1986,DMI
1987,MEDIA_HIDE_ANCILLARY_SUBDRV
1988,BPF_SYSCALL
1989,MEDIA_CAMERA_SUPPORT
1990,BT_BNEP_PROTO_FILTER
1991,VIA_WDT
1992,SENSORS_MAX6642
1993,USB_SERIAL_CP210X
1994,RMI4_F11
1995,VIDEO_ADP1653
1996,SERIAL_SAMSUNG
1997,CRYPTO_NHPOLY1305_SSE2
1998,SND_SOC_GENERIC_DMAENGINE_PCM
1999,LIBFC
2000,MISC_ALCOR_PCI
2001,KGDB_KDB
2002,EMBEDDED
2003,FB_METRONOME
2004,KPROBES_ON_FTRACE
2005,SND_SOC_INTEL_BROADWELL_MACH
2006,JOYSTICK_TWIDJOY
2007,MULTIPLEXER
2008,NET_DSA_MV88E6XXX_PTP
2009,REGULATOR_LP3971
2010,KEXEC_SIG_FORCE
2011,SERIAL_RDA_CONSOLE
2012,PCI_CNB20LE_QUIRK
2013,SND_DESIGNWARE_PCM
2014,MAX30102
2015,POWER_SUPPLY
2016,SYN_COOKIES
2017,VIPERBOARD_ADC
2018,SND_USB_USX2Y
2019,ATA
2020,SATA_ZPODD
2021,SCSI_DH
2022,CLOCK_THERMAL
2023,IPMI_SI
2024,RDS_DEBUG
2025,DEBUG_LOCKDEP
2026,VIDEO_V4L2_SUBDEV_API
2027,INTEL_IDMA64
2028,CFG80211_REG_RELAX_NO_IR
2029,DVB_SI21XX
2030,AD5764
2031,BOOTPARAM_HOTPLUG_CPU0
2032,RING_BUFFER_ALLOW_SWAP
2033,COMEDI_8255
2034,REGULATOR_TPS6524X
2035,USB_BDC_PCI
2036,NETXEN_NIC
2037,LED_TRIGGER_PHY
2038,CFG80211_DEBUGFS
2039,BT_HCIBTUSB_MTK
2040,EFS_FS
2041,SND_SOC_AD1836
2042,TINYDRM_REPAPER
2043,DEVFREQ_GOV_SIMPLE_ONDEMAND
2044,COMEDI_NI_LABPC
2045,MTD_NAND_DISKONCHIP
2046,VT_CONSOLE_SLEEP
2047,ALTERA_MBOX
2048,LEDS_LP8860
2049,SPEAKUP
2050,MINIX_SUBPARTITION
2051,XILINX_WATCHDOG
2052,PROC_FS
2053,INTEL_POWERCLAMP
2054,USB_CONFIGFS_OBEX
2055,XOR_BLOCKS
2056,VIRTIO_MEM
2057,DRM_KMS_FB_HELPER
2058,FTRACE
2059,W1_CON
2060,SENSORS_NPCM7XX
2061,REMOTEPROC
2062,CROS_EC_RPMSG
2063,AD5758
2064,CRYPTO_CAST5_AVX_X86_64
2065,I2C_DESIGNWARE_PLATFORM
2066,NETFILTER_XT_MATCH_STATE
2067,VIDEO_ML86V7667
2068,MFD_MC13XXX_SPI
2069,COMEDI_AMPLC_DIO200_PCI
2070,SND_SOC_TAS2770
2071,PHY_SAMSUNG_USB2
2072,ENCX24J600
2073,HERMES_CACHE_FW_ON_INIT
2074,ACPI_BATTERY
2075,MFD_SMSC
2076,DEBUG_FS
2077,KVM_GUEST
2078,PCENGINES_APU2
2079,SCSI_SCAN_ASYNC
2080,MTD_NAND_CAFE
2081,CRC7
2082,X86_AMD_FREQ_SENSITIVITY
2083,INTEL_TH_GTH
2084,SND_GINA24
2085,STAGING_APEX_DRIVER
2086,ZIIRAVE_WATCHDOG
2087,PARPORT_1284
2088,NEW_LEDS
2089,REGULATOR_DA9055
2090,I2C_HELPER_AUTO
2091,MFD_ROHM_BD70528
2092,RTC_SYSTOHC
2093,ACPI_PROCFS_POWER
2094,SPI_PXA2XX_PCI
2095,SND
2096,HPWDT_NMI_DECODING
2097,PINCTRL_ICELAKE
2098,MOST_CDEV
2099,INTEL_SPEED_SELECT_INTERFACE
2100,RTC_DRV_DS1685_FAMILY
2101,TRACER_SNAPSHOT_PER_CPU_SWAP
2102,KVM_COMPAT
2103,GREYBUS_BOOTROM
2104,NETFILTER_NETLINK_LOG
2105,FB_PVR2
2106,COMEDI_NI_ATMIO16D
2107,HIDRAW
2108,CPU_FREQ_GOV_POWERSAVE
2109,USB_RAREMONO
2110,DM_CACHE_SMQ
2111,TYPEC_RT1711H
2112,TOUCHSCREEN_S6SY761
2113,DVB_DRXD
2114,TOUCHSCREEN_IMX6UL_TSC
2115,SECURITY_TOMOYO
2116,SENSORS_F71805F
2117,CFG80211_USE_KERNEL_REGDB_KEYS
2118,COMEDI_DT3000
2119,NF_TPROXY_IPV6
2120,TOUCHSCREEN_USB_3M
2121,RTC_DRV_PCF8563
2122,CROS_EC_LIGHTBAR
2123,HID_APPLE
2124,SND_HDA_CODEC_CA0132_DSP
2125,ARCH_CPUIDLE_HALTPOLL
2126,CRYPTO_DEV_SAFEXCEL
2127,VGA_ARB
2128,INET6_ESP
2129,WW_MUTEX_SELFTEST
2130,SND_EMU10K1X
2131,I2C_SLAVE
2132,SAMSUNG_Q10
2133,VIRT_WIFI
2134,USB_CHIPIDEA_HOST
2135,BT_HCIBFUSB
2136,I2C_CBUS_GPIO
2137,TOUCHSCREEN_ZET6223
2138,BLK_DEV_CMD64X
2139,GREYBUS_RAW
2140,BTRFS_FS_REF_VERIFY
2141,GCOV_PROFILE_FTRACE
2142,CHARGER_ISP1704
2143,MEDIA_USB_SUPPORT
2144,VEML6030
2145,DM_LOG_USERSPACE
2146,BTRFS_ASSERT
2147,EDAC
2148,VIDEOBUF_VMALLOC
2149,HVC_XEN_FRONTEND
2150,EVM
2151,DS1682
2152,SND_SOC_TOBERMORY
2153,LOCKD_V4
2154,DEBUG_VM_PGFLAGS
2155,MFD_CS47L90
2156,BATTERY_AXP20X
2157,MEDIA_TUNER_MT2060
2158,SENSIRION_SGP30
2159,INPUT_AXP20X_PEK
2160,HWMON
2161,IKCONFIG_PROC
2162,GPIOLIB_IRQCHIP
2163,MMC_VIA_SDMMC
2164,VIDEO_TC358743_CEC
2165,NET_SCH_NETEM
2166,DEBUG_MEMORY_INIT
2167,PARIDE_EPAT
2168,USB_MAX3420_UDC
2169,USB_CONFIGFS_F_MIDI
2170,RAS
2171,MMA7660
2172,DVB_ZD1301_DEMOD
2173,SND_SOC_CS47L24
2174,SRAM
2175,NFC_ST95HF
2176,X86_SYSFB
2177,BACKLIGHT_ARCXCNN
2178,HOTPLUG_PCI
2179,LOAD_UEFI_KEYS
2180,SND_SOC_MAX98357A
2181,BCMA_HOST_SOC
2182,HYPERV_STORAGE
2183,ARCNET_COM90xxIO
2184,IPV6_MROUTE
2185,SND_CMIPCI
2186,NET_EMATCH
2187,X86_VSYSCALL_EMULATION
2188,RTC_DRV_MC13XXX
2189,DEVMEM
2190,REGULATOR_MP5416
2191,COMMON_CLK_MT2701_VDECSYS
2192,EXT3_FS_POSIX_ACL
2193,CPU_FREQ_GOV_SCHEDUTIL
2194,DRM_PANEL_OSD_OSD101T2587_53TS
2195,VOP
2196,TEST_BITFIELD
2197,DA9052_WATCHDOG
2198,STAGING_GASKET_FRAMEWORK
2199,ENABLE_DEFAULT_TRACERS
2200,USB_EZUSB_FX2
2201,GREYBUS_UART
2202,VMLINUX_VALIDATION
2203,DELL_SMO8800
2204,VIDEO_OV13858
2205,LP_CONSOLE
2206,TAHVO_USB_HOST_BY_DEFAULT
2207,REGULATOR
2208,COREDUMP
2209,FW_LOADER_PAGED_BUF
2210,VIDEO_SUNXI
2211,DRM_I915_GVT
2212,NLS_ISO8859_1
2213,TOUCHSCREEN_USB_NEXIO
2214,NET_DSA_MICROCHIP_KSZ9477_I2C
2215,CPU_FREQ_GOV_USERSPACE
2216,LINEAR_RANGES
2217,GPIO_MPC8XXX
2218,SMS_SIANO_MDTV
2219,DM_ZERO
2220,SPEAKUP_SYNTH_SOFT
2221,ATA_OVER_ETH
2222,SERIAL_OF_PLATFORM
2223,DVB_BCM3510
2224,CRYPTO_CTR
2225,CHARGER_MAX77693
2226,VIDEO_CADENCE_CSI2TX
2227,MFD_MENF21BMC
2228,SND_AW2
2229,KARMA_PARTITION
2230,USB_S2255
2231,SND_SOC_WM5110
2232,AF_RXRPC_DEBUG
2233,RPMSG_VIRTIO
2234,SCHED_THERMAL_PRESSURE
2235,ANDROID
2236,SYSVIPC
2237,FB_S3C
2238,STACKLEAK_RUNTIME_DISABLE
2239,NFT_LOG
2240,MFD_CROS_EC
2241,VME_TSI148
2242,BPF_STREAM_PARSER
2243,PACKING
2244,VIRTIO_BLK
2245,CAN_VXCAN
2246,SENSORS_MAX31722
2247,AFS_FSCACHE
2248,IKCONFIG
2249,SENSORS_LM92
2250,RTC_INTF_SYSFS
2251,SND_SOC_MAX9860
2252,TOUCHSCREEN_TSC200X_CORE
2253,MTD_NAND_FSMC
2254,GPIO_TS4800
2255,SND_SOC_BT_SCO
2256,MTD_DATAFLASH_OTP
2257,HYPERV_TESTING
2258,MFD_WCD934X
2259,DM_VERITY
2260,PATA_PLATFORM
2261,READ_ONLY_THP_FOR_FS
2262,VIDEO_MXB
2263,PTP_1588_CLOCK_KVM
2264,MTD_UBI_BLOCK
2265,VBOXGUEST
2266,HID_PICOLCD_LEDS
2267,KPROBE_EVENTS
2268,SENSORS_LTC2947
2269,W1_SLAVE_DS2406
2270,TOUCHSCREEN_SIS_I2C
2271,GPIO_74X164
2272,KEXEC_SIG
2273,PINCTRL_STM32F746
2274,BLK_WBT_MQ
2275,IMA_APPRAISE_BOOTPARAM
2276,X86_PAT
2277,USB_CONFIGFS_ACM
2278,REGULATOR_MC13783
2279,CRYPTO_SEED
2280,SATA_ACARD_AHCI
2281,PKCS7_MESSAGE_PARSER
2282,FB_VT8623
2283,SENSORS_MAX31730
2284,ORANGEFS_FS
2285,NET_9P_RDMA
2286,USB_MR800
2287,JOYSTICK_ANALOG
2288,ATH9K_BTCOEX_SUPPORT
2289,IDE_TIMINGS
2290,I2C_KEMPLD
2291,LEDS_MC13783
2292,DRM_I2C_CH7006
2293,CRYPTO_AES_NI_INTEL
2294,TRIM_UNUSED_KSYMS
2295,MEDIA_ATTACH
2296,PCI_REALLOC_ENABLE_AUTO
2297,NET_ACT_NAT
2298,KEYBOARD_ATKBD
2299,PINCTRL_NSP_GPIO
2300,USB_DWC2_TRACK_MISSED_SOFS
2301,SQUASHFS_LZO
2302,SENSORS_TMP108
2303,SOUND_OSS_CORE
2304,BRIDGE_VLAN_FILTERING
2305,X86_SFI_CPUFREQ
2306,CHARGER_MAX77650
2307,PPS_CLIENT_GPIO
2308,MTD_ONENAND_VERIFY_WRITE
2309,NLS_CODEPAGE_932
2310,FSI_MASTER_ASPEED
2311,CRYPTO_AES
2312,C2PORT_DURAMAR_2150
2313,DVB_MB86A16
2314,MISDN
2315,VIDEO_MT9P031
2316,BLK_DEBUG_FS_ZONED
2317,SP5100_TCO
2318,TRACE_ROUTER
2319,SND_SOC_WM8400
2320,WILC1000_HW_OOB_INTR
2321,HID_CORSAIR
2322,NVME_FC
2323,MSCC_OCELOT_SWITCH
2324,PCI_FTPCI100
2325,DRM_GMA3600
2326,DMATEST
2327,SPI_SC18IS602
2328,LEDS_BD2802
2329,IIO_TRIGGER
2330,ISL29125
2331,SENSORS_RASPBERRYPI_HWMON
2332,XZ_DEC_TEST
2333,NFC_MICROREAD_I2C
2334,CAN_CALC_BITTIMING
2335,USB_LIBCOMPOSITE
2336,RFKILL_GPIO
2337,PINCTRL_MT7622
2338,MOUSE_PS2_SMBUS
2339,JFFS2_FS
2340,MMC_CAVIUM_THUNDERX
2341,SERIO_CT82C710
2342,BPF_EVENTS
2343,KEMPLD_WDT
2344,SDR_MAX2175
2345,HOTPLUG_PCI_ACPI
2346,MMC_SDHCI_F_SDH30
2347,DMA_API_DEBUG
2348,MFD_TI_AM335X_TSCADC
2349,GPIO_IOP
2350,INPUT_AD714X_I2C
2351,TCG_TIS_I2C_INFINEON
2352,PROCESSOR_SELECT
2353,USB_XHCI_MTK
2354,BT_HCIBTSDIO
2355,REGULATOR_HI6421V530
2356,AFE4404
2357,REGULATOR_TPS51632
2358,NEED_MULTIPLE_NODES
2359,9P_FS_SECURITY
2360,SND_HRTIMER
2361,NET_SCH_TBF
2362,LIBNVDIMM
2363,RTC_DRV_RX8010
2364,MISDN_INFINEON
2365,SCHED_STACK_END_CHECK
2366,OID_REGISTRY
2367,PCIEASPM
2368,FPGA_MGR_ALTERA_PS_SPI
2369,SECURITY_APPARMOR
2370,VIDEO_IMX355
2371,NET_ACT_SAMPLE
2372,IB700_WDT
2373,NET_SCH_CAKE
2374,CLKSRC_ST_LPC
2375,SND_SOC_ES8328
2376,VIDEO_OV2685
2377,BATTERY_DS2781
2378,I2C_DEBUG_BUS
2379,MODULE_SIG_ALL
2380,ACORN_PARTITION_CUMANA
2381,VIDEO_ST_MIPID02
2382,VIDEO_SAA6588
2383,USB_ROLE_SWITCH
2384,GPIO_DA9055
2385,CONTIG_ALLOC
2386,VIDEO_WM8739
2387,MEDIA_TUNER_TDA9887
2388,KEYBOARD_BCM
2389,BLK_DEV_IT8172
2390,KPROBE_EVENT_GEN_TEST
2391,SENSORS_TMP103
2392,NET_SCH_PLUG
2393,DRM_BOCHS
2394,CRYPTO_ECB
2395,FB_SM712
2396,DRM_EXYNOS_SCALER
2397,IR_XMP_DECODER
2398,INPUT_PALMAS_PWRBUTTON
2399,GPIO_IT87
2400,RTC_DRV_CROS_EC
2401,NVRAM
2402,MMC_TOSHIBA_PCI
2403,I2C_CROS_EC_TUNNEL
2404,SND_SOC_INTEL_BYT_CHT_CX2072X_MACH
2405,MEDIA_TUNER_TDA827X
2406,INET_ESPINTCP
2407,SND_SOC_IMG_SPDIF_IN
2408,CPU_SUP_HYGON
2409,TOUCHSCREEN_USB_DMC_TSC10
2410,DRM_TTM_DMA_PAGE_POOL
2411,ZEROPLUS_FF
2412,PARPORT
2413,MEDIA_TUNER_MAX2165
2414,LATTICE_ECP3_CONFIG
2415,SND_SOC_ARNDALE
2416,RTC_DRV_M48T35
2417,USB_MUSB_HDRC
2418,DM_LOG_WRITES
2419,HSI_CHAR
2420,DTC
2421,MTD_UBI_FASTMAP
2422,SAMSUNG_LAPTOP
2423,HPET_MMAP_DEFAULT
2424,SUNRPC_GSS
2425,FB_SMSCUFX
2426,PCIE_ALTERA
2427,MTD_CFI_STAA
2428,COMEDI_8255_SA
2429,DEBUG_PAGEALLOC
2430,DEFAULT_SECURITY_APPARMOR
2431,FB_SIS_300
2432,MENZ069_WATCHDOG
2433,SERIAL_MCTRL_GPIO
2434,SECTION_MISMATCH_WARN_ONLY
2435,CRYPTO_POLY1305_X86_64
2436,REGULATOR_PV88090
2437,RCU_NOCB_CPU
2438,CHARGER_PCF50633
2439,XEN_GRANT_DEV_ALLOC
2440,DECOMPRESS_BZIP2
2441,CROS_USBPD_NOTIFY
2442,IMA_QUEUE_EARLY_BOOT_KEYS
2443,SPI_SIFIVE
2444,CPUFREQ_DT
2445,UEFI_CPER_X86
2446,X86_PMEM_LEGACY_DEVICE
2447,BCACHE
2448,EXT2_FS_SECURITY
2449,ATM_IDT77252_RCV_ALL
2450,ISCSI_BOOT_SYSFS
2451,ZRAM
2452,CAN_MCP251X
2453,VIRTIO
2454,NFC_HCI
2455,MEMREGION
2456,CGROUP_CPUACCT
2457,IIO_BUFFER_HW_CONSUMER
2458,DVB_FIREDTV_INPUT
2459,ALTERA_FREEZE_BRIDGE
2460,PM_OPP
2461,KEYBOARD_STOWAWAY
2462,FSNOTIFY
2463,ADIS16136
2464,MMC_TEST
2465,STACKPROTECTOR
2466,LEDS_PCA9532
2467,GENERIC_ISA_DMA
2468,I2C_VIPERBOARD
2469,SND_EMU10K1
2470,HID_LCPOWER
2471,INET6_ESP_OFFLOAD
2472,LIVEPATCH
2473,KEYBOARD_OMAP4
2474,SENSORS_EMC2103
2475,TEST_STACKINIT
2476,UIO_NETX
2477,SND_CA0106
2478,CHELSIO_IPSEC_INLINE
2479,DWC_XLGMAC_PCI
2480,POWER_RESET_GPIO
2481,SENSORS_ADCXX
2482,SENSORS_FSCHMD
2483,XDP_SOCKETS
2484,I2C_BOARDINFO
2485,HWMON_VID
2486,NTB_PINGPONG
2487,FUJITSU_ES
2488,NF_LOG_ARP
2489,PINCTRL_MCP23S08
2490,BMC150_MAGN_I2C
2491,COMEDI_AMPLC_PC236
2492,FTRACE_SYSCALLS
2493,DRM_VIA
2494,LEDS_AW2013
2495,BACKLIGHT_CARILLO_RANCH
2496,MISDN_SPEEDFAX
2497,SPI_DEBUG
2498,SENSORS_LIS3_SPI
2499,RTC_DRV_PCF2127
2500,BPFILTER_UMH
2501,CRYPTO_MD4
2502,INA2XX_ADC
2503,SENSORS_MAX197
2504,SND_INTEL_DSP_CONFIG
2505,DRM_DEBUG_SELFTEST
2506,SND_SOC_INTEL_SKL_HDA_DSP_GENERIC_MACH
2507,HID_TWINHAN
2508,GCC_PLUGIN_CYC_COMPLEXITY
2509,HID_SENSOR_GYRO_3D
2510,VIDEO_IMX219
2511,8139_OLD_RX_RESET
2512,BT_HCIUART_MRVL
2513,SPI_BCM2835AUX
2514,BT_MRVL_SDIO
2515,SND_MAESTRO3_INPUT
2516,BMA180
2517,RT_MUTEXES
2518,DVB_TDA1004X
2519,FB_PM2
2520,DRM_I915_TRACE_GTT
2521,DMA_VIRT_OPS
2522,HID_WIIMOTE
2523,BT_DEBUGFS
2524,INPUT_MMA8450
2525,FONT_7x14
2526,HID_CMEDIA
2527,IIO_TRIGGERED_EVENT
2528,DVB_DS3000
2529,BT_LEDS
2530,CRYPTO_AEGIS128
2531,MTD_ABSENT
2532,HID_WALTOP
2533,TOUCHSCREEN_UCB1400
2534,PROC_VMCORE_DEVICE_DUMP
2535,RTC_DRV_TPS6586X
2536,FB_TFT_PCD8544
2537,MFD_MC13XXX
2538,DMA_SHARED_BUFFER
2539,HSR
2540,I2C_VIA
2541,CMA_DEBUGFS
2542,ASPEED_LPC_CTRL
2543,PARAVIRT_XXL
2544,NETDEVSIM
2545,REGULATOR_LP3972
2546,RTC_DRV_RX4581
2547,RTC_DRV_DS1374_WDT
2548,MICREL_PHY
2549,JOYSTICK_SPACEBALL
2550,E100
2551,INTEL_TH_PCI
2552,NET_SCH_SFQ
2553,DW_EDMA_PCIE
2554,MFD_MADERA_I2C
2555,TEST_RHASHTABLE
2556,BLK_DEV
2557,KEY_DH_OPERATIONS
2558,CRYPTO_HASH_INFO
2559,REGULATOR_HI6421
2560,MTD_UBI
2561,DEBUG_OBJECTS_SELFTEST
2562,FB_S3_DDC
2563,NULL_TTY
2564,EVENT_TRACE_TEST_SYSCALLS
2565,TWL4030_CORE
2566,SERIAL_JSM
2567,INPUT_PCF50633_PMU
2568,MICROCODE_OLD_INTERFACE
2569,MMC_SDHCI_OMAP
2570,GPIO_ADP5588_IRQ
2571,TOUCHSCREEN_GOODIX
2572,RCU_PERF_TEST
2573,MOST_SOUND
2574,RAPIDIO_TSI568
2575,TOUCHSCREEN_EDT_FT5X06
2576,DMA_ACPI
2577,NLS_ASCII
2578,SI7005
2579,SERIO_I8042
2580,XZ_DEC_SPARC
2581,MFD_SM501_GPIO
2582,DVB_MT312
2583,NLS_MAC_GREEK
2584,ZSMALLOC
2585,MTD_CFI_GEOMETRY
2586,KEYBOARD_MTK_PMIC
2587,CRC32_SELFTEST
2588,SND_MPU401_UART
2589,NET_DSA_MV88E6XXX_GLOBAL2
2590,NFC_PORT100
2591,TEST_HASH
2592,NVME_TARGET_FCLOOP
2593,PID_NS
2594,ZSTD_COMPRESS
2595,ADIS16201
2596,PROVE_RCU_LIST
2597,SG_SPLIT
2598,USELIB
2599,NTP_PPS
2600,RESET_IMX7
2601,DRM_PANEL_INNOLUX_P079ZCA
2602,TELCLOCK
2603,XFRM_ESPINTCP
2604,APDS9300
2605,CRYPTO_ECDH
2606,VME_CA91CX42
2607,SND_HDA_CODEC_CA0132
2608,RTC_DRV_RV3029_HWMON
2609,COMEDI_NI_LABPC_CS
2610,BLK_PM
2611,X86_FEATURE_NAMES
2612,GREYBUS_SDIO
2613,COMPAT_FOR_U64_ALIGNMENT
2614,DRM_FBDEV_LEAK_PHYS_SMEM
2615,REGMAP_SPI
2616,CRYPTO_DEV_ALLWINNER
2617,NFT_CT
2618,AMD_IOMMU
2619,SND_SOC_DMIC
2620,MTD_NAND_DISKONCHIP_PROBE_HIGH
2621,PSTORE_COMPRESS
2622,X86_VERBOSE_BOOTUP
2623,DW_WATCHDOG
2624,REGULATOR_TPS6586X
2625,MEDIA_TUNER_XC2028
2626,ROMFS_BACKED_BY_MTD
2627,BACKLIGHT_PANDORA
2628,MAX1027
2629,RMI4_SMB
2630,RTC_DRV_SD3078
2631,CEC_SECO
2632,CAN_SOFTING
2633,REGULATOR_SKY81452
2634,PINCTRL_PFC_R8A774C0
2635,RING_BUFFER_BENCHMARK
2636,SENSORS_UCD9200
2637,RTC_DRV_FM3130
2638,MTD_PMC551
2639,SND_SOC_CS4349
2640,HPET_EMULATE_RTC
2641,CLS_U32_PERF
2642,DVB_LGDT3306A
2643,AL_FIC
2644,SECURITY_NETWORK
2645,ALLOW_DEV_COREDUMP
2646,FAILSLAB
2647,BSD_PROCESS_ACCT
2648,THINKPAD_ACPI_HOTKEY_POLL
2649,DVB_DEMUX_SECTION_LOSS_LOG
2650,SUSPEND
2651,CPU_FREQ_DEFAULT_GOV_PERFORMANCE
2652,ECRYPT_FS
2653,SND_VXPOCKET
2654,SENSORS_SMSC47B397
2655,DRM_PANEL_RONBO_RB070D30
2656,SND_SOC_PCM186X
2657,BATTERY_BQ27XXX_HDQ
2658,CLK_RASPBERRYPI
2659,XFS_DEBUG
2660,RTC_DRV_BRCMSTB
2661,W1_SLAVE_DS2438
2662,SND_SOC_SOF_GEMINILAKE_SUPPORT
2663,DEBUG_SG
2664,EDAC_XGENE
2665,CIFS
2666,VIRTIO_VDPA
2667,KCOV
2668,INPUT_DA9052_ONKEY
2669,REGULATOR_BD718XX
2670,F2FS_FAULT_INJECTION
2671,SND_SST_IPC
2672,BLK_DEV_RNBD
2673,INPUT_TOUCHSCREEN
2674,COMEDI_BOND
2675,BACKLIGHT_DA9052
2676,VIDEO_CX231XX_RC
2677,SYNTH_EVENTS
2678,USB_MUSB_GADGET
2679,DA9062_THERMAL
2680,MTD_SBC_GXX
2681,IIO_STM32_TIMER_TRIGGER
2682,RTC_I2C_AND_SPI
2683,DRM_VBOXVIDEO
2684,CROS_EC_ISHTP
2685,FB_FOREIGN_ENDIAN
2686,BOOT_PRINTK_DELAY
2687,I2C_HID
2688,TOUCHSCREEN_SUN4I
2689,CRYPTO_SERPENT
2690,STRICT_DEVMEM
2691,DRM_GM12U320
2692,PINCTRL_OCELOT
2693,HID_CYPRESS
2694,IMG_MDC_DMA
2695,MAC80211_TDLS_DEBUG
2696,RAID6_PQ_BENCHMARK
2697,IRQ_FASTEOI_HIERARCHY_HANDLERS
2698,COMMON_CLK_MAX9485
2699,DIGICOLOR_TIMER
2700,PHY_MESON8B_USB2
2701,MPLS
2702,CONSTRUCTORS
2703,I2C_ALI1563
2704,SCSI_IZIP_EPP16
2705,COMEDI_DEBUG
2706,COMMON_CLK_MT6765_MMSYS
2707,CRYPTO_ZSTD
2708,VIDEO_RJ54N1
2709,NTB_TRANSPORT
2710,PAGE_OWNER
2711,MFD_INTEL_LPSS_PCI
2712,AM2315
2713,POWER_RESET_SYSCON_POWEROFF
2714,SENSORS_NCT7904
2715,SENSORS_ABITUGURU3
2716,EFI_DISABLE_PCI_DMA
2717,DEBUG_VIRTUAL
2718,USB_NET2272_DMA
2719,TIMERFD
2720,MFD_RK808
2721,LSI_ET1011C_PHY
2722,PARIDE_ON26
2723,RTC_NVMEM
2724,PARPORT_AX88796
2725,IMA_APPRAISE_REQUIRE_FIRMWARE_SIGS
2726,JOYSTICK_SIDEWINDER
2727,PMIC_OPREGION
2728,XIAOMI_WMI
2729,NTB
2730,MFD_WM831X_SPI
2731,SENSORS_LTC4215
2732,NLS_CODEPAGE_860
2733,GPIO_TPS68470
2734,BACKLIGHT_LM3639
2735,FB_GOLDFISH
2736,COMMON_CLK_PALMAS
2737,CGROUPS
2738,X86_64_ACPI_NUMA
2739,GPIO_WM8350
2740,PINCTRL_SINGLE
2741,VIDEO_ET8EK8
2742,NLS_ISO8859_9
2743,FB_CARMINE_DRAM_EVAL
2744,GCC_PLUGINS
2745,FB_CFB_FILLRECT
2746,HID_ITE
2747,F2FS_FS_ZSTD
2748,USB4_NET
2749,SENSORS_TMP513
2750,SND_SOC_INTEL_CHT_BSW_RT5645_MACH
2751,LDISC_AUTOLOAD
2752,DMARD09
2753,PLATFORM_MHU
2754,FB_MACMODES
2755,SCSI_SIM710
2756,MMC_SDHCI_OF_ASPEED
2757,PSTORE_RAM
2758,TINYDRM_ILI9225
2759,MFD_TPS65090
2760,WIREGUARD
2761,BPFILTER
2762,NET_DSA_MICROCHIP_KSZ9477
2763,GPIO_MAX732X_IRQ
2764,EROFS_FS_DEBUG
2765,MTD_DATAFLASH_WRITE_VERIFY
2766,MFD_DLN2
2767,HID_ORTEK
2768,PTP_1588_CLOCK_IDT82P33
2769,X86_UMIP
2770,BPF_JIT
2771,SENSORS_LM75
2772,MIGRATION
2773,CHARGER_SMB347
2774,LZ4_DECOMPRESS
2775,TOUCHSCREEN_AD7879_SPI
2776,SENSORS_LM95241
2777,DEV_DAX
2778,BCM_KONA_USB2_PHY
2779,IR_RC6_DECODER
2780,COMMON_CLK_SCPI
2781,CGROUP_WRITEBACK
2782,SCSI_STEX
2783,MESON_GX_SOCINFO
2784,HSA_AMD
2785,UIO_MF624
2786,BACKLIGHT_ATMEL_LCDC
2787,KEYBOARD_ADP5589
2788,OF_DYNAMIC
2789,VEML6070
2790,XEN_GNTDEV
2791,PREVENT_FIRMWARE_BUILD
2792,MEMCG
2793,MFD_MT6397
2794,PM_NOTIFIER_ERROR_INJECT
2795,TRACING_MAP
2796,SND_SOC_WCD934X
2797,INPUT_ADXL34X_I2C
2798,GNSS_UBX_SERIAL
2799,DEBUG_KMEMLEAK_AUTO_SCAN
2800,CRYPTO_LIB_AES
2801,MTD_CFI_I4
2802,REGULATOR_WM8400
2803,NLS_ISO8859_5
2804,X86_DECODER_SELFTEST
2805,HMC6352
2806,NLS_CODEPAGE_1250
2807,TASK_IO_ACCOUNTING
2808,PMIC_DA9052
2809,CRYPTO_CURVE25519
2810,RADIO_MAXIRADIO
2811,STAGING_MEDIA
2812,UBSAN_BOUNDS
2813,TOUCHSCREEN_TSC2004
2814,LATENCYTOP
2815,DELL_WMI_AIO
2816,MOUSE_ELAN_I2C_I2C
2817,NFC_MEI_PHY
2818,PCI_XEN
2819,CRYPTO_KPP
2820,FONT_AUTOSELECT
2821,VFIO_IOMMU_TYPE1
2822,THINKPAD_ACPI_DEBUG
2823,MHI_BUS
2824,I2C_COMPAT
2825,SPI_IMG_SPFI
2826,ASYNC_CORE
2827,CRYPTO_KHAZAD
2828,PSTORE_LZ4HC_COMPRESS
2829,SENSORS_INA2XX
2830,SENSORS_ISL68137
2831,IPMI_PANIC_STRING
2832,XZ_DEC_X86
2833,HDLC_PPP
2834,WIMAX
2835,X86_INTEL_MEMORY_PROTECTION_KEYS
2836,RTC_DRV_M41T80_WDT
2837,NF_CONNTRACK_EVENTS
2838,FB_VIA_DIRECT_PROCFS
2839,SERIAL_8250_EXAR
2840,PINCTRL_PFC_R8A7792
2841,CHECK_SIGNATURE
2842,CHECKPOINT_RESTORE
2843,BCMA_SFLASH
2844,USB_WDM
2845,XEN_FBDEV_FRONTEND
2846,GPIO_ADP5588
2847,RTC_DRV_RV8803
2848,INTEL_ISH_FIRMWARE_DOWNLOADER
2849,DEBUG_BUGVERBOSE
2850,SERIAL_MAX310X
2851,BATMAN_ADV_DEBUGFS
2852,PERF_EVENTS_INTEL_UNCORE
2853,REGULATOR_SLG51000
2854,REED_SOLOMON_TEST
2855,XILINX_LL_TEMAC
2856,DRM_TI_TFP410
2857,I2C_CHARDEV
2858,GPIO_GPIO_MM
2859,MEMSTICK_DEBUG
2860,AD5933
2861,CHARGER_LT3651
2862,TASKS_RCU_GENERIC
2863,REGULATOR_WM831X
2864,AD7780
2865,EDAC_I5400
2866,AD5592R_BASE
2867,TOSHIBA_HAPS
2868,PROC_CPU_RESCTRL
2869,AGP
2870,MTD_SM_COMMON
2871,MFD_MADERA
2872,THERMAL
2873,PINCTRL_MCP23S08_SPI
2874,FB_RADEON_BACKLIGHT
2875,VIDEO_CX88_VP3054
2876,USB_MV_U3D
2877,THINKPAD_ACPI_ALSA_SUPPORT
2878,DRM_I915_DEBUG_RUNTIME_PM
2879,CPU_THERMAL
2880,TCG_TIS_ST33ZP24
2881,DRM_XEN
2882,HID_A4TECH
2883,INPUT_ARIZONA_HAPTICS
2884,RTC_DRV_DS1672
2885,EISA_PCI_EISA
2886,REGULATOR_BCM590XX
2887,IRQ_SIM
2888,XEN_DOM0
2889,MPL115_SPI
2890,THERMAL_WRITABLE_TRIPS
2891,THERMAL_HWMON
2892,SENSORS_W83781D
2893,NET_CLS_CGROUP
2894,CPU_ISOLATION
2895,IIO_ST_PRESS
2896,TI_ADC081C
2897,SERIO
2898,PCIE_DW_PLAT_EP
2899,SENSORS_MAX31790
2900,RTC_DRV_ARMADA38X
2901,ATA_SFF
2902,SENSORS_ADT7310
2903,NLS_MAC_ICELAND
2904,PCMCIA_SMC91C92
2905,SIGNED_PE_FILE_VERIFICATION
2906,MFD_WM8998
2907,SHMEM
2908,NIC7018_WDT
2909,RESET_CONTROLLER
2910,IIO_CROS_EC_SENSORS_CORE
2911,NFC_PN544_MEI
2912,KPSS_XCC
2913,IDE_GD_ATAPI
2914,MLXREG_IO
2915,STACK_TRACER
2916,WIRELESS_WDS
2917,GPIO_TIMBERDALE
2918,IR_WINBOND_CIR
2919,BT_SELFTEST_ECDH
2920,DRM_DP_AUX_CHARDEV
2921,NET_CLS_FLOW
2922,ACPI_APEI_GHES
2923,CPU_SUP_CENTAUR
2924,W1_SLAVE_DS2408_READBACK
2925,ZSTD_DECOMPRESS
2926,SCSI_DEBUG
2927,GPIO_MXC
2928,TEST_UUID
2929,GLOB_SELFTEST
2930,SD_ADC_MODULATOR
2931,X86_AMD_PLATFORM_DEVICE
2932,REGULATOR_MAX8952
2933,AIC7XXX_REG_PRETTY_PRINT
2934,RTC_DRV_DS3232
2935,VIDEO_ALLEGRO_DVT
2936,EXTCON_FSA9480
2937,FB_3DFX_I2C
2938,GAMEPORT_NS558
2939,SERIO_GPIO_PS2
2940,CPU_FREQ_GOV_ONDEMAND
2941,RENESAS_WDT
2942,CIFS_DEBUG_DUMP_KEYS
2943,DM_SWITCH
2944,RTC_DRV_MSM6242
2945,CRYPTO_CAMELLIA
2946,DRM
2947,RMI4_CORE
2948,MMC_SDHCI_CADENCE
2949,SPI_FSL_QUADSPI
2950,SERIAL_ARC_CONSOLE
2951,STACKPROTECTOR_STRONG
2952,DEBUG_OBJECTS_PERCPU_COUNTER
2953,SENSORS_ACPI_POWER
2954,BT_SELFTEST
2955,PINCTRL_PFC_R8A77970
2956,GPIO_MB86S7X
2957,REGULATOR_DEBUG
2958,LEDS_APU
2959,FB_NVIDIA_BACKLIGHT
2960,SOC_ASPEED
2961,DVB_AF9033
2962,REGULATOR_WM8994
2963,CRYPTO_SALSA20
2964,SERIAL_PCH_UART_CONSOLE
2965,SND_SST_IPC_PCI
2966,VIDEO_AU0828
2967,SERIO_ARC_PS2
2968,PROBE_EVENTS
2969,PPS_CLIENT_PARPORT
2970,USERIO
2971,LEDS_TRIGGER_DISK
2972,EXTCON_MAX8997
2973,SENSORS_DA9055
2974,TOUCHSCREEN_GUNZE
2975,EFI_VARS_PSTORE_DEFAULT_DISABLE
2976,NTB_TOOL
2977,DRM_I915_SELFTEST
2978,I2C_ALI1535
2979,PINCTRL_NSP_MUX
2980,DRM_I915_SW_FENCE_CHECK_DAG
2981,F2FS_FS_COMPRESSION
2982,MTRR
2983,JFFS2_FS_POSIX_ACL
2984,HID_KEYTOUCH
2985,VIDEO_OV7740
2986,PCI_EPF_TEST
2987,MAILBOX_TEST
2988,VDPA_SIM
2989,OLPC_XO175
2990,ASHMEM
2991,DMA_FENCE_TRACE
2992,WM8350_WATCHDOG
2993,CRYPTO_CAMELLIA_X86_64
2994,UIO_DMEM_GENIRQ
2995,MMC_CQHCI
2996,EXPORTFS_BLOCK_OPS
2997,SND_SOC_AC97_BUS
2998,W1_SLAVE_DS2408
2999,MEMSTICK
3000,VT8500_TIMER
3001,DRM_EXYNOS_IPP
3002,MTD_NAND_PLATFORM
3003,PCIE_ECRC
3004,INPUT_IQS269A
3005,PINCTRL_MCP23S08_I2C
3006,INTERCONNECT
3007,GPIO_PALMAS
3008,PM
3009,MFD_SYSCON
3010,RC_MAP
3011,MFD_INTEL_LPSS_ACPI
3012,TMPFS_XATTR
3013,REGULATOR_MCP16502
3014,TOUCHSCREEN_TOUCHWIN
3015,MTD_NAND_OMAP_BCH_BUILD
3016,REGULATOR_PALMAS
3017,RTC_DRV_FTRTC010
3018,THUNDER_NIC_BGX
3019,USB_F_TCM
3020,VIDEO_VICODEC
3021,VHOST_CROSS_ENDIAN_LEGACY
3022,CPU_HOTPLUG_STATE_CONTROL
3023,IEEE802154
3024,PWM_LPSS_PCI
3025,REGULATOR_PV88060
3026,USB_OHCI_HCD
3027,EFI_BOOTLOADER_CONTROL
3028,GPIO_WM831X
3029,VALIDATE_FS_PARSER
3030,BMI160_I2C
3031,MFD_SI476X_CORE
3032,MEMSTICK_REALTEK_PCI
3033,RMI4_I2C
3034,DRM_LOAD_EDID_FIRMWARE
3035,SENSORS_ADS7871
3036,SERIAL_8250_DMA
3037,I2C_DAVINCI
3038,VIRTIO_VSOCKETS
3039,REGULATOR_MC13892
3040,PAGE_COUNTER
3041,SENSORS_W83791D
3042,LTC2496
3043,CHT_DC_TI_PMIC_OPREGION
3044,LTC2497
3045,USB_ROLES_INTEL_XHCI
3046,REGULATOR_PWM
3047,BATTERY_BQ27XXX_I2C
3048,MOUSE_APPLETOUCH
3049,BATTERY_CW2015
3050,REGULATOR_MT6358
3051,USB_FUNCTIONFS
3052,ACPI_TABLE_UPGRADE
3053,NET_SCH_RED
3054,BACKLIGHT_CLASS_DEVICE
3055,DEBUG_WX
3056,WLAN_VENDOR_TI
3057,USB_CONFIGFS_F_PRINTER
3058,INTEL_MEI_HDCP
3059,NFTL
3060,TOUCHSCREEN_CYTTSP4_CORE
3061,FONT_8x16
3062,SND_JACK
3063,SENSORS_ABITUGURU
3064,FPGA_MGR_MACHXO2_SPI
3065,EFI_GENERIC_STUB_INITRD_CMDLINE_LOADER
3066,DETECT_HUNG_TASK
3067,PROC_CHILDREN
3068,USB_XHCI_PLATFORM
3069,SENSORS_INSPUR_IPSPS
3070,RTC_DRV_ABX80X
3071,IPMI_PLAT_DATA
3072,PINCTRL_S3C24XX
3073,SENSORS_TSL2550
3074,INTEL_MRFLD_PWRBTN
3075,FB_TFT_UC1701
3076,JOYSTICK_ADI
3077,GENERIC_PINCTRL_GROUPS
3078,AIC79XX_BUILD_FIRMWARE
3079,PINCTRL_ASPEED_G6
3080,RTC_INTF_DEV_UIE_EMUL
3081,KEXEC_BZIMAGE_VERIFY_SIG
3082,INFINIBAND_RDMAVT
3083,CLK_QORIQ
3084,JFFS2_CMODE_PRIORITY
3085,GOOGLE_FIRMWARE
3086,IIO_TIGHTLOOP_TRIGGER
3087,NLS_MAC_INUIT
3088,JSA1212
3089,SQUASHFS_XZ
3090,RCAR_THERMAL
3091,ADE7854
3092,MFD_MX25_TSADC
3093,XILINX_PR_DECOUPLER
3094,MAG3110
3095,USB_GADGET_DEBUG_FS
3096,IDEPCI_PCIBUS_ORDER
3097,VIDEO_PVRUSB2_DEBUGIFC
3098,COMMON_CLK_SI5341
3099,GARP
3100,TCM_FILEIO
3101,AX25_DAMA_SLAVE
3102,USB_CNS3XXX_EHCI
3103,HOLTEK_FF
3104,COMEDI_CB_PCIMDDA
3105,CLK_R8A7740
3106,SPI_DW_DMA
3107,SERIAL_SC16IS7XX_I2C
3108,LEDS_TLC591XX
3109,FB_DEFERRED_IO
3110,FB_UDL
3111,IPMI_POWEROFF
3112,FB_MB862XX_I2C
3113,ENCRYPTED_KEYS
3114,NLS_CODEPAGE_949
3115,SENSORS_W83795_FANCTRL
3116,X86_SUPPORTS_MEMORY_FAILURE
3117,DRM_PANEL_KINGDISPLAY_KD097D04
3118,DVB_S5H1420
3119,TEST_OVERFLOW
3120,DEV_DAX_KMEM
3121,NLS_CODEPAGE_874
3122,SND_SOC_CS4265
3123,BLK_DEV_INTEGRITY
3124,FB_GEODE
3125,DEBUG_VM_RB
3126,CHARGER_MANAGER
3127,MMC_SDHCI
3128,CRYPTO_HW
3129,TCG_TIS_I2C_ATMEL
3130,CC10001_ADC
3131,AIO
3132,PM_ADVANCED_DEBUG
3133,VIA_RHINE_MMIO
3134,PINCTRL_AXP209
3135,WANT_DEV_COREDUMP
3136,TOUCHSCREEN_AD7879
3137,TI_ADC084S021
3138,SENSORS_SHTC1
3139,DMA_OMAP
3140,SECCOMP
3141,ATMEL_SSC
3142,MFD_88PM800
3143,NPCM_ADC
3144,DHT11
3145,REGULATOR_ISL6271A
3146,INPUT_WM831X_ON
3147,SND_SOC_GTM601
3148,LCD_HX8357
3149,MMC
3150,IIO_CROS_EC_LIGHT_PROX
3151,MOUSE_PS2
3152,USB_CDNS3
3153,MFD_LP8788
3154,RELOCATABLE
3155,REISERFS_FS_SECURITY
3156,RTC_DRV_WM8350
3157,HARDENED_USERCOPY_FALLBACK
3158,PNX4008_WATCHDOG
3159,ECRYPT_FS_MESSAGING
3160,USB_CHIPIDEA_MSM
3161,WLAN_VENDOR_ADMTEK
3162,XEN_COMPAT_XENFS
3163,PARIDE_BPCK
3164,INFINIBAND_ADDR_TRANS
3165,SMS_SIANO_RC
3166,INTEL_BXT_PMIC_THERMAL
3167,ASYNC_RAID6_TEST
3168,CRYPTO_USER_API_AEAD
3169,BCMA
3170,NTFS_RW
3171,LEDS_TRIGGER_TIMER
3172,MMC_REALTEK_PCI
3173,NOTIFIER_ERROR_INJECTION
3174,ACPI_DOCK
3175,PTP_1588_CLOCK
3176,DRM_I2C_NXP_TDA998X
3177,NLS_MAC_CENTEURO
3178,BT_HCIUART_QCA
3179,JFFS2_ZLIB
3180,MEMORY_NOTIFIER_ERROR_INJECT
3181,SERIAL_SH_SCI
3182,HID_ACRUX_FF
3183,LEDS_MLXREG
3184,PSTORE_DEFLATE_COMPRESS
3185,RTC_DRV_S35390A
3186,GREYBUS_POWER
3187,DEBUG_DEVRES
3188,SAMPLE_WATCH_QUEUE
3189,MICROCODE_INTEL
3190,PM_DEVFREQ
3191,MEN_Z188_ADC
3192,LEDS_LP8788
3193,VIDEOMODE_HELPERS
3194,MTD_NAND_DENALI_PCI
3195,SPI_BUTTERFLY
3196,CLK_RCAR_GEN2_CPG
3197,VIDEO_TW9903
3198,USB_SERIAL_FTDI_SIO
3199,INPUT_APANEL
3200,PINCTRL_IPQ4019
3201,BACKLIGHT_WM831X
3202,DMADEVICES
3203,CRYPTO_PCRYPT
3204,SENSORS_LM93
3205,FB_SAVAGE
3206,SND_SOC_TEGRA_RT5677
3207,FSCACHE_HISTOGRAM
3208,ZBUD
3209,REGULATOR_RC5T583
3210,RTC_DRV_PCF2123
3211,IP6_NF_RAW
3212,BATMAN_ADV_DEBUG
3213,FS_ENCRYPTION
3214,XFS_RT
3215,CRYPTO_NHPOLY1305_AVX2
3216,LEDS_GPIO
3217,MMC_SDHCI_OF_ARASAN
3218,FIRMWARE_MEMMAP
3219,HID_ALPS
3220,BT_FEATURE_DEBUG
3221,PARAVIRT_TIME_ACCOUNTING
3222,SPI_CLPS711X
3223,SLAB_MERGE_DEFAULT
3224,USB_STV06XX
3225,SUSPEND_SKIP_SYNC
3226,SENSORS_SCH56XX_COMMON
3227,PINCTRL_CEDARFORK
3228,DRM_AMDGPU_SI
3229,CHARGER_UCS1002
3230,MDIO_OCTEON
3231,VIRTIO_FS
3232,MTD_BLOCK_RO
3233,XDP_SOCKETS_DIAG
3234,UTS_NS
3235,VIDEO_OV2740
3236,SPMI
3237,RTC_DRV_STMP
3238,SC1200_WDT
3239,SND_SOC_CX20442
3240,UBIFS_FS_ZLIB
3241,SND_PROC_FS
3242,PROVIDE_OHCI1394_DMA_INIT
3243,MACINTOSH_DRIVERS
3244,EEPROM_LEGACY
3245,USB_ARMLINUX
3246,DEBUG_WW_MUTEX_SLOWPATH
3247,NET_SCH_FQ
3248,MEDIA_DIGITAL_TV_SUPPORT
3249,DVB_IX2505V
3250,CRYPTO_USER_API_RNG
3251,MTD_NAND_CORE
3252,KEYBOARD_CROS_EC
3253,MTD_AMD76XROM
3254,EDAC_I7CORE
3255,SCSI_DH_RDAC
3256,CGROUP_DEBUG
3257,RPMSG
3258,EFI
3259,GREYBUS_VIBRATOR
3260,BACKLIGHT_PWM
3261,DRM_I915_CAPTURE_ERROR
3262,FW_LOADER
3263,FPGA_DFL_AFU
3264,SENSORS_W83792D
3265,USB_DWC3_HOST
3266,DVB_TDA10023
3267,MACSEC
3268,ARCH_WANT_COMPAT_IPC_PARSE_VERSION
3269,NET_DSA_SJA1105_PTP
3270,UPROBES
3271,EVENT_TRACE_STARTUP_TEST
3272,DEBUG_VM_PGTABLE
3273,DEBUG_TLBFLUSH
3274,CPU_IDLE_GOV_MENU
3275,WLAN
3276,LEDS_BLINKM
3277,AX25
3278,PHY_MTK_UFS
3279,GP2AP002
3280,XEN_DEBUG_FS
3281,STM_SOURCE_HEARTBEAT
3282,MOUSE_PS2_SYNAPTICS
3283,PHY_MIXEL_MIPI_DPHY
3284,HP03
3285,CRYPTO_DEV_ATMEL_TDES
3286,NETFILTER_XT_TARGET_MASQUERADE
3287,CRYPTO_VMAC
3288,INPUT_TWL4030_PWRBUTTON
3289,UNIPHIER_EFUSE
3290,STM_PROTO_BASIC
3291,CRYPTO_MANAGER_EXTRA_TESTS
3292,FS_POSIX_ACL
3293,ROCKCHIP_THERMAL
3294,MMC_DEBUG
3295,V4L2_MEM2MEM_DEV
3296,PWM_TWL
3297,EDAC_IE31200
3298,AD525X_DPOT_I2C
3299,DMADEVICES_VDEBUG
3300,W1_SLAVE_DS28E17
3301,DM_DUST
3302,QCOM_GENI_SE
3303,COMEDI_ADDI_APCI_1032
3304,FB_RADEON_I2C
3305,PWM_BRCMSTB
3306,MODULE_ALLOW_MISSING_NAMESPACE_IMPORTS
3307,SENSORS_APPLESMC
3308,SND_SOC_CS42L51_I2C
3309,FB_MATROX_MAVEN
3310,LEDS_TRIGGER_DEFAULT_ON
3311,MSM_GCC_8996
3312,MT76_LEDS
3313,SERIO_ALTERA_PS2
3314,SAMPLE_AUXDISPLAY
3315,INPUT_ADXL34X
3316,NET_SCH_MULTIQ
3317,PHY_INTEL_EMMC
3318,SND_SOC_PCM512x_SPI
3319,TEST_MIN_HEAP
3320,SOC_TEGRA20_VOLTAGE_COUPLER
3321,SENSORS_LM95245
3322,SND_ES1938
3323,VIDEO_OV6650
3324,RTC_DRV_EP93XX
3325,DRM_KMS_HELPER
3326,COMMON_CLK_MT6765_VCODECSYS
3327,IPMI_WATCHDOG
3328,BNX2
3329,SND_AC97_CODEC
3330,RATIONAL
3331,NET_VENDOR_HISILICON
3332,INGENIC_VPU_RPROC
3333,I2C_AMD756_S4882
3334,PWM_IQS620A
3335,AD525X_DPOT
3336,SCIF_BUS
3337,GPIO_ALTERA
3338,USB_EHSET_TEST_FIXTURE
3339,MEDIA_TUNER_MXL301RF
3340,LOCALVERSION_AUTO
3341,FPGA_DFL_FME_BRIDGE
3342,DEBUG_KOBJECT_RELEASE
3343,SERIAL_MAX3100
3344,INTEL_HID_EVENT
3345,POWER_RESET_AS3722
3346,KPROBES
3347,SND_SOC_TAS2552
3348,NET_SCH_HFSC
3349,CRYPTO_WP512
3350,TRACEPOINT_BENCHMARK
3351,ADIS16080
3352,RC_CORE
3353,SND_SOC_SOF_STRICT_ABI_CHECKS
3354,DM_INTEGRITY
3355,F71808E_WDT
3356,QCOM_APCS_IPC
3357,CGROUP_BPF
3358,REGULATOR_DA9211
3359,SCSI_VIRTIO
3360,MFD_CS47L85
3361,CRYPTO_FCRYPT
3362,PERF_USE_VMALLOC
3363,NVM
3364,WILCO_EC
3365,I40E
3366,MFD_CS5535
3367,ACRN_GUEST
3368,PSTORE_ZSTD_COMPRESS
3369,TOUCHSCREEN_AD7877
3370,GENERIC_ALLOCATOR
3371,IDE_GD_ATA
3372,FB_CARILLO_RANCH
3373,LEDS_TRIGGER_CAMERA
3374,INET6_IPCOMP
3375,VIDEO_TEA6415C
3376,TSYS02D
3377,TINYDRM_ST7735R
3378,DRM_MXS
3379,FB_MATROX_I2C
3380,USB_F_HID
3381,NUMA_BALANCING_DEFAULT_ENABLED
3382,MTD_BLOCK
3383,PPP_MPPE
3384,UNISYSSPAR
3385,MSDOS_FS
3386,PROVE_RAW_LOCK_NESTING
3387,DVB_SP2
3388,PSTORE
3389,MTD_SHARPSL_PARTS
3390,NET_DSA_SJA1105
3391,INTEL_TH_PTI
3392,BATTERY_MAX17042
3393,CRYPTO_LIB_POLY1305
3394,LEDS_REGULATOR
3395,CAN_MCBA_USB
3396,X86_ACPI_CPUFREQ
3397,COMMON_CLK_HI3660
3398,HIBERNATION_SNAPSHOT_DEV
3399,NFC_PN532_UART
3400,LEDS_NIC78BX
3401,REGULATOR_ISL9305
3402,GPIO_WS16C48
3403,BATTERY_DA9030
3404,MFD_WM8994
3405,REGULATOR_MT6323
3406,USB_SERIAL_SAFE_PADDED
3407,VHOST_MENU
3408,LEDS_LT3593
3409,SECURITY
3410,NLS_CODEPAGE_850
3411,BXT_WC_PMIC_OPREGION
3412,REGULATOR_VIRTUAL_CONSUMER
3413,SND_SOC_AMD_RV_RT5682_MACH
3414,USBIP_DEBUG
3415,I2C_MUX_PCA9541
3416,TCP_CONG_HSTCP
3417,HID_HOLTEK
3418,SND_VERBOSE_PROCFS
3419,JFFS2_FS_WRITEBUFFER
3420,SERIAL_MILBEAUT_USIO_CONSOLE
3421,BATMAN_ADV_SYSFS
3422,PINCTRL_PFC_R8A7743
3423,X86_GOLDFISH
3424,INTEL_SCU_WATCHDOG
3425,DEFERRED_STRUCT_PAGE_INIT
3426,MPU3050
3427,REGULATOR_SY8106A
3428,SERIAL_SIFIVE
3429,USB_MON
3430,MD_RAID10
3431,NTB_SWITCHTEC
3432,DVB_A8293
3433,AD525X_DPOT_SPI
3434,VIDEO_MT9V032
3435,HPFS_FS
3436,XEN_BACKEND
3437,VIDEO_HEXIUM_ORION
3438,TEST_KSTRTOX
3439,CRYPTO_XTS
3440,MFD_WM5110
3441,VIDEO_OV2640
3442,AXP288_FUEL_GAUGE
3443,VIDEO_ADV7604_CEC
3444,CRC16
3445,PARIDE_PF
3446,UBIFS_FS_AUTHENTICATION
3447,IPMB_DEVICE_INTERFACE
3448,NF_CONNTRACK_ZONES
3449,MFD_WM8350
3450,BFS_FS
3451,TI_TLC4541
3452,RESET_MESON_AUDIO_ARB
3453,DRM_GEM_CMA_HELPER
3454,DVB_SP887X
3455,DVB_DDBRIDGE_MSIENABLE
3456,I2C_IMX_LPI2C
3457,PCCARD_NONSTATIC
3458,JOYSTICK_ZHENHUA
3459,DMADEVICES_DEBUG
3460,IIO_DUMMY_EVGEN
3461,FREEZER
3462,NET_KEY
3463,NOUVEAU_DEBUG_MMU
3464,IOMMU_SUPPORT
3465,CHARGER_BQ24190
3466,MFD_TPS65912_I2C
3467,NFC_ST_NCI
3468,QRTR
3469,HANGCHECK_TIMER
3470,PATA_PDC_OLD
3471,CROS_EC_CHARDEV
3472,RMI4_F12
3473,RTC_DRV_DS1347
3474,XILINX_VCU
3475,BATTERY_GOLDFISH
3476,RC_DECODERS
3477,SND_SEQ_DUMMY
3478,SERIAL_XILINX_PS_UART
3479,USB_SERIAL_GENERIC
3480,BCH_CONST_PARAMS
3481,HSI
3482,SND_HDA_RECONFIG
3483,EXT3_FS
3484,PROFILING
3485,LCD_PLATFORM
3486,PINCTRL_PFC_SH7724
3487,NLS_ISO8859_8
3488,HID_SAMSUNG
3489,BINFMT_MISC
3490,HVC_DRIVER
3491,CHARGER_AXP20X
3492,CRYPTO_LIB_CHACHA
3493,IMX7D_ADC
3494,IOMMU_DMA
3495,SENSORS_HMC5843
3496,VIDEO_ADV7604
3497,UX500_SOC_ID
3498,PERF_EVENTS_INTEL_CSTATE
3499,COMMON_CLK_MT6779_VDECSYS
3500,CHARGER_BD99954
3501,SENSORS_ADS7828
3502,RSI_DEBUGFS
3503,PINCTRL_PFC_SH7720
3504,SCTP_DEFAULT_COOKIE_HMAC_MD5
3505,IR_SERIAL_TRANSMITTER
3506,MESON_GXBB_WATCHDOG
3507,THINKPAD_ACPI_VIDEO
3508,TOUCHSCREEN_USB_JASTEC
3509,CAIF_SPI_SYNC
3510,SCSI_SAS_HOST_SMP
3511,COMEDI_NI_LABPC_ISADMA
3512,NLS_MAC_ROMAN
3513,EM_TIMER_STI
3514,MOUSE_PS2_ELANTECH_SMBUS
3515,PTDUMP_CORE
3516,CRYPTO_CRC32C_INTEL
3517,NFT_REJECT_IPV4
3518,LOGO_LINUX_CLUT224
3519,MFD_SM501
3520,DM_DEBUG_BLOCK_STACK_TRACING
3521,QED_LL2
3522,SENSORS_ASC7621
3523,EEPROM_93XX46
3524,EFI_FAKE_MEMMAP
3525,PVH
3526,VIDEO_SONY_BTF_MPX
3527,WQ_WATCHDOG
3528,CRYPTO_RNG_DEFAULT
3529,SENSORS_W83627EHF
3530,MMC_WBSD
3531,SENSORS_ADM1025
3532,COMMON_CLK_CDCE706
3533,CB710_CORE
3534,COMMON_CLK_S2MPS11
3535,HOTPLUG_PCI_CPCI
3536,IIO_CROS_EC_ACCEL_LEGACY
3537,MXC6255
3538,ALTERA_PR_IP_CORE
3539,MISC_FILESYSTEMS
3540,CRYPTO_CBC
3541,CRYPTO_LIB_ARC4
3542,6LOWPAN_NHC_UDP
3543,PARPORT_PC_PCMCIA
3544,MTD_NAND_FSL_IFC
3545,XEN_PVH
3546,USB_ETH_EEM
3547,USB_GSPCA_OV534
3548,VIDEO_USBVISION
3549,TYPEC_DP_ALTMODE
3550,RTC_CLASS
3551,GPIO_AMD_FCH
3552,SND_CTL_VALIDATION
3553,FIREWIRE
3554,STX104
3555,BATMAN_ADV_NC
3556,CAPI_TRACE
3557,CHARGER_RT9455
3558,FB_MATROX_G
3559,TIME_NS
3560,MTD_MAP_BANK_WIDTH_8
3561,SND_SEQUENCER_OSS
3562,SMSC_PHY
3563,EXTCON_GPIO
3564,MEDIA_TEST_SUPPORT
3565,NLS
3566,RESET_PISTACHIO
3567,BATTERY_MAX17040
3568,DMA_ENGINE_RAID
3569,BCM_VIDEOCORE
3570,PWM_SYSFS
3571,DRM_PANEL_RASPBERRYPI_TOUCHSCREEN
3572,CRYPTO_AEAD
3573,VIRTIO_MENU
3574,IR_SANYO_DECODER
3575,DEBUG_KMEMLEAK_DEFAULT_OFF
3576,BACKLIGHT_AS3711
3577,RTC_DRV_MAX6902
3578,GPIO_INTEL_MID
3579,IP_SET
3580,HID_PICOLCD_LCD
3581,ATM_NICSTAR_USE_IDT77105
3582,ZRAM_MEMORY_TRACKING
3583,HW_RANDOM
3584,MFD_MAX77843
3585,JOYSTICK_DB9
3586,R6040
3587,DM_VERITY_FEC
3588,NFC_NCI
3589,PM_SLEEP
3590,MOUSE_ELAN_I2C_SMBUS
3591,OPROFILE_EVENT_MULTIPLEX
3592,BROADCOM_PHY
3593,KEXEC_CORE
3594,SECCOMP_FILTER
3595,LOGO
3596,REGULATOR_BD9571MWV
3597,CADENCE_WATCHDOG
3598,SND_SOC_WM8804_I2C
3599,VIDEO_TW2804
3600,SENSORS_LTC4260
3601,DS4424
3602,MAC_EMUMOUSEBTN
3603,RTC_DRV_LP8788
3604,MFD_MAX8997
3605,MPTCP_HMAC_TEST
3606,REGULATOR_PFUZE100
3607,NLS_MAC_ROMANIAN
3608,W1_SLAVE_DS2423
3609,GPIO_AGGREGATOR
3610,NLS_CODEPAGE_863
3611,PINCTRL_BROXTON
3612,BCMA_DRIVER_GPIO
3613,DRM_DISPLAY_CONNECTOR
3614,ITG3200
3615,DEBUG_OBJECTS_RCU_HEAD
3616,GPIO_MAX732X
3617,SND_SOC_WM5102
3618,SENSORS_PCF8591
3619,EISA_NAMES
3620,REGULATOR_ACT8945A
3621,SERIAL_FSL_LPUART_CONSOLE
3622,PCF50633_GPIO
3623,CFG80211_DEFAULT_PS
3624,NFS_FS
3625,NFP_DEBUG
3626,I2C_OCORES
3627,MDIO_SUN4I
3628,BFQ_CGROUP_DEBUG
3629,POWER_RESET_LTC2952
3630,FONT_SUPPORT
3631,FSI_SBEFIFO
3632,DRM_AMDGPU_GART_DEBUGFS
3633,ZSMALLOC_PGTABLE_MAPPING
3634,BLK_WBT
3635,SENSORS_DRIVETEMP
3636,MMCONF_FAM10H
3637,JOYSTICK_A3D
3638,MQ_IOSCHED_KYBER
3639,INIT_ON_FREE_DEFAULT_ON
3640,MSI_WMI
3641,USB_SI470X
3642,DRM_I915_WERROR
3643,CARDBUS
3644,CRYPTO_CAST6
3645,MISDN_L1OIP
3646,SENSORS_LTC4151
3647,SPS30
3648,SECURITYFS
3649,CLK_LS1028A_PLLDIG
3650,W1_SLAVE_DS2433_CRC
3651,QNX6FS_FS
3652,SERIAL_IPOCTAL
3653,PINCTRL_PFC_SH7722
3654,X86_REROUTE_FOR_BROKEN_BOOT_IRQS
3655,LEDS_TRIGGER_NETDEV
3656,CPUFREQ_DT_PLATDEV
3657,REGULATOR_AAT2870
3658,DEBUG_OBJECTS_WORK
3659,DEFAULT_HTCP
3660,QCOM_VADC_COMMON
3661,SND_SOC_WM8782
3662,W1_SLAVE_DS250X
3663,IT8712F_WDT
3664,BUG_ON_DATA_CORRUPTION
3665,IMA_WRITE_POLICY
3666,GOLDFISH_AUDIO
3667,SPI_MEM
3668,DPOT_DAC
3669,DEBUG_PER_CPU_MAPS
3670,MODULE_SIG_FORMAT
3671,X25
3672,MLXSW_MINIMAL
3673,PHY_INTEL_COMBO
3674,FRAMEBUFFER_CONSOLE_DETECT_PRIMARY
3675,PKCS8_PRIVATE_KEY_PARSER
3676,CRYPTO_LIB_BLAKE2S
3677,BACKLIGHT_LM3630A
3678,COMPAT_32BIT_TIME
3679,LEDS_TRIGGER_CPU
3680,DECNET_NF_GRABULATOR
3681,TOUCHSCREEN_EGALAX_SERIAL
3682,MPILIB
3683,MESON_MX_SOCINFO
3684,TOUCHSCREEN_MTOUCH
3685,SAMSUNG_MC
3686,PATA_AMD
3687,TRACE_SINK
3688,LEDS_TRIGGER_ONESHOT
3689,VIDEO_CAFE_CCIC
3690,DRM_PANEL_SHARP_LS043T1LE01
3691,MMC_HSQ
3692,DRM_PARADE_PS8622
3693,HX711
3694,POWER_RESET_RMOBILE
3695,BLK_DEV_IDEPNP
3696,FONT_TER16x32
3697,UNISYS_VISORBUS
3698,SENSORS_BT1_PVT_ALARMS
3699,X86_SMAP
3700,AD7606
3701,PHY_LPC18XX_USB_OTG
3702,RTC_DRV_RX8025
3703,SND_DRIVERS
3704,FB_HGA
3705,PWM_ZX
3706,APDS9802ALS
3707,NLS_CODEPAGE_852
3708,SPI_SLAVE
3709,REGULATOR_BD71828
3710,INTEL_SCU_IPC
3711,SERIAL_SCCNXP
3712,MODIFY_LDT_SYSCALL
3713,H8300_TMR8
3714,BATTERY_GAUGE_LTC2941
3715,YENTA_RICOH
3716,EVENTFD
3717,KGDB_SERIAL_CONSOLE
3718,USB_PWC_INPUT_EVDEV
3719,PWM_MEDIATEK
3720,SENSORS_ADM1031
3721,SERIAL_8250_DEPRECATED_OPTIONS
3722,QUICC_ENGINE
3723,PDA_POWER
3724,GPIO_BD9571MWV
3725,IA32_FEAT_CTL
3726,SND_SOC_MAX98390
3727,OMAP4_THERMAL
3728,PINCTRL_PFC_SH7757
3729,PHY_MESON_G12A_USB3_PCIE
3730,USB_SERIAL_XSENS_MT
3731,USB_U132_HCD
3732,NLS_MAC_GAELIC
3733,SENSORS_LIS3_I2C
3734,CLK_OWL_S500
3735,CRYPTO_DEV_SP_PSP
3736,DM_CLONE
3737,IP_FIB_TRIE_STATS
3738,REGULATOR_MT6397
3739,DMA_OF
3740,X86_PMEM_LEGACY
3741,SYSC_R8A774B1
3742,CRYPTO_TWOFISH_COMMON
3743,BSD_PROCESS_ACCT_V3
3744,REGULATOR_MT6311
3745,PATA_NS87415
3746,REED_SOLOMON_ENC8
3747,LEDS_DA903X
3748,GPIO_LP3943
3749,OVERLAY_FS_METACOPY
3750,IIO_SIMPLE_DUMMY_BUFFER
3751,SENSORS_LM87
3752,HID_ELECOM
3753,CLEANCACHE
3754,SECURITY_YAMA
3755,SENSORS_BEL_PFE
3756,GPIO_RDC321X
3757,DIGICOLOR_WATCHDOG
3758,BUILD_BIN2C
3759,HID_EMS_FF
3760,HID_GOOGLE_HAMMER
3761,ACCESSIBILITY
3762,ATLAS_PH_SENSOR
3763,SAMPLE_TIMER
3764,KEXEC_FILE
3765,SCTP_DBG_OBJCNT
3766,MEDIA_TUNER_R820T
3767,PATA_NS87410
3768,LXT_PHY
3769,CHARGER_MAX8997
3770,MAC802154
3771,MFD_MAX8925
3772,GPIO_CADENCE
3773,VME_USER
3774,ASPEED_WATCHDOG
3775,NET_VENDOR_XILINX
3776,MTD_PHYSMAP_GEMINI
3777,CRYPTO_SIMD
3778,XZ_DEC_BCJ
3779,MFD_TI_LMU
3780,MOXA_INTELLIO
3781,SI1133
3782,AXP288_ADC
3783,CLK_SIFIVE
3784,RTC_DRV_HYM8563
3785,SC27XX_EFUSE
3786,LEGACY_PTYS
3787,BCH
3788,QCOM_EMAC
3789,WDTPCI
3790,CPU_IDLE_GOV_HALTPOLL
3791,HID_UDRAW_PS3
3792,MFD_WM5102
3793,SATA_DWC_OLD_DMA
3794,USB_GADGET_VERBOSE
3795,VIDEO_S5C73M3
3796,COMPAT_BRK
3797,MFD_ARIZONA_I2C
3798,IIO_ST_LSM6DSX_I3C
3799,COMMON_CLK_CS2000_CP
3800,SENSORS_IIO_HWMON
3801,F2FS_FS_LZORLE
3802,HOTPLUG_PCI_ACPI_IBM
3803,SYMBOLIC_ERRNAME
3804,BT_HCIUART_BCM
3805,NET_CLS_U32
3806,FS_DAX_PMD
3807,SCSI_QLA_FC
3808,ATM_CLIP
3809,CLKSRC_PISTACHIO
3810,DVB_TUA6100
3811,SERIAL_8250_CONSOLE
3812,CRYPTO_CRC32
3813,SND_SOC_DA7219
3814,FSL_EDMA
3815,PINCTRL_PXA
3816,QUOTA_TREE
3817,PING
3818,DEBUG_OBJECTS_TIMERS
3819,INPUT_GPIO_VIBRA
3820,GCC_PLUGIN_LATENT_ENTROPY
3821,MFD_88PM860X
3822,MAC80211_DEBUG_MENU
3823,IR_RCMM_DECODER
3824,SENSORS_PC87427
3825,DAX_DRIVER
3826,SIOX
3827,BLK_CGROUP_RWSTAT
3828,BOOTTIME_TRACING
3829,AD2S90
3830,SND_SOC_MT6358
3831,HP_WATCHDOG
3832,HWLAT_TRACER
3833,INTEL_IOMMU_SVM
3834,MMC_SDHCI_IPROC
3835,I2C_MUX_PCA954x
3836,XZ_DEC
3837,FPGA_MGR_SOCFPGA_A10
3838,MTD_OTP
3839,SENSORS_LM25066
3840,BATTERY_DS2760
3841,CRYPTO_NULL
3842,CIFS_POSIX
3843,ELFCORE
3844,SENSORS_AD7414
3845,PANIC_ON_OOPS
3846,NET_SCH_GRED
3847,NPCM7XX_KCS_IPMI_BMC
3848,SI7020
3849,SUN8I_R_CCU
3850,MFD_HI6421_PMIC
3851,PWM_SAMSUNG
3852,EPOLL
3853,GPIO_WATCHDOG_ARCH_INITCALL
3854,SND_SPI
3855,SERIAL_LANTIQ_CONSOLE
3856,SERIAL_ALTERA_UART
3857,AT91_SOC_ID
3858,DEBUG_GPIO
3859,HID_GEMBIRD
3860,KEXEC_JUMP
3861,KEYBOARD_LKKBD
3862,BLK_DEV_CMD640_ENHANCED
3863,DEBUG_TIMEKEEPING
3864,MAX31856
3865,FANOTIFY
3866,USB_CONFIGFS_ECM
3867,SOUNDWIRE
3868,RTC_DRV_PCF85063
3869,SENSORS_ADT7X10
3870,FB_ATY
3871,CAIF_DEBUG
3872,MENF21BMC_WATCHDOG
3873,SND_SOC_INTEL_MACH
3874,REBOOT_MODE
3875,TOUCHSCREEN_USB_ETURBO
3876,SENSORS_MENF21BMC_HWMON
3877,DRM_AST
3878,SND_MESON_AIU
3879,IPMI_PANIC_EVENT
3880,CGROUP_PERF
3881,UIO_AEC
3882,DRM_AMDGPU_USERPTR
3883,SND_SOC_CS35L32
3884,HID_LENOVO
3885,DVB_STV0288
3886,CRYPTO_RMD160
3887,SND_HDA_CODEC_SI3054
3888,PHY_NS2_USB_DRD
3889,I2C_GPIO_FAULT_INJECTOR
3890,PTDUMP_DEBUGFS
3891,SYSC_R8A77970
3892,RTC_DRV_DS3232_HWMON
3893,SBC_FITPC2_WATCHDOG
3894,HID_GT683R
3895,CRYPTO_GHASH_CLMUL_NI_INTEL
3896,GPIO_104_DIO_48E
3897,VIDEO_PVRUSB2_DVB
3898,REGULATOR_TPS80031
3899,SLUB_DEBUG_ON
3900,PWM_TIECAP
3901,DEBUG_PINCTRL
3902,BCM2835_VCHIQ
3903,RBTREE_TEST
3904,SERIO_APBPS2
3905,DVB_B2C2_FLEXCOP_USB_DEBUG
3906,SCHED_HRTICK
3907,BCM47XX_SPROM
3908,MULTIUSER
3909,LTPC
3910,SECURITY_LOCKDOWN_LSM
3911,CLK_RZA1
3912,TPS6105X
3913,CRYPTO_DEV_IMGTEC_HASH
3914,MMC_SDHCI_PCI
3915,DRM_PANEL_ROCKTECH_JH057N00900
3916,FB_NVIDIA_DEBUG
3917,PNP_DEBUG_MESSAGES
3918,DEBUG_OBJECTS_FREE
3919,X86_DEBUG_FPU
3920,NET_EMATCH_META
3921,LEDS_MLXCPLD
3922,USB_SERIAL_BELKIN
3923,TEE
3924,SQUASHFS_ZLIB
3925,PCIE_CADENCE_EP
3926,RESET_INTEL_GW
3927,DRM_PANEL_ILITEK_ILI9881C
3928,DRM_PANEL_ARM_VERSATILE
3929,GREYBUS_FIRMWARE
3930,PERSISTENT_KEYRINGS
3931,I2C_DEBUG_ALGO
3932,MV_XOR
3933,EXTCON_MAX3355
3934,MLX_WDT
3935,FPGA_MGR_ZYNQ_FPGA
3936,CRYPTO_AES_TI
3937,UAPI_HEADER_TEST
3938,RPMSG_CHAR
3939,RMI4_F03_SERIO
3940,SAMPLE_PIDFD
3941,BACKLIGHT_ADP8860
3942,RTC_DRV_TPS65910
3943,MFD_ATMEL_HLCDC
3944,USB_EHCI_TT_NEWSCHED
3945,CRYPTO_DRBG_HMAC
3946,VZ89X
3947,DEBUG_PAGEALLOC_ENABLE_DEFAULT
3948,ACPI_TINY_POWER_BUTTON
3949,BOOTPARAM_HUNG_TASK_PANIC
3950,SND_SEQ_HRTIMER_DEFAULT
3951,CROS_EC
3952,CONSOLE_TRANSLATIONS
3953,RTC_DRV_PCF85363
3954,COMMON_CLK_MT2701_MMSYS
3955,PINCTRL_PFC_R8A77990
3956,SENSORS_SHT21
3957,TI_CPSW_PHY_SEL
3958,PINCTRL_INGENIC
3959,UBIFS_FS_SECURITY
3960,INPUT_XEN_KBDDEV_FRONTEND
3961,STMPE_SPI
3962,PCMCIA_LOAD_CIS
3963,LEDS_USER
3964,OF_PMEM
3965,AIX_PARTITION
3966,RAPIDIO_DEBUG
3967,ATH11K_DEBUGFS
3968,SENSORS_MAX1668
3969,UNICODE_NORMALIZATION_SELFTEST
3970,IBMASR
3971,NET_ACT_SIMP
3972,SENSORS_DA9052_ADC
3973,BT_MSFTEXT
3974,MFD_WL1273_CORE
3975,VIDEO_V4L2_I2C
3976,PPS_DEBUG
3977,MICROCODE
3978,COMEDI_NI_TIO
3979,JOYSTICK_TURBOGRAFX
3980,RTC_DRV_PCF50633
3981,RTC_DRV_ZYNQMP
3982,DEV_DAX_HMEM
3983,RADIO_RTRACK
3984,FPGA_MGR_XILINX_SPI
3985,VIDEO_SAA7134
3986,I2C_SCMI
3987,HID_LOGITECH_HIDPP
3988,EXPORTFS
3989,FIRMWARE_EDID
3990,INPUT_MAX8997_HAPTIC
3991,GPIO_XILINX
3992,CRYPTO_LIB_BLAKE2S_GENERIC
3993,FHANDLE
3994,CLK_R8A7743
3995,PAGE_POISONING_NO_SANITY
3996,DW_APB_TIMER
3997,SENSORS_MAX6621
3998,IQS621_ALS
3999,CPU5_WDT
4000,PANEL
4001,IIO_SYSFS_TRIGGER
4002,SND_SOC_WM8804_SPI
4003,SERIAL_HS_LPC32XX_CONSOLE
4004,HID_MALTRON
4005,VFIO_PCI_IGD
4006,USER_NS
4007,NETCONSOLE_DYNAMIC
4008,CRYPTO_SHA512_SSSE3
4009,COMEDI_ADDI_APCI_1564
4010,SND_OPL3_LIB
4011,BLK_DEV_DM
4012,SDR_PLATFORM_DRIVERS
4013,BPF_KPROBE_OVERRIDE
4014,MFD_DA9063
4015,SPI_DW_MMIO
4016,VHOST_VDPA
4017,CRYPTO_NHPOLY1305
4018,REGULATOR_MAX8660
4019,GPIO_DA9052
4020,MTD_REDBOOT_PARTS_READONLY
4021,SCSI_3W_SAS
4022,LEDS_88PM860X
4023,CRYPTO_SHA256_SSSE3
4024,BLK_DEV_THROTTLING_LOW
4025,MEDIA_ANALOG_TV_SUPPORT
4026,DELL_SMBIOS_SMM
4027,INPUT_PWM_BEEPER
4028,INPUT_DRV260X_HAPTICS
4029,REGULATOR_TPS6507X
4030,SERIAL_8250_DWLIB
4031,BLK_DEV_IDEDMA_PCI
4032,AD8366
4033,SENSORS_LM83
4034,PALMAS_GPADC
4035,CRYPTO_LIB_CURVE25519_GENERIC
4036,X86_INTEL_PSTATE
4037,SENSORS_ADT7410
4038,CAN_DEBUG_DEVICES
4039,COMEDI_NI_ATMIO
4040,VDPA
4041,ALIM7101_WDT
4042,BLK_CMDLINE_PARSER
4043,RDA_TIMER
4044,INFINIBAND_MTHCA_DEBUG
4045,MOUSE_PS2_TRACKPOINT
4046,POWER_RESET_PIIX4_POWEROFF
4047,SKY2_DEBUG
4048,TCS3472
4049,INTEL_TH_MSU
4050,MAC_PARTITION
4051,DECNET_ROUTER
4052,RTC_DRV_R7301
4053,NLS_CODEPAGE_936
4054,ACPI_SPCR_TABLE
4055,NTB_IDT
4056,CPU_SUP_AMD
4057,OMAP_WATCHDOG
4058,SENSORS_MAX8688
4059,NET_L3_MASTER_DEV
4060,SWAP
4061,QCOM_HIDMA
4062,SENSORS_TC654
4063,SERIAL_RP2
4064,NLS_CODEPAGE_864
4065,MOST
4066,SERIAL_8250_CS
4067,COMMON_CLK_HI3798CV200
4068,SND_PDAUDIOCF
4069,COMEDI_MPC624
4070,CRYPTO_LIB_CURVE25519
4071,V4L_TEST_DRIVERS
4072,BACKLIGHT_LM3533
4073,LEDS_TRIGGER_PANIC
4074,QFMT_V1
4075,I2C_SLAVE_EEPROM
4076,INGENIC_ADC
4077,GPIO_SIFIVE
4078,CMDLINE_BOOL
4079,TOUCHSCREEN_STMPE
4080,SYSFS_DEPRECATED
4081,INTEL_MID_PTI
4082,EISA
4083,LEDS_TRIGGER_PATTERN
4084,QUOTACTL_COMPAT
4085,VMWARE_VMCI
4086,XXHASH
4087,PPP_MULTILINK
4088,LEDS_TRIGGER_MTD
4089,USB_PXA27X
4090,T5403
4091,FB_S1D13XXX
4092,FB_VIRTUAL
4093,CRYPTO_TEA
4094,SND_FM801_TEA575X_BOOL
4095,UIO_HV_GENERIC
4096,THINKPAD_ACPI_DEBUGFACILITIES
4097,NET_VENDOR_SYNOPSYS
4098,VIDEO_TDA9840
4099,USB_DWC3_DUAL_ROLE
4100,ARMADA_37XX_RWTM_MBOX
4101,X86_CPU_RESCTRL
4102,ATM
4103,USB_SERIAL_OMNINET
4104,REGULATOR_S2MPA01
4105,DM_MULTIPATH_QL
4106,SCSI_SYM53C8XX_MMIO
4107,XEN_NETDEV_FRONTEND
4108,CDROM_PKTCDVD
4109,INPUT_MC13783_PWRBUTTON
4110,INPUT_PCSPKR
4111,TCM_PSCSI
4112,TORTURE_TEST
4113,GPIO_BD71828
4114,GPIO_DWAPB
4115,REED_SOLOMON_ENC16
4116,USB_DYNAMIC_MINORS
4117,FB_SAVAGE_ACCEL
4118,HTC_PASIC3
4119,DVB_CXD2099
4120,VCNL3020
4121,IPMI_SSIF
4122,GREYBUS_PWM
4123,EXYNOS_IRQ_COMBINER
4124,VIDEO_ADV7183
4125,EXTCON_INTEL_MRFLD
4126,MFD_MAX77620
4127,SYSC_R8A7743
4128,SERIO_PARKBD
4129,MAPPING_DIRTY_HELPERS
4130,SENSORS_HIH6130
4131,PVPANIC
4132,CRYPTO_DEV_VIRTIO
4133,VSOCKETS
4134,PPS_CLIENT_KTIMER
4135,SENSORS_HDAPS
4136,FB_INTEL_DEBUG
4137,BRIDGE_IGMP_SNOOPING
4138,EDAC_PND2
4139,I2C_ST
4140,104_QUAD_8
4141,INTEL_MENLOW
4142,MOUSE_SERIAL
4143,IIO_SIMPLE_DUMMY_EVENTS
4144,SYSFS_SYSCALL
4145,HID_MAGICMOUSE
4146,CRYPTO_KEYWRAP
4147,REGULATOR_MAX8998
4148,RTC_DRV_MAX8997
4149,CPU_IDLE_GOV_TEO
4150,IP_PNP
4151,THERMAL_GOV_POWER_ALLOCATOR
4152,SENSORS_LINEAGE
4153,USB_CONFIGFS_F_HID
4154,MEM_SOFT_DIRTY
4155,STANDALONE
4156,MTD_ICHXROM
4157,CARDMAN_4040
4158,PWM_TWL_LED
4159,MEDIA_TUNER_QM1D1B0004
4160,SENSORS_MAX6639
4161,K3_DMA
4162,MTD_NAND_SHARPSL
4163,DW_EDMA
4164,USB_ISP1760_HCD
4165,EFI_CAPSULE_LOADER
4166,MFD_AS3722
4167,DVB_LGDT330X
4168,REGULATOR_MAX77650
4169,BT1_APB
4170,PHY_QCOM_USB_SS
4171,FB_INTEL_I2C
4172,SW_SYNC
4173,PINCTRL_MSM8996
4174,RPR0521
4175,GPIO_TPIC2810
4176,DVB_CX22700
4177,IP_SET_LIST_SET
4178,INTEL_MIC_X100_DMA
4179,SPEAKUP_SYNTH_DECTLK
4180,INTEL_SOC_PMIC_CHTWC
4181,VIDEO_DM365_ISIF
4182,PCI_QUIRKS
4183,MFD_STMPE
4184,STAGING_BOARD
4185,FPGA_MGR_ALTERA_CVP
4186,SCSI_PPA
4187,CPU_FREQ_GOV_COMMON
4188,SND_LAYLA24
4189,SENSORS_IT87
4190,NETFILTER_XT_MATCH_LENGTH
4191,BT_BCM
4192,POWER_RESET_OCELOT_RESET
4193,SERIAL_IFX6X60
4194,TASK_XACCT
4195,BLK_DEV_NVME
4196,UIO_PRUSS
4197,SPRD_SC9863A_CLK
4198,REGULATOR_MAX14577
4199,JOYSTICK_STINGER
4200,PINCTRL_SX150X
4201,SAMPLES
4202,CRASH_DUMP
4203,X86_5LEVEL
4204,CHARLCD_BL_FLASH
4205,USB_EHCI_SH
4206,MUSB_PIO_ONLY
4207,PM_WAKELOCKS_GC
4208,REGULATOR_DA9063
4209,USB_LCD
4210,SSB_PCIHOST_POSSIBLE
4211,TSYS01
4212,PROC_EVENTS
4213,MTD_MTDRAM
4214,DEBUG_ATOMIC_SLEEP
4215,INPUT_MOUSEDEV_PSAUX
4216,EROFS_FS_SECURITY
4217,DEV_COREDUMP
4218,QCOM_HIDMA_MGMT
4219,LEDS_TRIGGER_GPIO
4220,XILLYBUS
4221,SENSORS_POWR1220
4222,I2C_BCM_IPROC
4223,SSB_PCIHOST
4224,LKDTM
4225,NTFS_DEBUG
4226,HID_PLANTRONICS
4227,SENSORS_LM3533
4228,LEDS_CLASS_FLASH
4229,SENSORS_BH1770
4230,SND_SUPPORT_OLD_API
4231,REGULATOR_TPS65090
4232,SPI_CADENCE
4233,DEBUG_VM_VMACACHE
4234,PHY_TUSB1210
4235,LEDS_TRIGGER_TRANSIENT
4236,MFD_DA9052_SPI
4237,LEDS_PCA9532_GPIO
4238,CROS_EC_PROTO
4239,LEDS_WM8350
4240,BACKLIGHT_GENERIC
4241,VIDEO_THS7303
4242,HW_RANDOM_AMD
4243,SENSORS_DS620
4244,FONT_PEARL_8x8
4245,CRYPTO_XCBC
4246,CLK_LGM_CGU
4247,HW_RANDOM_TIMERIOMEM
4248,FIELDBUS_DEV
4249,INTEL_TH
4250,BT_HCIUART_H4
4251,W1_MASTER_DS2482
4252,LEDS_MAX77693
4253,TINYDRM_HX8357D
4254,DRM_EXYNOS_FIMD
4255,COMMON_CLK_MT8183_IPU_CORE1
4256,FB_OMAP2_DSS_SDI
4257,DVB_MT352
4258,DRM_I915_LOW_LEVEL_TRACEPOINTS
4259,PINCTRL_MSM8960
4260,USB_DWC2
4261,HWMON_DEBUG_CHIP
4262,EXTCON_PALMAS
4263,CRYPTO_BLAKE2S
4264,PANTHERLORD_FF
4265,TRACE_EVAL_MAP_FILE
4266,DM_MULTIPATH
4267,RAVE_SP_WATCHDOG
4268,DA280
4269,REGULATOR_LOCHNAGAR
4270,MEMORY_HOTPLUG
4271,EXTCON_MAX77693
4272,I2C_RK3X
4273,ALTERA_TSE
4274,SYNCLINK_GT
4275,DVB_LGDT3305
4276,AUDIT
4277,ZX_SPDIF
4278,ASUS_WIRELESS
4279,AXI_DMAC
4280,DRM_PANEL_OLIMEX_LCD_OLINUXINO
4281,QSEMI_PHY
4282,SLAB_FREELIST_HARDENED
4283,ZSMALLOC_STAT
4284,MFD_DA9150
4285,RENESAS_USB_DMAC
4286,SND_SOC_SOF_FORCE_NOCODEC_MODE
4287,YENTA_TI
4288,DRM_PANEL_BOE_HIMAX8279D
4289,MSPRO_BLOCK
4290,FB_ASILIANT
4291,WIZNET_W5300
4292,X86_HV_CALLBACK_VECTOR
4293,PINCTRL_PFC_SH7269
4294,DM_BUFIO
4295,CROS_KBD_LED_BACKLIGHT
4296,INFINIBAND_USER_MAD
4297,BOOTPARAM_HARDLOCKUP_PANIC
4298,MFD_MADERA_SPI
4299,CHARGER_TPS65217
4300,IOMMU_DEBUG
4301,HOTPLUG_PCI_SHPC
4302,X86_MCE_INTEL
4303,RCU_EXPERT
4304,TOUCHSCREEN_ILI210X
4305,JOYSTICK_WARRIOR
4306,FB_OMAP2_ENCODER_TFP410
4307,SENSORS_MAX16601
4308,GPIO_GENERIC
4309,SSB_DRIVER_GPIO
4310,SPI_AR934X
4311,SERIAL_8250_RSA
4312,GAMEPORT_FM801
4313,PCI_TEGRA
4314,THERMAL_GOV_FAIR_SHARE
4315,DRM_EXPORT_FOR_TESTS
4316,REGULATOR_88PG86X
4317,I2C_MXS
4318,PHONET
4319,INPUT_TWL6040_VIBRA
4320,SSB_SDIOHOST_POSSIBLE
4321,HW_RANDOM_NPCM
4322,DRAGONRISE_FF
4323,TOUCHSCREEN_MAX11801
4324,MFD_VIPERBOARD
4325,EVM_ATTR_FSUUID
4326,MTD_ONENAND_2X_PROGRAM
4327,EISA_VLB_PRIMING
4328,SSB_PCMCIAHOST
4329,SND_SOC_ADAU7118_HW
4330,FB_ATY_CT
4331,DVB_B2C2_FLEXCOP_PCI_DEBUG
4332,SENSORS_F71882FG
4333,CRYPTO_FIPS
4334,I2C_XLR
4335,ELF_CORE
4336,TOUCHSCREEN_EKTF2127
4337,HID_KENSINGTON
4338,SENSORS_LM77
4339,TOUCHSCREEN_ADC
4340,PINMUX
4341,INPUT_TABLET
4342,PINCTRL_CANNONLAKE
4343,SERIAL_LANTIQ
4344,XFS_ONLINE_REPAIR
4345,LEDS_PCA955X
4346,W1_SLAVE_DS2781
4347,RTC_DRV_MAX6900
4348,SND_PCSP
4349,I2C_SIS96X
4350,MEMFD_CREATE
4351,EISA_VIRTUAL_ROOT
4352,RESET_BRCMSTB
4353,SND_SOC_UNIPHIER
4354,W1_MASTER_DS1WM
4355,CRYPTO_BLAKE2B
4356,MTD_MAP_BANK_WIDTH_4
4357,NFC_PN533_I2C
4358,NFT_TUNNEL
4359,BH1780
4360,SYSVIPC_COMPAT
4361,LIDAR_LITE_V2
4362,SCSI_MOD
4363,W1_SLAVE_DS2413
4364,THERMAL_GOV_BANG_BANG
4365,SND_SOC_PCM1681
4366,LZO_COMPRESS
4367,RTC_DRV_RS5C348
4368,IDLE_PAGE_TRACKING
4369,FUSION_LOGGING
4370,FILE_LOCKING
4371,DEVFREQ_GOV_USERSPACE
4372,SLIM_QCOM_CTRL
4373,I2C_UNIPHIER
4374,FB_IMSTT
4375,INPUT_REGULATOR_HAPTIC
4376,TOUCHSCREEN_MK712
4377,RTC_DRV_M48T59
4378,PM_DEVFREQ_EVENT
4379,MEDIA_SDR_SUPPORT
4380,PINCTRL_UNIPHIER_PXS2
4381,RD_LZMA
4382,ARCH_HAS_EARLY_DEBUG
4383,GNSS_SIRF_SERIAL
4384,CHARGER_BQ24735
4385,SENSORS_VIA686A
4386,TOUCHSCREEN_TSC2007_IIO
4387,DVB_DIB7000M
4388,STM32_DFSDM_ADC
4389,X86_CPA_STATISTICS
4390,QCOM_SPMI_VADC
4391,HID_DRAGONRISE
4392,KPROBES_SANITY_TEST
4393,DVB_DRXK
4394,TCG_TIS
4395,TI_ADS1015
4396,GNSS_MTK_SERIAL
4397,SPI_ST_SSC4
4398,STPMIC1_WATCHDOG
4399,FB_3DFX
4400,RTC_DRV_TEGRA
4401,USB_MTU3
4402,POWER_SUPPLY_DEBUG
4403,CRYPTO_LIB_SHA256
4404,PHY_CADENCE_SIERRA
4405,MCB_LPC
4406,UBIFS_FS_ZSTD
4407,SPI_LANTIQ_SSC
4408,IMG_ASCII_LCD
4409,SCHED_OMIT_FRAME_POINTER
4410,QCOM_QFPROM
4411,V4L_PLATFORM_DRIVERS
4412,SGI_PARTITION
4413,ACPI_REDUCED_HARDWARE_ONLY
4414,ENABLE_MUST_CHECK
4415,EBC_C384_WDT
4416,SERIAL_UARTLITE
4417,I2C_TEGRA_BPMP
4418,MMC_SDHCI_XENON
4419,MOUSE_PS2_LIFEBOOK
4420,VIRTIO_MMIO_CMDLINE_DEVICES
4421,PTP_1588_CLOCK_PCH
4422,EEPROM_MAX6875
4423,VIDEO_IPU3_CIO2
4424,AD5380
4425,RTC_DRV_88PM860X
4426,PKCS7_TEST_KEY
4427,I2C_MLXCPLD
4428,W1_SLAVE_DS2805
4429,SAMPLE_INTEL_MEI
4430,RTC_DRV_HID_SENSOR_TIME
4431,SND_SERIAL_U16550
4432,SGETMASK_SYSCALL
4433,COMMON_CLK_MT8183_VDECSYS
4434,PWM_DEBUG
4435,TOUCHSCREEN_MMS114
4436,BCM7038_WDT
4437,USB_SISUSBVGA
4438,JOYSTICK_SPACEORB
4439,HID_ICADE
4440,GPIO_SIOX
4441,OWL_PM_DOMAINS_HELPER
4442,SENSORS_CORETEMP
4443,MAGIC_SYSRQ
4444,CHTCRC_PMIC_OPREGION
4445,PWM_LPSS_PLATFORM
4446,CRAMFS_MTD
4447,COMMON_CLK_MT2712_VENCSYS
4448,CHROMEOS_PSTORE
4449,LEDS_DA9052
4450,USB_SERIAL_IPW
4451,UID16
4452,HID_RMI
4453,RESET_SOCFPGA
4454,MOUSE_SYNAPTICS_I2C
4455,MTD_CFI_I2
4456,I2C_JZ4780
4457,TIMER_IMX_SYS_CTR
4458,SENSORS_TPS53679
4459,RTC_DRV_ISL12026
4460,IIO_CROS_EC_SENSORS_LID_ANGLE
4461,CRYPTO_DEV_EXYNOS_RNG
4462,F2FS_STAT_FS
4463,W83627HF_WDT
4464,QCOM_EBI2
4465,W1_SLAVE_DS2433
4466,TICK_ONESHOT
4467,PWM_LP3943
4468,BT_HCIUART_BCSP
4469,FONT_MINI_4x6
4470,RESET_SIMPLE
4471,COMEDI_MULTIQ3
4472,VF610_ADC
4473,VT_CONSOLE
4474,CRYPTO_CRC32C
4475,NLS_CODEPAGE_775
4476,FAT_DEFAULT_UTF8
4477,MSM_GCC_8994
4478,VIRT_DRIVERS
4479,W1_SLAVE_DS2405
4480,EZX_PCAP
4481,AF_RXRPC_IPV6
4482,VHOST_SCSI
4483,MSI_LAPTOP
4484,FB_GBE
4485,MCP4531
4486,GOLDFISH
4487,FSI_NEW_DEV_NODE
4488,MAC80211_MESH_PS_DEBUG
4489,ATA_ACPI
4490,KUNIT_EXAMPLE_TEST
4491,PARPORT_PC_FIFO
4492,BCM_SR_THERMAL
4493,JFS_STATISTICS
4494,SENSORS_MAX6650
4495,EDD
4496,CRYPTO_DH
4497,VIDEO_ASPEED
4498,VIDEO_IMX_PXP
4499,FSCACHE_OBJECT_LIST
4500,ADXL345_I2C
4501,BLK_DEV_OFFBOARD
4502,ATMEL_ST
4503,GCC_PLUGIN_RANDSTRUCT
4504,SOC_TI
4505,COMMON_CLK_RK808
4506,DEBUG_WQ_FORCE_RR_CPU
4507,FTM_QUADDEC
4508,IMX_DSP
4509,FUSE_FS
4510,WAN
4511,BLK_DEV_IO_TRACE
4512,CRYPTO_USER_API_SKCIPHER
4513,THRUSTMASTER_FF
4514,NLS_MAC_CROATIAN
4515,PERF_EVENTS_INTEL_RAPL
4516,EXTCON_PTN5150
4517,SUN6I_A31_CCU
4518,SOFT_WATCHDOG_PRETIMEOUT
4519,IPACK_BUS
4520,CROS_EC_SYSFS
4521,MFD_PALMAS
4522,LCD_CLASS_DEVICE
4523,GPIO_PCF857X
4524,MACVLAN
4525,HAVE_KVM_IRQCHIP
4526,HIBERNATE_CALLBACKS
4527,TCG_CRB
4528,REGULATOR_TPS6105X
4529,RTC_DRV_DA9052
4530,SND_SOC_SOF_INTEL_COMMON
4531,USB_MUSB_UX500
4532,MFD_CS47L92
4533,INPUT_EVDEV
4534,CXD2880_SPI_DRV
4535,SENSORS_FTSTEUTATES
4536,BRIDGE_EBT_T_FILTER
4537,BALLOON_COMPACTION
4538,MEMBARRIER
4539,REGULATOR_MAX77693
4540,CHARGER_BQ2415X
4541,SND_SOC_RT5645
4542,LIRC
4543,LEDS_LP5562
4544,W1_SLAVE_DS2430
4545,PINCTRL_PFC_SHX3
4546,RTC_DRV_DS1742
4547,MTD_NAND_DENALI_DT
4548,PHY_HI6220_USB
4549,OMAP3_THERMAL
4550,DMABUF_MOVE_NOTIFY
4551,VIDEO_MT9T001
4552,COMMON_CLK_MT6779_MFGCFG
4553,ISL29003
4554,FTRACE_SELFTEST
4555,SERIAL_SIFIVE_CONSOLE
4556,BEFS_FS
4557,DM_UEVENT
4558,TCP_CONG_WESTWOOD
4559,PCIE_QCOM
4560,USB_SERIAL_EDGEPORT_TI
4561,RETPOLINE
4562,PHY_ST_SPEAR1340_MIPHY
4563,EROFS_FS_POSIX_ACL
4564,FPGA_REGION
4565,NTB_MSI
4566,HID_JABRA
4567,NETFILTER_XT_TARGET_TCPMSS
4568,STMMAC_ETH
4569,MEDIA_SUBDRV_AUTOSELECT
4570,FONT_SUN12x22
4571,USB_OTG_BLACKLIST_HUB
4572,TEST_MEMCAT_P
4573,SND_ES1968_RADIO
4574,INET_DCCP_DIAG
4575,RFKILL
4576,MD_CLUSTER
4577,PHY_STIH407_USB
4578,MTD_PLATRAM
4579,RTC_DRV_PCF8523
4580,INPUT_EVBUG
4581,EDD_OFF
4582,VIDEO_VIMC
4583,FSCACHE
4584,SCHED_TRACER
4585,USB_ETH_RNDIS
4586,PM_TRACE
4587,INFINIBAND_USER_MEM
4588,USB_USS720
4589,MEMORY_ISOLATION
4590,NLS_CODEPAGE_865
4591,MTD_NAND_SUNXI
4592,STAGING
4593,VIDEO_DAVINCI_VPIF_CAPTURE
4594,IMA_READ_POLICY
4595,STM_DUMMY
4596,PRINTK_TIME
4597,PCIEAER
4598,NVME_HWMON
4599,SENSORS_LTC2947_I2C
4600,X86_IOPL_IOPERM
4601,VFIO_PCI_VGA
4602,USB_ADUTUX
4603,SERIAL_QCOM_GENI_CONSOLE
4604,GREYBUS_SPI
4605,CRYPTO_DEV_QAT_DH895xCC
4606,STATIC_USERMODEHELPER
4607,SPEAKUP_SYNTH_SPKOUT
4608,BACKLIGHT_DA903X
4609,FB
4610,NLS_ISO8859_14
4611,DW_AXI_DMAC
4612,BCACHE_DEBUG
4613,KEYBOARD_IQS62X
4614,DRM_PANFROST
4615,NXP_TJA11XX_PHY
4616,X86_CPUID
4617,COMEDI_PARPORT
4618,HID_MACALLY
4619,MSM_GCC_8660
4620,NUMA_EMU
4621,INTEL_SOC_DTS_THERMAL
4622,ATLAS7_TIMER
4623,MTD_CFI
4624,MFD_WM831X
4625,MFD_SKY81452
4626,TCG_TIS_SPI_CR50
4627,SND_SOC_PCM512x
4628,SND_SOC_ES8316
4629,NVMEM_BCM_OCOTP
4630,CRC_CCITT
4631,HTC_I2CPLD
4632,W83877F_WDT
4633,PINCTRL_MT8173
4634,THERMAL_EMULATION
4635,OVERLAY_FS_INDEX
4636,WATCHDOG_SYSFS
4637,BMA400
4638,MD_RAID1
4639,COMPACTION
4640,MTD_ONENAND
4641,REGULATOR_MP8859
4642,COMMON_CLK_MT7622
4643,CLS_U32_MARK
4644,ZRAM_WRITEBACK
4645,SENSORS_JC42
4646,MLX_PLATFORM
4647,DVB_SI2165
4648,TYPEC_TCPM
4649,IIO_ST_GYRO_I2C_3AXIS
4650,UNIX_DIAG
4651,RMI4_F30
4652,RTC_DRV_COH901331
4653,MUX_MMIO
4654,EDAC_AMD64
4655,PINCTRL_APQ8064
4656,KVM_WERROR
4657,CHARGER_GPIO
4658,REGULATOR_TPS65132
4659,CRYPTO_RNG
4660,CRYPTO_DEV_NITROX
4661,ATOMIC64_SELFTEST
4662,INOTIFY_USER
4663,CRYPTO_BLOWFISH
4664,BLK_DEV_SC1200
4665,SECONDARY_TRUSTED_KEYRING
4666,BLK_INLINE_ENCRYPTION
4667,USB_SI4713
4668,STACKLEAK_METRICS
4669,PCIE_ROCKCHIP_HOST
4670,SDM_CAMCC_845
4671,VM_EVENT_COUNTERS
4672,IP_ADVANCED_ROUTER
4673,FB_TFT_RA8875
4674,BLK_DEV_CRYPTOLOOP
4675,LEDS_SPI_BYTE
4676,USB_DWC2_PERIPHERAL
4677,MMC_SDHI
4678,SCSI_DH_EMC
4679,BLK_DEV_INITRD
4680,SND_AZT1605
4681,CEC_GPIO
4682,PACKET_DIAG
4683,GENERIC_IRQ_INJECTION
4684,RTC_INTF_DEV
4685,ADIS16460
4686,GPIO_ASPEED_SGPIO
4687,DRM_MIPI_DBI
4688,GPIO_SYSFS
4689,IXGBEVF
4690,MEMSTICK_UNSAFE_RESUME
4691,TEXTSEARCH_BM
4692,PAGE_REPORTING
4693,USB_F_EEM
4694,PUNIT_ATOM_DEBUG
4695,MTD_NAND_ECC_SW_HAMMING
4696,DRM_I915_DEBUG_GEM
4697,MFD_IQS62X
4698,CRYPTO_SERPENT_AVX_X86_64
4699,VIDEO_SAA717X
4700,HW_RANDOM_VIA
4701,EXYNOS_ARM64_COMMON_CLK
4702,NLS_ISO8859_15
4703,USB_HSIC_USB3503
4704,GREYBUS_LOG
4705,INPUT_CMA3000_I2C
4706,POWER_SUPPLY_HWMON
4707,USB_PHY
4708,HID_PICOLCD
4709,RCU_TORTURE_TEST
4710,BLK_DEV_RAM
4711,VIDEO_NOON010PC30
4712,HOTPLUG_PCI_CPCI_GENERIC
4713,SENSORS_MAX1619
4714,PCI_STUB
4715,PARPORT_NOT_PC
4716,INFINIBAND_EXP_LEGACY_VERBS_NEW_UAPI
4717,DVB_MN88473
4718,UNICODE
4719,ZPA2326
4720,VIDEO_MT9V111
4721,CMDLINE_PARTITION
4722,TQMX86_WDT
4723,REGULATOR_AS3722
4724,MODULE_FORCE_LOAD
4725,X86_X32
4726,DRM_I915_DEBUG
4727,MTD_INTEL_VR_NOR
4728,ADVANTECH_WDT
4729,TEST_DEBUG_VIRTUAL
4730,PERCPU_STATS
4731,DEBUG_STACK_USAGE
4732,GPIO_RC5T583
4733,CRYPTO_DEV_HISI_SEC
4734,SHUFFLE_PAGE_ALLOCATOR
4735,USB_DWC2_VERBOSE
4736,NFC_DIGITAL
4737,SERIAL_8250_DW
4738,NETCONSOLE
4739,HWSPINLOCK_SPRD
4740,DELL_RBU
4741,REGULATOR_MAX8973
4742,ISA_BUS_API
4743,MFD_WM831X_I2C
4744,GPIO_MOCKUP
4745,DEBUG_VM
4746,RAPIDIO_RXS_GEN3
4747,AIC7XXX_BUILD_FIRMWARE
4748,NETFILTER_XT_TARGET_HMARK
4749,SAMPLE_UHID
4750,RTC_DRV_AB3100
4751,HID_VIEWSONIC
4752,MFD_TPS65912
4753,JFS_FS
4754,HAMRADIO
4755,COMMON_CLK_HI3670
4756,RSEQ
4757,NFC_PN544_I2C
4758,NETWORK_PHY_TIMESTAMPING
4759,GPIO_TPS65912
4760,MS5611_SPI
4761,BLK_DEV_NULL_BLK
4762,DEBUG_ENTRY
4763,VIDEO_WM8775
4764,EXYNOS_PM_DOMAINS
4765,NET_CLS_TCINDEX
4766,FB_ATY128
4767,INTEL_TH_ACPI
4768,RTC_DRV_RX8581
4769,NF_CONNTRACK_TIMEOUT
4770,FAULT_INJECTION_DEBUG_FS
4771,CRYPTO_CRC32_PCLMUL
4772,CRYPTO_GLUE_HELPER_X86
4773,CLK_BAIKAL_T1
4774,HID_CHERRY
4775,XZ_DEC_IA64
4776,SND_SOC_TWL6040
4777,VMWARE_PVSCSI
4778,AD5446
4779,TMP006
4780,HID_SPEEDLINK
4781,VIDEO_S5K5BAF
4782,PAGE_POISONING
4783,HW_RANDOM_TPM
4784,ACORN_PARTITION_ADFS
4785,DVB_CXD2820R
4786,PSTORE_BLK
4787,LOGIWHEELS_FF
4788,VMD
4789,PCI_LOONGSON
4790,PRIMA2_TIMER
4791,USB_LEDS_TRIGGER_USBPORT
4792,I8K
4793,PCMCIA_AXNET
4794,BLK_DEBUG_FS
4795,BCM_IPROC_ADC
4796,PARTITION_ADVANCED
4797,CLKSRC_SAMSUNG_PWM
4798,NLS_MAC_CYRILLIC
4799,PATA_TIMINGS
4800,WILCO_EC_EVENTS
4801,SND_SOC_RK3328
4802,VIDEO_AK7375
4803,IOMMU_DEFAULT_PASSTHROUGH
4804,EQUALIZER
4805,MFD_TI_LP873X
4806,CRYPTO_ESSIV
4807,I2C_ISCH
4808,GPIO_UNIPHIER
4809,KEYBOARD_MATRIX
4810,SND_SOC_CS42L56
4811,VIDEO_SMIAPP_PLL
4812,NLS_CODEPAGE_861
4813,TIMB_DMA
4814,REGULATOR_MP886X
4815,CRYPTO_ENGINE
4816,IP_VS_PROTO_AH_ESP
4817,SUN_PARTITION
4818,TCG_TPM
4819,MFD_DA9052_I2C
4820,ARCH_ENABLE_THP_MIGRATION
4821,TOUCHSCREEN_FUJITSU
4822,QCOM_A53PLL
4823,FB_ATY_GX
4824,VIDEO_AD9389B
4825,RTC_DRV_MAX8998
4826,NTB_MSI_TEST
4827,TOUCHSCREEN_MCS5000
4828,ISO9660_FS
4829,MAX77620_THERMAL
4830,LEDS_TRIGGER_ACTIVITY
4831,USB_ISP1760_HOST_ROLE
4832,SENSORS_SMM665
4833,NLS_CODEPAGE_855
4834,REISERFS_CHECK
4835,CORDIC
4836,SCSI_SNIC_DEBUG_FS
4837,VOP_BUS
4838,SENSORS_UCD9000
4839,RESET_ATH79
4840,USB_VIDEO_CLASS_INPUT_EVDEV
4841,STP
4842,SPRD_MBOX
4843,FS_VERITY_DEBUG
4844,COMMON_CLK_AXI_CLKGEN
4845,GPIO_HLWD
4846,I2C_MV64XXX
4847,GREENASIA_FF
4848,BLK_RQ_ALLOC_TIME
4849,HW_RANDOM_IMX_RNGC
4850,TOUCHSCREEN_WACOM_I2C
4851,USB_SERIAL_UPD78F0730
4852,SENSORS_NCT7802
4853,VLAN_8021Q_GVRP
4854,INPUT_MAX8925_ONKEY
4855,CRYPTO_POLY1305
4856,EXYNOS_ASV_ARM
4857,K3_THERMAL
4858,VIDEO_OV5675
4859,RFD77402
4860,HARDENED_USERCOPY
4861,IMA
4862,SENSORS_W83773G
4863,USB_GSPCA_SQ905
4864,CACHEFILES_DEBUG
4865,RANDOM_TRUST_BOOTLOADER
4866,NVMEM_LPC18XX_OTP
4867,FB_RIVA
4868,GREYBUS_I2C
4869,REISERFS_FS_POSIX_ACL
4870,SCSI_SAS_ATA
4871,X86_MCE_INJECT
4872,CMA
4873,DRM_MGAG200
4874,PSTORE_LZ4_COMPRESS_DEFAULT
4875,KUNIT_DEBUGFS
4876,SND_MIXER_OSS
4877,OWL_TIMER
4878,RESET_ZYNQ
4879,INPUT_GPIO_ROTARY_ENCODER
4880,I2C_S3C2410
4881,IR_IMON_DECODER
4882,HP_ILO
4883,SOC_BRCMSTB
4884,CRYPTO_SHA512
4885,MTD_CFI_I8
4886,USB_MTU3_DEBUG
4887,CICADA_PHY
4888,DRM_THINE_THC63LVD1024
4889,WATCHDOG_NOWAYOUT
4890,ROCKCHIP_MBOX
4891,NLS_CODEPAGE_869
4892,REED_SOLOMON_DEC8
4893,CRYPTO_TWOFISH
4894,LMP91000
4895,HID_GLORIOUS
4896,REGULATOR_MPQ7920
4897,DRM_DP_CEC
4898,SENSORS_TC74
4899,DRM_ARCPGU
4900,DVB_STV0297
4901,TEST_HEXDUMP
4902,TEST_SORT
4903,JOYSTICK_GUILLEMOT
4904,ACPI_HED
4905,CRYPTO_STATS
4906,SCSI_MVSAS_DEBUG
4907,COMEDI_MISC_DRIVERS
4908,SCSI_LOGGING
4909,FSCACHE_DEBUG
4910,COMMON_CLK_MT8183_IPU_CORE0
4911,CRYPTO_DRBG
4912,DVB_TUNER_DIB0090
4913,NET_SCH_SFB
4914,RMI4_F03
4915,TI_SOC_THERMAL
4916,COMEDI_DT9812
4917,TOUCHSCREEN_USB_IRTOUCH
4918,USB_LED_TRIG
4919,CRYPTO_TWOFISH_X86_64
4920,IPV6_VTI
4921,LTC2632
4922,FANOTIFY_ACCESS_PERMISSIONS
4923,MMC_USDHI6ROL0
4924,MV64X60_WDT
4925,I2C_MUX_GPIO
4926,ROCKETPORT
4927,X86_PCC_CPUFREQ
4928,LEDS_AN30259A
4929,RTC_DRV_BQ4802
4930,JFFS2_FS_SECURITY
4931,AK8975
4932,CRYPTO_LIB_POLY1305_GENERIC
4933,TOUCHSCREEN_CYTTSP4_SPI
4934,SIRFSOC_WATCHDOG
4935,SENSORS_SCH5636
4936,SBC_EPX_C3_WATCHDOG
4937,SND_SOC_PCM186X_I2C
4938,AD7793
4939,EARLY_PRINTK
4940,SND_SOC_SOF_DEBUG_XRUN_STOP
4941,IRQSOFF_TRACER
4942,AMD_IOMMU_V2
4943,DEBUG_LOCKING_API_SELFTESTS
4944,TASKS_TRACE_RCU_READ_MB
4945,SND_SOC_88PM860X
4946,POWER_RESET_GPIO_RESTART
4947,BLK_DEV_SR
4948,COMPAT_VDSO
4949,SERIAL_OWL
4950,IMX_GPCV2_PM_DOMAINS
4951,TEST_PRINTF
4952,MDM_GCC_9615
4953,RD_LZO
4954,I2C_AT91
4955,ADJD_S311
4956,VIDEO_ADV7393
4957,PWM_CROS_EC
4958,PARPORT_PC_SUPERIO
4959,SENSORS_MAX20751
4960,PM_DEBUG
4961,CHROME_PLATFORMS
4962,CPU_FREQ_STAT
4963,HID_BETOP_FF
4964,SENSORS_ADT7470
4965,NET_VENDOR_AMD
4966,MAILBOX
4967,USB_SERIAL_SYMBOL
4968,SND_SOC_TWL4030
4969,PHY_CADENCE_TORRENT
4970,SENSORS_FAM15H_POWER
4971,EXT2_FS_POSIX_ACL
4972,SURFACE_PRO3_BUTTON
4973,ACORN_PARTITION_RISCIX
4974,LP8788_ADC
4975,PINCTRL_PFC_R8A77950
4976,SMSC37B787_WDT
4977,LEDS_SGM3140
4978,MEMSTICK_JMICRON_38X
4979,JOYSTICK_XPAD_FF
4980,SENSORS_SMSC47M192
4981,LEDS_LP3944
4982,MTD_NAND_OMAP_BCH
4983,FW_CACHE
4984,CRYPTO_RSA
4985,PCIE_ALTERA_MSI
4986,SND_SOC_INTEL_BYT_MAX98090_MACH
4987,IMA_KEYRINGS_PERMIT_SIGNED_BY_BUILTIN_OR_SECONDARY
4988,IIO_INTERRUPT_TRIGGER
4989,CRC8
4990,SENSORS_LTC4261
4991,KSM
4992,CHT_WC_PMIC_OPREGION
4993,TCG_TIS_SPI
4994,WATCHDOG_PRETIMEOUT_GOV
4995,MFD_CS47L24
4996,PINCTRL_UNIPHIER_LD4
4997,LEDS_LM3692X
4998,NET_IFE_SKBMARK
4999,DEBUG_CREDENTIALS
5000,SIGNALFD
5001,VF610_DAC
5002,CRYPTO_CFB
5003,HID_MICROSOFT
5004,TOUCHSCREEN_STMFTS
5005,PSTORE_PMSG
5006,MTD_CFI_AMDSTD
5007,EXTCON_USB_GPIO
5008,CGROUP_RDMA
5009,USB_ISP116X_HCD
5010,GPIO_SAMA5D2_PIOBU
5011,MCB
5012,RTC_DRV_BQ32K
5013,GPIO_ICH
5014,VIDEO_ADV7511
5015,GPIO_PCI_IDIO_16
5016,MTD_PCMCIA_ANONYMOUS
5017,FAULT_INJECTION
5018,INTEL_PMC_CORE
5019,PINCTRL_PXA27X
5020,PINCTRL_UNIPHIER_SLD8
5021,IIO_ST_LSM6DSX_I2C
5022,REGULATOR_TWL4030
5023,LZ4_COMPRESS
5024,OVERLAY_FS
5025,IAQCORE
5026,CRYPTO_RMD128
5027,RESET_AXS10X
5028,PCMCIA
5029,POWER_RESET_SYSCON
5030,SENSORS_LIS3LV02D
5031,BCM2711_THERMAL
5032,TOUCHSCREEN_TSC2007
5033,FB_OMAP5_DSS_HDMI
5034,CRYPTO_DEV_ATMEL_AUTHENC
5035,LOCKUP_DETECTOR
5036,LEDS_LM3642
5037,USB_SERIAL_GARMIN
5038,UBSAN
5039,KEYBOARD_OPENCORES
5040,SND_SOC_MSM8916_WCD_DIGITAL
5041,VIDEO_SAA7185
5042,IMX_IPUV3_CORE
5043,MEMORY_FAILURE
5044,HID_XINMO
5045,PCIE_DW_PLAT_HOST
5046,COMMON_CLK_MT8516
5047,PCIE_DW_PLAT
5048,SENSORS_ADM1026
5049,CEC_PIN
5050,LTC2983
5051,ARM_INTEGRATOR_LM
5052,SERIO_LIBPS2
5053,MFD_MT6360
5054,SENSORS_LM90
5055,FXAS21002C
5056,BRCMFMAC_PROTO_BCDC
5057,BCM47XX_NVRAM
5058,H8300_TMR16
5059,ZX2967_PM_DOMAINS
5060,MTD_PHYSMAP_COMPAT
5061,TOUCHSCREEN_PROPERTIES
5062,CRYPTO_PCBC
5063,MMC_SDHCI_AM654
5064,BINFMT_SCRIPT
5065,SYNC_FILE
5066,LZO_DECOMPRESS
5067,DRM_GMA600
5068,TOUCHSCREEN_EETI
5069,NET_9P_XEN
5070,PCIE_XILINX
5071,PINCTRL_DENVERTON
5072,FB_BOOT_VESA_SUPPORT
5073,IPDDP
5074,DRM_FBDEV_EMULATION
5075,VIDEO_LM3646
5076,STM32_TIMER_CNT
5077,KEYBOARD_XTKBD
5078,MTD_JEDECPROBE
5079,DUMMY_IRQ
5080,CAN
5081,SENSORS_EMC1403
5082,MEDIA_TUNER_TEA5767
5083,MFD_TPS65910
5084,MMC_BCM2835
5085,TCG_ATMEL
5086,REGULATOR_PCF50633
5087,X86_MPPARSE
5088,RTC_DRV_DS1685
5089,CRYPTO_DEV_QCE
5090,TEST_BITMAP
5091,REGULATOR_VCTRL
5092,MFD_AAT2870_CORE
5093,GPIO_PCA953X
5094,CRYPTO_CURVE25519_X86
5095,FB_VIA_X_COMPATIBILITY
5096,SENSORS_LTC2978_REGULATOR
5097,IOMMU_LEAK
5098,FB_MB862XX_PCI_GDC
5099,PCI_DEBUG
5100,I2C_GPIO
5101,RDC321X_WDT
5102,PCI_ENDPOINT_TEST
5103,PARMAN
5104,SND_SOC_WM8728
5105,SERIAL_STM32
5106,IP6_NF_FILTER
5107,MTD_SLRAM
5108,DLN2_ADC
5109,JOYSTICK_WALKERA0701
5110,GPIO_SCH
5111,PATA_CYPRESS
5112,SENSORS_ADT7475
5113,TOUCHSCREEN_AR1021_I2C
5114,SERIAL_8250_MANY_PORTS
5115,EEPROM_93CX6
5116,UCSI_CCG
5117,BACKLIGHT_PCF50633
5118,ION_SYSTEM_HEAP
5119,SND_SOC_SOF_BROADWELL
5120,CROS_EC_DEBUGFS
5121,I2C_DLN2
5122,IP_SET_HASH_IPPORTIP
5123,SCHED_INFO
5124,CAN_SLCAN
5125,SPI_TEGRA20_SLINK
5126,SND_SOC_SOF_DEBUG_RETAIN_DSP_CONTEXT
5127,TOUCHSCREEN_TSC2005
5128,ASN1
5129,SENSORS_WM831X
5130,DEVTMPFS
5131,MTD_AR7_PARTS
5132,PINCTRL_IPQ6018
5133,MUX_ADG792A
5134,NET_VENDOR_SOLARFLARE
5135,I2C_NPCM7XX
5136,NET_SCH_DSMARK
5137,IEEE802154_NL802154_EXPERIMENTAL
5138,NCSI_OEM_CMD_GET_MAC
5139,RTC_DRV_PCAP
5140,GPIO_TPS65910
5141,PSTORE_DEFLATE_COMPRESS_DEFAULT
5142,CRYPTO_DEV_ATMEL_I2C
5143,UCB1400_CORE
5144,MAX5487
5145,FB_SH_MOBILE_LCDC
5146,ARCH_MEMORY_PROBE
5147,ACORN_PARTITION
5148,N_GSM
5149,KEYBOARD_NEWTON
5150,COMMON_CLK_TI_ADPLL
5151,NFT_FIB_IPV4
5152,I2C_SIMTEC
5153,L2TP_V3
5154,LIBFCOE
5155,REGULATOR_DA9210
5156,NET_SOCK_MSG
5157,ASYNC_TX_ENABLE_CHANNEL_SWITCH
5158,BCMA_DEBUG
5159,NET_VENDOR_SMSC
5160,USB_STORAGE_CYPRESS_ATACB
5161,REISERFS_FS_XATTR
5162,MTD_GEN_PROBE
5163,COUNTER
5164,RESET_LPC18XX
5165,NETLINK_DIAG
5166,QCOM_SMEM_STATE
5167,RTC_DRV_DS1374
5168,DRM_TOSHIBA_TC358764
5169,SENSORS_NCT6775
5170,I2C_STM32F4
5171,AD7923
5172,CRYPTO_CAST6_AVX_X86_64
5173,QCOM_SMEM
5174,PCI_MMCONFIG
5175,DMABUF_HEAPS_SYSTEM
5176,MWAVE
5177,SND_DYNAMIC_MINORS
5178,RAPIDIO_TSI721
5179,HPET
5180,SENSORS_W83L786NG
5181,FW_CFG_SYSFS_CMDLINE
5182,SENSORS_DELL_SMM
5183,SCR24X
5184,TOSHIBA_BT_RFKILL
5185,MTD_RAM
5186,SND_SOC_UDA1334
5187,PWM
5188,I2C_MUX
5189,ATH10K_TRACING
5190,PINCTRL
5191,POWER_RESET
5192,SPEAR_ADC
5193,SMS_SIANO_DEBUGFS
5194,THINKPAD_ACPI_UNSAFE_LEDS
5195,VIDEO_SUN4I_CSI
5196,X86_CHECK_BIOS_CORRUPTION
5197,NLS_CODEPAGE_862
5198,SENSORS_AMD_ENERGY
5199,CPU_FREQ_GOV_CONSERVATIVE
5200,MTD_LPDDR
5201,REGULATOR_LP8755
5202,DEBUG_NOTIFIERS
5203,I2C_DESIGNWARE_CORE
5204,RAPIDIO_CPS_GEN2
5205,AD7303
5206,PHY_PXA_28NM_HSIC
5207,DRM_TOSHIBA_TC358767
5208,MFD_AXP20X
5209,SND_HWDEP
5210,SPARSEMEM_VMEMMAP
5211,RESET_BRCMSTB_RESCAL
5212,MFD_RETU
5213,BACKLIGHT_LV5207LP
5214,TIPC_CRYPTO
5215,ETHTOOL_NETLINK
5216,FB_VGA16
5217,MFD_RC5T583
5218,XZ_DEC_ARMTHUMB
5219,RUNTIME_TESTING_MENU
5220,ATM_ENI_BURST_RX_4W
5221,NET_TEAM_MODE_ROUNDROBIN
5222,ACPI_REV_OVERRIDE_POSSIBLE
5223,MODULE_COMPRESS
5224,RESET_TI_SYSCON
5225,I2C_ASPEED
5226,MOUSE_PS2_VMMOUSE
5227,CRYPTO_ECRDSA
5228,EFI_RCI2_TABLE
5229,PINCTRL_EXYNOS_ARM
5230,VIDEO_TVP5150
5231,NET_VENDOR_NVIDIA
5232,ASPEED_BT_IPMI_BMC
5233,HUGETLB_PAGE
5234,RESET_SCMI
5235,INIT_ON_ALLOC_DEFAULT_ON
5236,DEVTMPFS_MOUNT
5237,C2PORT
5238,XEN
5239,SPI_GPIO
5240,SERIAL_MEN_Z135
5241,WATCHDOG_HANDLE_BOOT_ENABLED
5242,QRTR_TUN
5243,SND_SOC_ADI
5244,SPI_SH
5245,SERIAL_DEV_CTRL_TTYPORT
5246,IDE_PROC_FS
5247,SQUASHFS_XATTR
5248,MS5611
5249,CLK_TWL6040
5250,COMMON_CLK_MT6765_MIPI0BSYS
5251,RDS_TCP
5252,PINCTRL_GEMINILAKE
5253,PINCTRL_PFC_R8A77965
5254,MAC80211_DEBUGFS
5255,RCU_TRACE
5256,CHARGER_CROS_USBPD
5257,NET_INGRESS
5258,CGROUP_FREEZER
5259,SYSC_RMOBILE
5260,MODULE_UNLOAD
5261,COMEDI_NI_PCIDIO
5262,DVB_VES1X93
5263,SYNCLINK
5264,PHY_PXA_28NM_USB2
5265,INPUT_LEDS
5266,USB_GSPCA_STK1135
5267,CRYPTO_DEV_SUN8I_CE_DEBUG
5268,CLK_BCM_NS2
5269,MPC5200_WDT
5270,BATTERY_DS2782
5271,VIDEO_OV7670
5272,X86_VMX_FEATURE_NAMES
5273,DEVFREQ_GOV_PERFORMANCE
5274,MFD_VX855
5275,SERIAL_UARTLITE_CONSOLE
5276,COMMON_CLK_MT8183_CAMSYS
5277,VIDEO_CADENCE
5278,INTEL_SCU
5279,SND_CS46XX
5280,MTK_TIMER
5281,NET_VENDOR_PENSANDO
5282,ASPEED_ADC
5283,UHID
5284,BASE_FULL
5285,PM_WAKELOCKS
5286,PSAMPLE
5287,SPI_XLP
5288,LCD_L4F00242T03
5289,I3C
5290,CRYPTO_BLOWFISH_X86_64
5291,ZSWAP
5292,CRYPTO_ARC4
5293,MFD_MAX77686
5294,MFD_LP3943
5295,BNXT_SRIOV
5296,CRYPTO_CHACHA20
5297,I2C_QCOM_CCI
5298,NET_SCH_QFQ
5299,W1_SLAVE_DS2780
5300,SPI_QCOM_GENI
5301,MICROCHIP_PIT64B
5302,MODULE_SRCVERSION_ALL
5303,SPEAKUP_SYNTH_LTLK
5304,RESET_UNIPHIER
5305,MTRR_SANITIZER
5306,X86_MSR
5307,APQ_MMCC_8084
5308,COMEDI_DAS08_CS
5309,MMP_DISP_CONTROLLER
5310,ARM_SMMU
5311,ACPI_DEBUGGER
5312,PINCTRL_SDM845
5313,EFI_EMBEDDED_FIRMWARE
5314,NET_VENDOR_MELLANOX
5315,TOUCHSCREEN_ATMEL_MXT_T37
5316,FUNCTION_GRAPH_TRACER
5317,IMX2_WDT
5318,CRYPTO_AUTHENC
5319,GVE
5320,MD
5321,KEYBOARD_GOLDFISH_EVENTS
5322,FW_LOADER_COMPRESS
5323,BLK_DEV_AMD74XX
5324,DEBUG_SECTION_MISMATCH
5325,SND_SOC_AK5386
5326,VIDEO_FIXED_MINOR_RANGES
5327,PINCTRL_MT6797
5328,CPU_FREQ_GOV_PERFORMANCE
5329,MFD_WM8400
5330,DVB_MN88472
5331,GOLDFISH_TTY
5332,MTK_CMDQ
5333,SENSORS_W83L785TS
5334,CRC4
5335,SERIAL_SCCNXP_CONSOLE
5336,DVB_LNBH29
5337,SENSORS_IBMAEM
5338,PHY_FSL_IMX8MQ_USB
5339,SPRD_TIMER
5340,HARDENED_USERCOPY_PAGESPAN
5341,BACKLIGHT_AAT2870
5342,AD7091R5
5343,PWM_CRC
5344,MFD_RDC321X
5345,USB_DWC2_DEBUG
5346,FPGA_BRIDGE
5347,MEMCG_SWAP
5348,PAGE_TABLE_ISOLATION
5349,REGULATOR_LP872X
5350,DW_I3C_MASTER
5351,USB_OHCI_HCD_PLATFORM
5352,EXT2_FS_XATTR
5353,DVB_LNBH25
5354,DEVKMEM
5355,GPIO_XGENE_SB
5356,LDM_DEBUG
5357,HID_NTI
5358,RTC_DRV_MESON_VRTC
5359,RTC_DRV_DS2404
5360,EXTCON_ADC_JACK
5361,INPUT_DA9055_ONKEY
5362,SENSORS_LM63
5363,ACPI_APEI_MEMORY_FAILURE
5364,SCSI_UFS_BSG
5365,RAS_CEC
5366,DRM_VM
5367,RTC_DRV_ISL12022
5368,CFG80211_CERTIFICATION_ONUS
5369,SSB_SDIOHOST
5370,DECNET
5371,SENSORS_SHT15
5372,GPIO_FTGPIO010
5373,SENSORS_ADM1275
5374,DEBUG_PLIST
5375,MTD_NAND_DISKONCHIP_PROBE_ADVANCED
5376,GPIO_SCH311X
5377,MMC_SH_MMCIF
5378,COMMON_CLK_MT6779
5379,CRYPTO_SERPENT_SSE2_X86_64
5380,TEGRA210_ADMA
5381,INTEL_TH_DEBUG
5382,RTC_DRV_TEST
5383,SMSC_SCH311X_WDT
5384,LTC1660
5385,DVB_PLATFORM_DRIVERS
5386,MISC_RTSX
5387,INPUT_PWM_VIBRA
5388,REGULATOR_MAX1586
5389,WATCHDOG_PRETIMEOUT_DEFAULT_GOV_NOOP
5390,ND_CLAIM
5391,SDM_GCC_660
5392,MTK_EFUSE
5393,OVERLAY_FS_XINO_AUTO
5394,TCP_CONG_LP
5395,BME680_SPI
5396,INT340X_THERMAL
5397,TOUCHSCREEN_ADS7846
5398,TOUCHSCREEN_AUO_PIXCIR
5399,POSIX_TIMERS
5400,ASM9260_TIMER
5401,ARM_EXYNOS_BUS_DEVFREQ
5402,INTEL_IDLE
5403,PCI_ENDPOINT
5404,GREYBUS
5405,SERIAL_XILINX_PS_UART_CONSOLE
5406,JOYSTICK_PSXPAD_SPI
5407,NETPOLL
5408,KEYBOARD_SUNKBD
5409,NSPIRE_TIMER
5410,INPUT_ATI_REMOTE2
5411,PINCTRL_PFC_R8A77951
5412,USB_STORAGE_SDDR09
5413,VT_HW_CONSOLE_BINDING
5414,KEYS_REQUEST_CACHE
5415,ACPI_CPPC_LIB
5416,RTC_DRV_GENERIC
5417,OPROFILE
5418,USB_CHIPIDEA
5419,MTK_HSDMA
5420,LCD_LTV350QV
5421,MINIX_FS
5422,RTC_DRV_ABEOZ9
5423,KPC2000_SPI
5424,TI_ADC0832
5425,RTC_DRV_CMOS
5426,TEST_LOCKUP
5427,HYPERV_BALLOON
5428,SYSTEM_BLACKLIST_KEYRING
5429,UCLAMP_TASK_GROUP
5430,CRYPTO_CCM
5431,PTP_1588_CLOCK_VMW
5432,DVB_ULE_DEBUG
5433,X86_16BIT
5434,I2C_DEBUG_CORE
5435,ND_BTT
5436,VME_FAKE
5437,CM36651
5438,STM32_MDMA
5439,MFD_BCM590XX
5440,USB_DWC2_DUAL_ROLE
5441,USB_GADGET_XILINX
5442,MAC80211_HAS_RC
5443,FB_SIS_315
5444,JUMP_LABEL
5445,XFS_WARN
5446,MANDATORY_FILE_LOCKING
5447,CRYPTO_CAST_COMMON
5448,RMI4_F55
5449,CPU_FREQ_GOV_ATTR_SET
5450,SLIMBUS
5451,COMMON_CLK_MT6765_MIPI1BSYS
5452,EXT4_DEBUG
5453,NET_EMATCH_U32
5454,SATA_PMP
5455,PINCTRL_PXA25X
5456,OBJAGG
5457,SENSORS_MAX20730
5458,BACKLIGHT_ADP5520
5459,MEDIA_TUNER_MT2266
5460,NETDEVICES
5461,RDMA_SIW
5462,FAIL_FUNCTION
5463,FB_ATY_GENERIC_LCD
5464,FONT_6x10
5465,CGROUP_NET_PRIO
5466,XILINX_XADC
5467,SERIO_RAW
5468,FB_INTEL
5469,USB_SERIAL_MOS7840
5470,LEDS_PWM
5471,PCCARD
5472,MTK_THERMAL
5473,ASPEED_P2A_CTRL
5474,SENSORS_MCP3021
5475,RTC_DRV_ABB5ZES3
5476,BCM_KONA_TIMER
5477,INPUT_ADXL34X_SPI
5478,RTC_DRV_TWL4030
5479,VIDEO_TLV320AIC23B
5480,SENSORS_TMP401
5481,PMIC_DA903X
5482,DRM_SAVAGE
5483,PCIEPORTBUS
5484,PARPORT_PANEL
5485,UBIFS_FS_XATTR
5486,HARDLOCKUP_DETECTOR_PERF
5487,FPGA_MGR_ZYNQMP_FPGA
5488,SENSORS_IR38064
5489,INTERVAL_TREE_TEST
5490,FXOS8700_I2C
5491,I2C_DESIGNWARE_SLAVE
5492,WAFER_WDT
5493,KGDB_TESTS
5494,MFD_ACT8945A
5495,MS5611_I2C
5496,SENSORS_LTC4222
5497,MMA8452
5498,TLS_TOE
5499,BOOT_CONFIG
5500,DEVFREQ_GOV_POWERSAVE
5501,POWER_RESET_KEYSTONE
5502,VSOCKETS_LOOPBACK
5503,VIDEO_AK881X
5504,ROCKCHIP_EFUSE
5505,MLXFW
5506,MTK_CMDQ_MBOX
5507,WQ_POWER_EFFICIENT_DEFAULT
5508,NET_VENDOR_SOCIONEXT
5509,PHY_SUN6I_MIPI_DPHY
5510,SND_SOC_SOF_TOPLEVEL
5511,GPIO_MENZ127
5512,MAC80211_VERBOSE_DEBUG
5513,BOARD_TPCI200
5514,VIDEO_TVP514X
5515,FONT_10x18
5516,DRM_I915_ERRLOG_GEM
5517,MODULE_FORCE_UNLOAD
5518,USB_MTU3_GADGET
5519,NET_SCH_FQ_CODEL
5520,FPGA_DFL_FME_MGR
5521,SX9310
5522,USB_CONFIGFS_ECM_SUBSET
5523,GPIO_TWL6040
5524,IIO_BUFFER_DMA
5525,SAMPLE_WATCHDOG
5526,MXS_DMA
5527,HID_EZKEY
5528,THINKPAD_ACPI
5529,SENSORS_AXI_FAN_CONTROL
5530,VIDEO_VP27SMPX
5531,SENSORS_I5500
5532,DRM_AMD_ACP
5533,OSF_PARTITION
5534,MEDIA_CONTROLLER_DVB
5535,FSCACHE_STATS
5536,SENSORS_AD7314
5537,HID_PICOLCD_FB
5538,COMEDI_DAS1800
5539,CADENCE_TTC_TIMER
5540,FAIL_MMC_REQUEST
5541,FS_VERITY
5542,EXTCON
5543,TEST_IDA
5544,TOUCHSCREEN_SX8654
5545,VFIO_NOIOMMU
5546,QCOM_IOMMU
5547,SND_SOC_ZL38060
5548,USB_HCD_SSB
5549,FAIL_PAGE_ALLOC
5550,USB_DWC3_GADGET
5551,GPIO_74XX_MMIO
5552,OVERLAY_FS_REDIRECT_ALWAYS_FOLLOW
5553,OF_RECONFIG_NOTIFIER_ERROR_INJECT
5554,USB_CYPRESS_CY7C63
5555,PROC_PID_CPUSET
5556,FB_SIMPLE
5557,HW_RANDOM_CCTRNG
5558,PWM_VT8500
5559,CAN_IFI_CANFD
5560,SUN8I_A83T_CCU
5561,REGULATOR_88PM8607
5562,USB_SEVSEG
5563,USB_CDNS3_HOST
5564,NFS_USE_KERNEL_DNS
5565,DRM_I2C_NXP_TDA9950
5566,USB_UHCI_HCD
5567,DVB_HELENE
5568,PWM_IMG
5569,DRM_TI_SN65DSI86
5570,MANAGER_SBS
5571,SENSORS_ADT7411
5572,REGULATOR_USERSPACE_CONSUMER
5573,NLS_CODEPAGE_857
5574,EXFAT_FS
5575,W1_MASTER_MATROX
5576,MFD_TPS65086
5577,MFD_KEMPLD
5578,VIDEO_DEV
5579,TI_PIPE3
5580,REGULATOR_PV88080
5581,CAN_GW
5582,INPUT_MOUSE
5583,IIO_ST_LSM6DSX_SPI
5584,SYSVIPC_SYSCTL
5585,CRYPTO_TWOFISH_X86_64_3WAY
5586,REGULATOR_MAX8907
5587,CRYPTO_ANSI_CPRNG
5588,TOUCHSCREEN_DMI
5589,MFD_STMFX
5590,SERIAL_IMX
5591,CLPS711X_TIMER
5592,CPU_SUP_ZHAOXIN
5593,COMMON_CLK_MT8183
5594,PMIC_ADP5520
5595,DVB_DIB3000MB
5596,NET_FOU_IP_TUNNELS
5597,NET_VENDOR_QUALCOMM
5598,USB_SERIAL_MOS7715_PARPORT
5599,SENSORS_ASPEED
5600,INTEGRITY_ASYMMETRIC_KEYS
5601,ICST
5602,SPI_BITBANG
5603,LEDS_LM36274
5604,DVB_USB_AF9005_REMOTE
5605,MFD_AS3711
5606,RTC_DRV_X1205
5607,AK09911
5608,BACKLIGHT_BD6107
5609,SND_SOC_JZ4725B_CODEC
5610,REGULATOR_BD70528
5611,MUX_GPIO
5612,HID_SENSOR_IIO_TRIGGER
5613,DVB_LGS8GXX
5614,CLK_SUNXI_PRCM_SUN6I
5615,TASKSTATS
5616,PCIE_DW
5617,UML_WATCHDOG
5618,REGULATOR_AD5398
5619,SOUND
5620,SIOX_BUS_GPIO
5621,MCP4725
5622,IPMI_KCS_BMC
5623,PHY_MMP3_USB
5624,SECURITY_SAFESETID
5625,VIDEO_ADV7842
5626,THERMAL_GOV_USER_SPACE
5627,USB_SERIAL_AIRCABLE
5628,IE6XX_WDT
5629,RTC_DRV_RC5T583
5630,SPI_XILINX
5631,PCI_ATS
5632,GPIO_XRA1403
5633,KEYBOARD_QT1050
5634,UACCE
5635,CGROUP_PIDS
5636,GPIO_BCM_XGS_IPROC
5637,AD5696_I2C
5638,TI_DAC082S085
5639,DVB_S5H1409
5640,TOSHIBA_WMI
5641,SERIAL_KGDB_NMI
5642,RTC_DRV_88PM80X
5643,USB_GADGETFS
5644,TEST_POWER
5645,TOUCHSCREEN_ST1232
5646,VORTEX
5647,LEDS_LP5521
5648,HDLC_FR
5649,KEYSTONE_USB_PHY
5650,MFD_ATMEL_FLEXCOM
5651,NETWORK_FILESYSTEMS
5652,VIDEO_VIVID
5653,CRYPTO_SHA1
5654,ICP10100
5655,USB_ISP1760_DUAL_ROLE
5656,CS89x0
5657,AD5449
5658,SH_TIMER_CMT
5659,COMEDI_PCMMIO
5660,DRM_PANEL_SAMSUNG_S6E8AA0
5661,VME_BUS
5662,BLK_DEV_VIA82CXXX
5663,PINCTRL_PFC_R8A77995
5664,RCU_FAST_NO_HZ
5665,X86_PKG_TEMP_THERMAL
5666,PMBUS
5667,RTC_DRV_DS1343
5668,COMMON_CLK_MMP2_AUDIO
5669,GPIO_VIPERBOARD
5670,IR_STREAMZAP
5671,MEDIA_COMMON_OPTIONS
5672,IIO_SW_TRIGGER
5673,FB_IBM_GXT4500
5674,W1_MASTER_GPIO
5675,OF_GPIO
5676,SUNIV_F1C100S_CCU
5677,CRYPTO_CHACHA20POLY1305
5678,SH_TIMER_TMU
5679,BATTERY_88PM860X
5680,BT1_AXI
5681,FB_ATY_BACKLIGHT
5682,STUB_CLK_HI6220
5683,LTC2485
5684,MFD_MAX77650
5685,RMI4_2D_SENSOR
5686,SENSORS_NTC_THERMISTOR
5687,SND_SAMSUNG_PCM
5688,TANGO_THERMAL
5689,ZONE_DMA
5690,TLS_DEVICE
5691,CARDMAN_4000
5692,USB_MTU3_HOST
5693,ND_BLK
5694,TRUSTED_KEYS
5695,PC104
5696,COMMON_CLK_BOSTON
5697,PWM_PXA
5698,COMEDI_ADDI_APCI_1516
5699,SCSI_MYRS
5700,SPI_MESON_SPICC
5701,CRYPTO_CAMELLIA_AESNI_AVX_X86_64
5702,BACKLIGHT_GPIO
5703,GPIO_PCA953X_IRQ
5704,SOUND_OSS_CORE_PRECLAIM
5705,I2C_ROBOTFUZZ_OSIF
5706,IMX_SCU_PD
5707,DRM_ETNAVIV_THERMAL
5708,MEDIA_TUNER_IT913X
5709,INTEGRITY
5710,RPMSG_QCOM_GLINK_RPM
5711,TOUCHSCREEN_USB_EASYTOUCH
5712,AS3935
5713,LEDS_LP3952
5714,IQS620AT_TEMP
5715,EDAC_DEBUG
5716,SENSORS_RM3100
5717,MFD_TPS80031
5718,AT91_SOC_SFR
5719,CHARGER_MAX8903
5720,COMMON_CLK_MT8183_VENCSYS
5721,S3C2443_COMMON_CLK
5722,SND_HDA_PATCH_LOADER
5723,PCIE_XILINX_NWL
5724,H8300_TPU
5725,KALLSYMS
5726,IXP4XX_QMGR
5727,CAN_SJA1000_ISA
5728,AFS_DEBUG
5729,PROC_PAGE_MONITOR
5730,COH901318
5731,SENSORS_PC87360
5732,CMA_SIZE_SEL_MBYTES
5733,I2C_DIGICOLOR
5734,S390_AP_IOMMU
5735,LOGIG940_FF
5736,MMC_SDHCI_ACPI
5737,CHROMEOS_LAPTOP
5738,USB_CONFIGFS_F_LB_SS
5739,RTC_DRV_AS3722
5740,TOUCHSCREEN_USB_GENERAL_TOUCH
5741,BT_RFCOMM_TTY
5742,GPIO_TS4900
5743,PHY_MESON_G12A_USB2
5744,USB_MICROTEK
5745,BCACHE_ASYNC_REGISTRAION
5746,SENSORS_VT1211
5747,FB_TRIDENT
5748,X86_X2APIC
5749,MRP
5750,RESET_MESON
5751,EXYNOS_SROM
5752,SUN5I_HSTIMER
5753,JFFS2_SUMMARY
5754,LPC_SCH
5755,XEN_PVCALLS_BACKEND
5756,PCIE_UNIPHIER
5757,CLK_SUNXI
5758,ULTRIX_PARTITION
5759,MOUSE_VSXXXAA
5760,BLK_DEV_INTEGRITY_T10
5761,REGULATOR_MC13XXX_CORE
5762,DEBUG_BOOT_PARAMS
5763,CRYPTO_CRYPTD
5764,X86_EXTENDED_PLATFORM
5765,CRYPTO_LRW
5766,I2C_PARPORT
5767,CRASH_CORE
5768,UNIPHIER_XDMAC
5769,WLAN_VENDOR_ZYDAS
5770,DVB_MMAP
5771,CLK_RCAR_USB2_CLOCK_SEL
5772,TOUCHSCREEN_USB_EGALAX
5773,RTC_DRV_MAX8925
5774,PCI_XGENE_MSI
5775,I2C_PXA
5776,MMC_MTK
5777,MOUSE_PS2_ELANTECH
5778,SENSORS_RM3100_I2C
5779,STRIP_ASM_SYMS
5780,CRYPTO_RMD256
5781,ZONE_DEVICE
5782,HID_ROCCAT
5783,KUNIT
5784,CLK_BCM2835
5785,WIRELESS_EXT
5786,REGULATOR_STPMIC1
5787,INPUT_MOUSEDEV
5788,INTEGRITY_PLATFORM_KEYRING
5789,DMABUF_HEAPS
5790,TWL6040_CORE
5791,GPIO_LOGICVC
5792,USB_FTDI_ELAN
5793,BSD_DISKLABEL
5794,PINCTRL_PFC_R8A7778
5795,HID_GYRATION
5796,GAMEPORT_EMU10K1
5797,PCIE_RCAR_HOST
5798,RTC_DRV_EM3027
5799,I2C_PXA_SLAVE
5800,WM831X_POWER
5801,REGULATOR_S2MPS11
5802,SYSC_R8A77995
5803,UDMABUF
5804,PCIE_ARTPEC6_EP
5805,MTD_SPI_NOR
5806,SERIAL_DEV_BUS
5807,RAVE_SP_EEPROM
5808,REGULATOR_GPIO
5809,LOGITECH_FF
5810,IDE_ATAPI
5811,FB_ARC
5812,MTD_MAP_BANK_WIDTH_2
5813,PWM_LPC32XX
5814,AB3100_OTP
5815,PERF_EVENTS_AMD_POWER
5816,IR_SPI
5817,LCD_TDO24M
5818,PPP_FILTER
5819,DRM_PANEL_SITRONIX_ST7789V
5820,QUOTA
5821,PWM_IMX1
5822,USB_GSPCA_JEILINJ
5823,NET_CLS_ACT
5824,COMEDI_PCMAD
5825,VIRTIO_MMIO
5826,COMMON_CLK_MT8183_MFGCFG
5827,CRYPTO_CRCT10DIF_PCLMUL
5828,NF_CONNTRACK_NETBIOS_NS
5829,W83977F_WDT
5830,TPS6507X
5831,FB_HECUBA
5832,VIDEO_I2C
5833,MFD_TI_LP87565
5834,SERIAL_SC16IS7XX_SPI
5835,SND_SOC_INTEL_SST_TOPLEVEL
5836,SPI_SLAVE_TIME
5837,TABLET_SERIAL_WACOM4
5838,ADXL372
5839,CROS_EC_LPC
5840,USB4
5841,I2C_AMD8111
5842,DRM_DEBUG_DP_MST_TOPOLOGY_REFS
5843,SSB
5844,WATCHDOG
5845,RT_GROUP_SCHED
5846,RAPIDIO_TSI57X
5847,SENSORS_MAX31785
5848,XEN_SYMS
5849,INTEL_MEI_WDT
5850,USB_MUSB_HOST
5851,TABLET_USB_HANWANG
5852,SCSI_IZIP_SLOW_CTR
5853,PMS7003
5854,DRM_RCAR_LVDS
5855,CEC_MESON_AO
5856,IP_MULTICAST
5857,NF_TPROXY_IPV4
5858,SYSC_R8A77965
5859,IDE_GD
5860,CHARGER_TWL4030
5861,CRYPTO_DEV_QAT_C3XXXVF
5862,GOOGLE_MEMCONSOLE_COREBOOT
5863,SPI_AMD
5864,COMEDI_PCMUIO
5865,JBD2_DEBUG
5866,SND_VERBOSE_PRINTK
5867,SAMPLE_VFS
5868,BMC150_ACCEL
5869,BT_MTKUART
5870,DW_DMAC_CORE
5871,XEN_DEV_EVTCHN
5872,DLHL60D
5873,FRAMEBUFFER_CONSOLE_ROTATION
5874,FB_CYBER2000_DDC
5875,GPIO_WATCHDOG
5876,CHARGER_MAX8998
5877,HSU_DMA
5878,NET_TEAM_MODE_LOADBALANCE
5879,MOUSE_PS2_SENTELIC
5880,SENSORS_PMBUS
5881,PCIE_RCAR
5882,CRYPTO_LZ4HC
5883,SND_PCM_OSS_PLUGINS
5884,ARCX_ANYBUS_CONTROLLER
5885,X86_PLATFORM_DEVICES
5886,CRYPTO_ECC
5887,ZOPT2201
5888,ARM_TEGRA_DEVFREQ
5889,PINCTRL_MSM8998
5890,SERIO_SERPORT
5891,MXS_TIMER
5892,IPMI_HANDLER
5893,NAU7802
5894,ASUS_LAPTOP
5895,I2C_AMD_MP2
5896,CRYPTO_RMD320
5897,DRM_AMD_DC_HDCP
5898,CRYPTO_GF128MUL
5899,SENSORS_W83627HF
5900,MEDIA_TUNER_QT1010
5901,COMEDI_ADV_PCI1710
5902,IR_TANGO
5903,CHARGER_LP8727
5904,CUSE
5905,USB_FUNCTIONFS_RNDIS
5906,NFS_FSCACHE
5907,TOUCHSCREEN_CHIPONE_ICN8318
5908,MDIO_I2C
5909,USB_EHCI_HCD_PLATFORM
5910,BLK_DEV_ZONED
5911,DVB_USB_DVBSKY
5912,ACPI_SBS
5913,NVDIMM_DAX
5914,GOOGLE_MEMCONSOLE
5915,TPS65010
5916,RTC_DRV_M41T80
5917,PSI_DEFAULT_DISABLED
5918,MFD_CS47L35
5919,PINCTRL_PFC_SH7264
5920,I2C_IOP3XX
5921,NET_VENDOR_FARADAY
5922,MD_RAID0
5923,SYSCON_REBOOT_MODE
5924,VGA_SWITCHEROO
5925,INPUT_DRV2665_HAPTICS
5926,GPIO_TPS6586X
5927,IXP4XX_NPE
5928,PM_TEST_SUSPEND
5929,TOUCHSCREEN_CYTTSP_CORE
5930,ATH_REG_DYNAMIC_USER_CERT_TESTING
5931,DRM_SIMPLE_BRIDGE
5932,ST_LPC_WATCHDOG
5933,I2C_EMEV2
5934,NVMEM_SNVS_LPGPR
5935,NET_VENDOR_CAVIUM
5936,PHY_EXYNOS_PCIE
5937,BRCMSMAC
5938,DVB_STB6000
5939,XEN_BALLOON
5940,PWM_ROCKCHIP
5941,HISILICON_LPC
5942,TEST_XARRAY
5943,MMC_RICOH_MMC
5944,POWER_RESET_MT6323
5945,USB_F_RNDIS
5946,PINCTRL_UNIPHIER_PRO4
5947,MTD_PHYSMAP
5948,ECHO
5949,CLK_R8A7791
5950,NVMEM_VF610_OCOTP
5951,DAX
5952,SERIAL_CORE
5953,SYSC_R8A7779
5954,KEYBOARD_TM2_TOUCHKEY
5955,SAMPLE_KOBJECT
5956,NET_EMATCH_CANID
5957,PINCTRL_AMD
5958,SND_SOC_AC97_CODEC
5959,USB_CDNS3_GADGET
5960,CRYPTO_LIB_DES
5961,PINCTRL_PFC_R8A7794
5962,TEST_STRING_HELPERS
5963,SECURITY_LOCKDOWN_LSM_EARLY
5964,REGMAP_MMIO
5965,OXNAS_RPS_TIMER
5966,SENSORS_BT1_PVT
5967,USB_CDNS3_IMX
5968,GPIO_ZX
5969,RTC_DRV_DA9055
5970,PHY_HISTB_COMBPHY
5971,STACKTRACE
5972,I2C_HIX5HD2
5973,I2C_AXXIA
5974,WARN_ALL_UNSEEDED_RANDOM
5975,MTD_NAND_ECC_SW_BCH
5976,GREYBUS_USB
5977,RTC_DRV_RV3029C2
5978,SOC_BUS
5979,XEN_GNTDEV_DMABUF
5980,PM_QOS_KUNIT_TEST
5981,STATIC_KEYS_SELFTEST
5982,SND_SOC_MAX9867
5983,REGULATOR_PCAP
5984,DRM_PANEL_SAMSUNG_S6E88A0_AMS452EF01
5985,NET_SCH_ETF
5986,SND_COMPRESS_OFFLOAD
5987,QCOM_COINCELL
5988,CRYPTO_LZ4
5989,LAPBETHER
5990,W1_MASTER_DS2490
5991,W1_MASTER_MXC
5992,SDM_GCC_845
5993,CEC_STI
5994,MMC_DW_BLUEFIELD
5995,IP_VS_PROTO_TCP
5996,NLS_MAC_TURKISH
5997,NET_VENDOR_DEC
5998,MFD_TC3589X
5999,HMC425
6000,COMEDI_ADV_PCI1723
6001,XEN_PV_SMP
6002,DRM_ETNAVIV
6003,MTK_CQDMA
6004,MTD_NAND_STM32_FMC2
6005,INGENIC_CGU_JZ4740
6006,EDAC_AMD64_ERROR_INJECTION
6007,INTEL_INT0002_VGPIO
6008,GPIO_MAX77650
6009,MFD_DA9055
6010,MAX30100
6011,CRYPTO_SM4
6012,ACPI_CPU_FREQ_PSS
6013,HID_SUNPLUS
6014,TOUCHSCREEN_WM97XX
6015,HID_ZEROPLUS
6016,TOUCHSCREEN_WM831X
6017,INPUT_MISC
6018,INGENIC_CGU_JZ4770
6019,USB_BRCMSTB
6020,CRYPTO_DEV_AMLOGIC_GXL_DEBUG
6021,I2C_PCA_PLATFORM
6022,VIDEO_IMX319
6023,NET_VENDOR_VIA
6024,COMMON_CLK_GEMINI
6025,NETFILTER
6026,DRM_I2C_ADV7511_CEC
6027,BLK_DEV_IDECD_VERBOSE_ERRORS
6028,COMMON_CLK_MT7622_HIFSYS
6029,INPUT_AD714X
6030,CAN_RAW
6031,SSB_PCMCIAHOST_POSSIBLE
6032,LOGO_LINUX_MONO
6033,FB_SM750
6034,SND_SOC_COMPRESS
6035,ACPI_IPMI
6036,IMA_APPRAISE
6037,SCSI_AACRAID
6038,SND_SOC_SIRF_AUDIO
6039,RTC_DRV_DS1286
6040,STM32_LPTIMER_CNT
6041,PCIE_PME
6042,NET_MPLS_GSO
6043,NFTL_RW
6044,BCMA_DRIVER_GMAC_CMN
6045,CHARGER_ADP5061
6046,KEYBOARD_MAX7359
6047,LOCK_TORTURE_TEST
6048,HSI_BOARDINFO
6049,HDC100X
6050,REGMAP_W1
6051,W1_SLAVE_SMEM
6052,USB_EHCI_MV
6053,VIDEO_ADV7180
6054,JFS_DEBUG
6055,BACKLIGHT_88PM860X
6056,TOUCHSCREEN_TOUCHRIGHT
6057,GPIO_RCAR
6058,INGENIC_TIMER
6059,INPUT_JOYSTICK
6060,TI_DMA_CROSSBAR
6061,SLUB_DEBUG
6062,COMMON_CLK_XLNX_CLKWZRD
6063,JAILHOUSE_GUEST
6064,MILBEAUT_HDMAC
6065,ARMADA_THERMAL
6066,SND_INTEL_NHLT
6067,SND_MESON_G12A_TOACODEC
6068,PHY_EXYNOS_MIPI_VIDEO
6069,PINCTRL_QCS404
6070,MTD_CMDLINE_PARTS
6071,SLUB_STATS
6072,SND_SOC_TEGRA_SGTL5000
6073,SND_USB_AUDIO_USE_MEDIA_CONTROLLER
6074,COMMON_CLK_MT6797_IMGSYS
6075,INPUT_KXTJ9
6076,SENSORS_GSC
6077,REISERFS_PROC_INFO
6078,INPUT_CMA3000
6079,MACHZ_WDT
6080,PPS
6081,ATLAS_EZO_SENSOR
6082,RAPIDIO_ENABLE_RX_TX_PORTS
6083,SUN8I_H3_CCU
6084,IT87_WDT
6085,REGULATOR_MAX8997
6086,WATCH_QUEUE
6087,DM_SNAPSHOT
6088,INTEL_TXT
6089,VIDEO_CS5345
6090,REALTEK_AUTOPM
6091,GPIO_MLXBF2
6092,RADIO_SHARK2
6093,VIDEO_TDA7432
6094,SUN8I_R40_CCU
6095,ACORN_PARTITION_ICS
6096,COMEDI_S626
6097,MMA7455
6098,MFD_AT91_USART
6099,I2C_STM32F7
6100,I2C_PMCMSP
6101,SCSI_LOWLEVEL_PCMCIA
6102,HW_RANDOM_MTK
6103,CLK_BCM_KONA
6104,DMA_SUN6I
6105,ASYMMETRIC_TPM_KEY_SUBTYPE
6106,MFD_SEC_CORE
6107,USB_LEGOTOWER
6108,SENSORS_ATK0110
6109,SPI_NPCM_FIU
6110,I2C_SH_MOBILE
6111,BTRFS_FS_CHECK_INTEGRITY
6112,SERIO_SUN4I_PS2
6113,EDAC_I5000
6114,COMMON_CLK_MT8135
6115,PSTORE_842_COMPRESS_DEFAULT
6116,DM_CRYPT
6117,DRM_PANEL_SEIKO_43WVF1G
6118,HID_TOPSEED
6119,SERIAL_ALTERA_UART_CONSOLE
6120,RPMSG_QCOM_SMD
6121,COMMON_CLK_MT2712_MMSYS
6122,PCI_HOST_THUNDER_ECAM
6123,NVDIMM_PFN
6124,PWM_STMPE
6125,WATCHDOG_PRETIMEOUT_GOV_NOOP
6126,BCM_PDC_MBOX
6127,VIDEO_HI556
6128,INPUT_PM8XXX_VIBRATOR
6129,CS5535_MFGPT
6130,SPRD_DMA
6131,CONFIGFS_FS
6132,HID_MULTITOUCH
6133,SUN8I_A23_CCU
6134,KPC2000_DMA
6135,OCFS2_FS_STATS
6136,REGULATOR_MT6380
6137,SECURITY_PATH
6138,COMMON_CLK_MT6779_CAMSYS
6139,QCOM_CPR
6140,POWER_RESET_SC27XX
6141,AXP20X_ADC
6142,DEBUG_LIST
6143,SCSI_ENCLOSURE
6144,AT91RM9200_WATCHDOG
6145,MOUSE_GPIO
6146,SERIAL_SAMSUNG_UARTS_4
6147,SND_CMI8330
6148,TMPFS
6149,SERIAL_IMX_CONSOLE
6150,EEPROM_EE1004
6151,PINCTRL_PFC_R8A774A1
6152,COMMON_CLK_OXNAS
6153,GPIO_PXA
6154,COMMON_CLK_MT2701_BDPSYS
6155,DRA752_THERMAL
6156,SND_SOC_FSL_ASRC
6157,BFQ_GROUP_IOSCHED
6158,S3C24XX_DMAC
6159,SH_TIMER_MTU2
6160,ARCH_ENABLE_HUGEPAGE_MIGRATION
6161,AD7192
6162,MFD_CS47L15
6163,CLK_R8A7795
6164,MAX1241
6165,RTC_DRV_DS1307_CENTURY
6166,MLXSW_CORE
6167,I2C_STU300
6168,IOSCHED_BFQ
6169,MCF_EDMA
6170,MEMORY_BALLOON
6171,PHY_QCOM_USB_HS
6172,VIDEO_IMX290
6173,SUN6I_MSGBOX
6174,SATA_GEMINI
6175,DM_VERITY_VERIFY_ROOTHASH_SIG
6176,UNIXWARE_DISKLABEL
6177,SCSI_IPR_TRACE
6178,PACKET
6179,IP_PNP_DHCP
6180,COMEDI_PCL730
6181,CHARGER_DETECTOR_MAX14656
6182,F2FS_FS_LZO
6183,INPUT_PCF8574
6184,BLK_DEV_ATIIXP
6185,SYSC_R8A7795
6186,MEDIA_TUNER_TUA9001
6187,PINCTRL_PFC_R8A7744
6188,VIDEO_CX2341X
6189,BT_HCIBTUSB_AUTOSUSPEND
6190,BOOTPARAM_SOFTLOCKUP_PANIC
6191,REGULATOR_LTC3676
6192,FPGA_DFL_FME_REGION
6193,ATM_LANE
6194,BCMA_HOST_PCI
6195,INPUT_MATRIXKMAP
6196,ABX500_CORE
6197,XILLYBUS_OF
6198,HID_SENSOR_MAGNETOMETER_3D
6199,COMEDI_USBDUX
6200,NET_CLS_RSVP
6201,PRINT_QUOTA_WARNING
6202,SPI_ARMADA_3700
6203,NFC_NXP_NCI_I2C
6204,PHY_RALINK_USB
6205,USB_GADGET_DEBUG
6206,PHY_NS2_PCIE
6207,SPI_SYNQUACER
6208,SENSORS_LM95234
6209,MCP3911
6210,INPUT_ATLAS_BTNS
6211,SERIAL_8250_FINTEK
6212,IEEE802154_SOCKET
6213,LEDS_AS3645A
6214,SC520_WDT
6215,SPI_DESIGNWARE
6216,FB_I740
6217,RTC_DRV_DS1307
6218,GENERIC_TRACER
6219,BLK_DEV_IDECD
6220,SECURITY_DMESG_RESTRICT
6221,NF_CONNTRACK_SNMP
6222,CRYPTO_DEV_QAT
6223,ZX2967_THERMAL
6224,RTC_DRV_DAVINCI
6225,GPIO_BT8XX
6226,QUOTA_NETLINK_INTERFACE
6227,MTD
6228,MFD_ROHM_BD71828
6229,MPL115_I2C
6230,MMA7455_I2C
6231,ADXL372_I2C
6232,USB_MAX3421_HCD
6233,WM8350_POWER
6234,NET_IPIP
6235,ATH10K_USB
6236,RAPIDIO
6237,SND_SOC_AK4458
6238,RADIO_SI470X
6239,PCI_PASID
6240,GPIO_AMD8111
6241,SND_SOC_OMAP_HDMI
6242,MMC_TMIO_CORE
6243,X86_P4_CLOCKMOD
6244,OF_UNITTEST
6245,GPIO_TS5500
6246,DVB_TUNER_CX24113
6247,SERIAL_SPRD
6248,MEDIA_SUPPORT
6249,LEDS_LM3532
6250,TIFM_7XX1
6251,XILINX_GMII2RGMII
6252,QCOM_RPMHPD
6253,AD7291
6254,DRM_IMX_LDB
6255,GENERIC_IRQ_DEBUGFS
6256,USB_FUNCTIONFS_GENERIC
6257,GPIO_SYSCON
6258,ATM_NICSTAR_USE_SUNI
6259,PROC_THERMAL_MMIO_RAPL
6260,SND_DEBUG_VERBOSE
6261,INTEL_ATOMISP
6262,NET_9P_DEBUG
6263,DVB_S5H1411
6264,SENSORS_W83793
6265,SERIAL_8250_PCI
6266,PINCTRL_MT8127
6267,GPIO_PISOSR
6268,HYPERVISOR_GUEST
6269,GREYBUS_LOOPBACK
6270,SERIAL_ALTERA_JTAGUART_CONSOLE_BYPASS
6271,USB_ULPI
6272,TCP_CONG_BIC
6273,PINCTRL_SM8150
6274,FUSION
6275,PHY_OCELOT_SERDES
6276,SND_SEQ_MIDI_EVENT
6277,SLIM_QCOM_NGD_CTRL
6278,PHY_HI3660_USB
6279,LEDS_ADP5520
6280,CLKSRC_PXA
6281,TI_DAC5571
6282,HID_ACRUX
6283,VXLAN
6284,DP83822_PHY
6285,REGULATOR_STW481X_VMMC
6286,REGULATOR_MAX8649
6287,DMA_SA11X0
6288,TCS3414
6289,CLK_SUNXI_CLOCKS
6290,USB_CHIPIDEA_UDC
6291,BATTERY_OLPC
6292,UNIX_SCM
6293,PWM_PCA9685
6294,QCOM_WCNSS_CTRL
6295,HAVE_ARCH_USERFAULTFD_WP
6296,DEFAULT_CUBIC
6297,TOUCHSCREEN_CY8CTMG110
6298,SERIAL_NONSTANDARD
6299,RADIO_TEA5764
6300,PM_AUTOSLEEP
6301,RTC_DRV_MCP795
6302,LCD_LMS501KF03
6303,IMX_SCU
6304,CRYPTO_HMAC
6305,MOXA_SMARTIO
6306,CDROM_PKTCDVD_WCACHE
6307,LOGIRUMBLEPAD2_FF
6308,DWC_XLGMAC
6309,USB_FOTG210_HCD
6310,XO1_RFKILL
6311,CLK_EMEV2
6312,GREYBUS_ES2
6313,DRM_V3D
6314,MEDIA_TUNER_MT20XX
6315,PARIDE_KBIC
6316,LEDS_ARIEL
6317,INTEL_IOMMU_FLOPPY_WA
6318,PINCTRL_PFC_R8A774B1
6319,CLK_BCM_63XX
6320,DEVPORT
6321,ACPI_CONFIGFS
6322,VIDEO_MT9M111
6323,DVB_ZL10036
6324,DVB_RTL2830
6325,PHY_XGENE
6326,BMP280_I2C
6327,DVB_TDA10086
6328,SND_SOC_TPA6130A2
6329,FRONTSWAP
6330,DM_EBS
6331,CIFS_ALLOW_INSECURE_LEGACY
6332,SND_DEBUG
6333,MP2629_ADC
6334,COMEDI_CB_DAS16_CS
6335,IP_SET_HASH_IPMARK
6336,SND_SOC_SSM4567
6337,MAGIC_SYSRQ_SERIAL
6338,LCD_VGG2432A4
6339,VIDEO_ADV7175
6340,WARN_MISSING_DOCUMENTS
6341,TEST_LIST_SORT
6342,PWM_MTK_DISP
6343,SND_SOC_TLV320ADCX140
6344,NVMEM_MXS_OCOTP
6345,CRYPTO_SHA1_SSSE3
6346,CHARGER_SBS
6347,VIDEO_SAMSUNG_EXYNOS_GSC
6348,PARIDE_PD
6349,USB_IOWARRIOR
6350,BTRFS_DEBUG
6351,CRYPTO_DEV_AMLOGIC_GXL
6352,RCU_EQS_DEBUG
6353,COMMON_RESET_HI6220
6354,IMA_APPRAISE_BUILD_POLICY
6355,JFFS2_RTIME
6356,REGULATOR_ANATOP
6357,SUN4I_TIMER
6358,ALTERA_MSGDMA
6359,KEYBOARD_ADP5588
6360,SF_PDMA
6361,PWM_HIBVT
6362,IR_SONY_DECODER
6363,COMMON_CLK_MT6797
6364,MFD_TPS65912_SPI
6365,I2C_QCOM_GENI
6366,SENSORS_EMC6W201
6367,SUN50I_H6_CCU
6368,MMP_PDMA
6369,MCP4922
6370,ACPI_PROCESSOR
6371,COMMON_CLK_FIXED_MMIO
6372,MMC_OMAP_HS
6373,NETFILTER_XT_MATCH_TIME
6374,GPIO_MAX7301
6375,GFS2_FS_LOCKING_DLM
6376,COMEDI_DT2817
6377,SYSC_R8A77960
6378,BOUNCE
6379,TYPEC_FUSB302
6380,USB_CHIPIDEA_IMX
6381,CAIF
6382,USB_HCD_BCMA
6383,NET_VENDOR_MARVELL
6384,VIRTIO_CONSOLE
6385,I2C_MUX_MLXCPLD
6386,SPRD_COMMON_CLK
6387,SPI_TEGRA114
6388,SH_DMAE_BASE
6389,SENSORS_IRPS5401
6390,XZ_DEC_POWERPC
6391,ASPEED_LPC_SNOOP
6392,MTD_CFI_I1
6393,NFC_MRVL_UART
6394,I2C_SIS5595
6395,INGENIC_CGU_JZ4780
6396,MXM_WMI
6397,NF_SOCKET_IPV6
6398,CAN_KVASER_PCI
6399,MAX5432
6400,QCOM_QMI_HELPERS
6401,FB_TMIO_ACCELL
6402,SND_ES1968_INPUT
6403,QUOTACTL
6404,QCOM_LLCC
6405,FSL_IFC
6406,WL1251
6407,CLK_R8A774C0
6408,MMC_SDHCI_PLTFM
6409,CLK_SP810
6410,PINCTRL_PFC_R8A7740
6411,CLK_SIFIVE_FU540_PRCI
6412,CLK_BCM_63XX_GATE
6413,ATALK
6414,MOUSE_PS2_TOUCHKIT
6415,SND_SOC_CS35L34
6416,PSTORE_LZO_COMPRESS
6417,S390_CCW_IOMMU
6418,CONSOLE_POLL
6419,QCOM_SPMI_ADC5
6420,EXTCON_RT8973A
6421,CRYPTO_DEV_QAT_C62XVF
6422,VIDEO_MEDIATEK_MDP
6423,SERIAL_RDA
6424,BT_HCIUART_INTEL
6425,MESON6_TIMER
6426,INTEL_IOP_ADMA
6427,BMC150_MAGN
6428,GUP_BENCHMARK
6429,BAYCOM_PAR
6430,WINBOND_840
6431,NF_DUP_IPV4
6432,GPIO_TQMX86
6433,AT91SAM9X_WATCHDOG
6434,PINCTRL_PFC_R8A77470
6435,ARCH_PROC_KCORE_TEXT
6436,RTC_DRV_VRTC
6437,FB_NVIDIA
6438,LOGO_LINUX_VGA16
6439,INTEL_MEI_TXE
6440,DRM_ANALOGIX_ANX78XX
6441,CHROMEOS_TBMC
6442,CRYPTO_JITTERENTROPY
6443,IPV6_MULTIPLE_TABLES
6444,SKGE_DEBUG
6445,DVB_AU8522
6446,IWLEGACY_DEBUGFS
6447,MEMSTICK_TIFM_MS
6448,THERMAL_MMIO
6449,SPI_LM70_LLP
6450,FB_RIVA_I2C
6451,MB1232
6452,DMA_API_DEBUG_SG
6453,POWERCAP
6454,DRM_EXYNOS_VIDI
6455,PWM_ATMEL
6456,HID_APPLEIR
6457,CLK_R8A77965
6458,IEEE802154_6LOWPAN
6459,CAN_UCAN
6460,PHY_SUN9I_USB
6461,SERIAL_MPS2_UART_CONSOLE
6462,INGENIC_CGU_JZ4725B
6463,BATMAN_ADV_MCAST
6464,MFD_STW481X
6465,SND_MIRO
6466,SECURITY_APPARMOR_DEBUG_ASSERTS
6467,USB_XHCI_PCI
6468,PINCTRL_MT8516
6469,USB_EMI62
6470,ACPI_I2C_OPREGION
6471,LEDS_PCA955X_GPIO
6472,SND_PCMCIA
6473,PINCTRL_ASPEED_G4
6474,MAX63XX_WATCHDOG
6475,STRING_SELFTEST
6476,MFD_MAX8907
6477,COMMON_CLK_VC5
6478,SERIAL_SH_SCI_EARLYCON
6479,MTD_PHYSMAP_VERSATILE
6480,MESON_MX_EFUSE
6481,DA9063_WATCHDOG
6482,UBIFS_ATIME_SUPPORT
6483,NVMEM_LPC18XX_EEPROM
6484,SERIAL_BCM63XX_CONSOLE
6485,ARM_IMX_BUS_DEVFREQ
6486,PWM_SPRD
6487,IDE_XFER_MODE
6488,USB_OXU210HP_HCD
6489,AT91_SAMA5D2_ADC
6490,TI_ADC108S102
6491,VIDEO_THS8200
6492,USBPCWATCHDOG
6493,INFINIBAND_ADDR_TRANS_CONFIGFS
6494,LEDS_TRIGGER_AUDIO
6495,MTD_ONENAND_OTP
6496,CRC64
6497,SENSORS_LM78
6498,MTD_SCB2_FLASH
6499,BLK_CGROUP
6500,PCIE_CADENCE_HOST
6501,SENSORS_LTC2990
6502,TOUCHSCREEN_SUR40
6503,SND_RIPTIDE
6504,THERMAL_STATISTICS
6505,REED_SOLOMON
6506,PCIEAER_INJECT
6507,SECURITY_LOADPIN_ENFORCE
6508,CRYPTO_DEV_QCE_SKCIPHER
6509,RTC_DRV_MT6397
6510,DVB_AU8522_DTV
6511,MFD_WM8997
6512,JOYSTICK_INTERACT
6513,INET_DIAG
6514,USB_NET_INT51X1
6515,DVB_DYNAMIC_MINORS
6516,FB_S3
6517,SQUASHFS_ZSTD
6518,CRYPTO_DEV_ZYNQMP_AES
6519,PINCTRL_QDF2XXX
6520,SYSCTL_KUNIT_TEST
6521,PINCTRL_S3C64XX
6522,BT1_L2_CTL
6523,RTC_DEBUG
6524,MFD_SUN4I_GPADC
6525,SERIAL_MXS_AUART
6526,USB_CONFIGFS_F_UVC
6527,IIO_MUX
6528,CRYPTO_DEV_CCP
6529,SENSORS_PWM_FAN
6530,JOYSTICK_MAGELLAN
6531,SPI_MTK_NOR
6532,GPIO_GW_PLD
6533,MMIOTRACE
6534,SND_MESON_AXG_SPDIFOUT
6535,PINCTRL_MT6397
6536,SND_FIREWIRE
6537,IP_DCCP_CCID2_DEBUG
6538,MTD_SWAP
6539,SPI_BCM_QSPI
6540,NVM_PBLK_DEBUG
6541,SSB_HOST_SOC
6542,PCI_PRI
6543,PPP_DEFLATE
6544,MEDIA_TUNER_M88RS6000T
6545,MMA9553
6546,BMG160
6547,JFFS2_LZO
6548,RAPIDIO_MPORT_CDEV
6549,PHY_HISI_INNO_USB2
6550,DELL_SMBIOS
6551,INTEL_ISH_HID
6552,SPI_TEGRA20_SFLASH
6553,MCB_PCI
6554,SPI_ATH79
6555,JOYSTICK_GRIP
6556,SPI_MXIC
6557,DVB_STV090x
6558,NET_SCH_CBS
6559,LCD_AMS369FG06
6560,USB_SERIAL_DEBUG
6561,SPRD_EFUSE
6562,RESET_BERLIN
6563,VXFS_FS
6564,I2C_HIGHLANDER
6565,WLAN_VENDOR_ATH
6566,TOUCHSCREEN_BU21029
6567,AK8974
6568,PHY_BCM_SR_PCIE
6569,INTERCONNECT_IMX8MN
6570,PINCTRL_PFC_R8A7779
6571,PHY_LANTIQ_VRX200_PCIE
6572,USB_PWC_DEBUG
6573,PINCTRL_PFC_R8A77980
6574,HID_TIVO
6575,PINCTRL_PFC_SH7785
6576,IRQ_UNIPHIER_AIDET
6577,CLK_R8A77960
6578,CAN_KVASER_PCIEFD
6579,PHY_MAPPHONE_MDM6600
6580,REGULATOR_DA903X
6581,DRM_PANEL_SHARP_LS037V7DW01
6582,DCDBAS
6583,COMMON_CLK_MT2712_JPGDECSYS
6584,SND_SOC_RCAR
6585,MMP_FB
6586,EFI_VARS
6587,CLK_R8A7792
6588,DVB_LNBP22
6589,PWM_ATMEL_HLCDC_PWM
6590,ACPI_EXTLOG
6591,COMMON_CLK_MT2712_MFGCFG
6592,USB_EHCI_HCD
6593,ISAPNP
6594,FUEL_GAUGE_SC27XX
6595,RTC_HCTOSYS
6596,RAS_CEC_DEBUG
6597,AD5064
6598,RTC_DRV_M48T86
6599,SND_SOC_WM8904
6600,PINCTRL_MT2701
6601,INET_AH
6602,DVB_USB_DIBUSB_MB
6603,PINCTRL_PFC_R8A77961
6604,NF_REJECT_IPV4
6605,F2FS_FS_XATTR
6606,SX9500
6607,SPRD_THERMAL
6608,BLK_DEV_MD
6609,TS72XX_WATCHDOG
6610,PHY_S5PV210_USB2
6611,SCHED_MC_PRIO
6612,VIDEO_OV772X
6613,PSTORE_ZSTD_COMPRESS_DEFAULT
6614,IMX8MM_THERMAL
6615,RTC_DRV_VT8500
6616,DVB_ISL6423
6617,HID_HYPERV_MOUSE
6618,VIDEO_TW5864
6619,XO15_EBOOK
6620,RESET_SUNXI
6621,PINCTRL_PFC_EMEV2
6622,PINCTRL_CHERRYVIEW
6623,NET_SCH_FQ_PIE
6624,SOC_ZTE
6625,BLK_DEV_TRIFLEX
6626,NFT_DUP_IPV4
6627,USB_ZR364XX
6628,FB_TFT_SSD1351
6629,PWM_BCM2835
6630,RTC_DRV_RV3028
6631,CAN_M_CAN_PLATFORM
6632,JOYSTICK_FSIA6B
6633,USB_TEST
6634,CRYPTO_DEV_ATMEL_ECC
6635,PINCTRL_MERRIFIELD
6636,FB_MB862XX
6637,HWSPINLOCK_QCOM
6638,SECURITY_APPARMOR_DEBUG
6639,ROADRUNNER
6640,MOUSE_PS2_CYPRESS
6641,IPC_NS
6642,EXT4_USE_FOR_EXT2
6643,PCIE_TEGRA194_HOST
6644,FSI
6645,COMMON_CLK_MT6779_MMSYS
6646,RTC_DRV_DS1511
6647,PINCTRL_PFC_R8A7791
6648,FB_TFT_BD663474
6649,SENSORS_I5K_AMB
6650,USB_SERIAL_OPTICON
6651,SND_SOC_RT711
6652,WIMAX_I2400M
6653,COMMON_CLK_MT7622_AUDSYS
6654,USB_SIERRA_NET
6655,SND_ISA
6656,INPUT_DRV2667_HAPTICS
6657,RESET_STM32MP157
6658,MTD_PARSER_TRX
6659,MTD_MAP_BANK_WIDTH_1
6660,PCIE_TEGRA194
6661,IMX_MBOX
6662,N_HDLC
6663,NPCM7XX_WATCHDOG
6664,INTEL_IPS
6665,60XX_WDT
6666,ARCNET
6667,MEDIA_SUPPORT_FILTER
6668,SENSORS_GL518SM
6669,ACPI_BGRT
6670,TI_EDMA
6671,NETFILTER_XT_MATCH_CGROUP
6672,BACKLIGHT_LP8788
6673,COMMON_CLK_MT6779_IMGSYS
6674,TOUCHSCREEN_WM9713
6675,BACKLIGHT_RAVE_SP
6676,SPI_SPRD
6677,RPMSG_QCOM_GLINK
6678,I2C_DEMUX_PINCTRL
6679,WLAN_VENDOR_MEDIATEK
6680,NETFILTER_CONNCOUNT
6681,VIDEO_OV5640
6682,EXYNOS_CHIPID
6683,CRAMFS
6684,WLAN_VENDOR_ST
6685,CHARGER_MAX14577
6686,VIDEO_OV5647
6687,DVB_L64781
6688,INPUT_ATMEL_CAPTOUCH
6689,GNSS_SERIAL
6690,DA311
6691,AD7766
6692,USB_SERIAL_OTI6858
6693,ATCPIT100_TIMER
6694,ACER_WIRELESS
6695,CACHEFILES
6696,TASK_DELAY_ACCT
6697,ARM_SCPI_PROTOCOL
6698,DVB_ISL6405
6699,LEDS_LP8501
6700,INPUT_GPIO_BEEPER
6701,SMS_SDIO_DRV
6702,TOUCHSCREEN_IPROC
6703,SERIAL_CONEXANT_DIGICOLOR
6704,SND_SOC_WM8523
6705,COMMON_CLK_MT6779_AUDSYS
6706,REGULATOR_SY8824X
6707,WM831X_WATCHDOG
6708,PHY_DA8XX_USB
6709,CHARGER_TPS65090
6710,USB_GSPCA_DTCS033
6711,JFS_SECURITY
6712,SATA_INIC162X
6713,EFI_TEST
6714,BD70528_WATCHDOG
6715,QCOM_RPMPD
6716,ARM_SMMU_DISABLE_BYPASS_BY_DEFAULT
6717,MTD_PMC551_DEBUG
6718,RTC_DRV_STM32
6719,IP_VS_SED
6720,GREYBUS_BRIDGED_PHY
6721,INET_IPCOMP
6722,SPEAKUP_SYNTH_TXPRT
6723,MESON_GXL_PHY
6724,PHY_PXA_USB
6725,LEDS_LM3533
6726,TABLET_USB_ACECAD
6727,SENSORS_LM85
6728,SND_SOC_OMAP3_TWL4030
6729,NET_VENDOR_RENESAS
6730,IOMMU_IOVA
6731,IP_SET_BITMAP_IPMAC
6732,PINCTRL_SPRD
6733,CODA_FS
6734,COMMON_CLK_MT7629_ETHSYS
6735,MTK_SCPSYS
6736,FUTEX
6737,SND_SOC_SOF_OF
6738,PHY_CADENCE_DPHY
6739,CRYPTO_TGR192
6740,IP_SET_BITMAP_IP
6741,SND_SOC_OMAP_ABE_TWL6040
6742,VIDEO_CS53L32A
6743,SUN8I_THERMAL
6744,PCI_V3_SEMI
6745,REGULATOR_MAX8925
6746,COMEDI_ADV_PCI1720
6747,FB_WM8505
6748,SERIAL_8250_16550A_VARIANTS
6749,DRM_PANEL_SHARP_LQ101R1SX01
6750,WLAN_VENDOR_QUANTENNA
6751,PINCTRL_AT91PIO4
6752,INFINIBAND_ON_DEMAND_PAGING
6753,INGENIC_OST
6754,PINCTRL_RZA2
6755,HID_PENMOUNT
6756,DVB_M88DS3103
6757,USB_ISP1761_UDC
6758,I2C_WMT
6759,PINCTRL_PFC_SH7203
6760,CGROUP_SCHED
6761,MAC80211_MESH
6762,AD5791
6763,SUN5I_CCU
6764,SPI_BCM63XX_HSSPI
6765,INPUT_GPIO_DECODER
6766,PHY_TEGRA194_P2U
6767,DVB_TDA10048
6768,I2C_SIS630
6769,HID_PICOLCD_CIR
6770,MEDIA_TUNER_MXL5007T
6771,USB_SERIAL_ARK3116
6772,LEDS_EL15203000
6773,BT_HCIBPA10X
6774,PCIE_KIRIN
6775,USB_F_ECM
6776,USB_ISP1362_HCD
6777,EP93XX_DMA
6778,EFI_SOFT_RESERVE
6779,WILINK_PLATFORM_DATA
6780,DRM_UDL
6781,PCI_XGENE
6782,SND_OPL4_LIB_SEQ
6783,SPI_STM32
6784,USB_GSPCA_PAC207
6785,TCP_CONG_VENO
6786,DRM_TOSHIBA_TC358768
6787,SSB_DRIVER_PCICORE
6788,ZD1211RW
6789,AD2S1200
6790,SND_OPL4_LIB
6791,PINCTRL_PFC_R8A7793
6792,INPUT_IDEAPAD_SLIDEBAR
6793,USB_EHCI_ROOT_HUB_TT
6794,USB_CDNS3_TI
6795,COMMON_CLK_MT6779_IPESYS
6796,NET_TEAM_MODE_BROADCAST
6797,MPTCP
6798,BLK_DEV_TRM290
6799,PRINTER
6800,ARCNET_1051
6801,MISC_RTSX_USB
6802,DVB_OR51211
6803,KS0108
6804,INPUT_HISI_POWERKEY
6805,MAC80211_HWSIM
6806,MFD_MP2629
6807,CHARGER_BD70528
6808,CDROM
6809,CORE_DUMP_DEFAULT_ELF_HEADERS
6810,RMI4_F54
6811,DRM_PANEL_SITRONIX_ST7701
6812,VIDEO_SAA6752HS
6813,AD9467
6814,QTNFMAC
6815,NETFILTER_XT_MATCH_STRING
6816,KEYBOARD_ADP5520
6817,SND_SOC_SNOW
6818,NF_LOG_BRIDGE
6819,NF_TABLES_BRIDGE
6820,SND_SOC_LOWLAND
6821,SND_SOC_WM5100
6822,RTC_DRV_CADENCE
6823,NFT_BRIDGE_META
6824,SND_SOC_LITTLEMILL
6825,PWRSEQ_SD8787
6826,BATMAN_ADV_DAT
6827,SND_GINA20
6828,USB_CHIPIDEA_GENERIC
6829,TYPEC
6830,IP6_NF_MATCH_MH
6831,CLK_R7S9210
6832,IP6_NF_MATCH_OPTS
6833,BATMAN_ADV_BLA
6834,SND_DARLA20
6835,USB_G_WEBCAM
6836,IP6_NF_MATCH_HL
6837,DVB_B2C2_FLEXCOP
6838,SND_SOC_WM8524
6839,HOSTAP_CS
6840,SND_SOC_WM8711
6841,HERMES
6842,I2C_SIRF
6843,VIRTIO_INPUT
6844,HOSTAP_PLX
6845,QORIQ_CPUFREQ
6846,I2C_SPRD
6847,HOSTAP_PCI
6848,SND_CS5530
6849,IP6_NF_MATCH_FRAG
6850,MISDN_NETJET
6851,SND_CS5535AUDIO
6852,USB_G_DBGP_SERIAL
6853,INTEL_SCU_PCI
6854,MISDN_HDLC
6855,SND_SOC_WM8741
6856,PLX_HERMES
6857,SND_SOC_WM8770
6858,CLK_RENESAS
6859,APB_TIMER
6860,IP6_NF_MATCH_EUI64
6861,MISDN_W6692
6862,IFCVF
6863,FEC
6864,SERIAL_8250_TEGRA
6865,I2C_SUN6I_P2WI
6866,DVB_TUNER_ITD1000
6867,SND_SOC_WM8727
6868,HERMES_PRISM
6869,TOUCHSCREEN_WDT87XX_I2C
6870,DVB_CX24120
6871,TTY_PRINTK
6872,USB_G_MULTI_CDC
6873,NFSD
6874,NF_FLOW_TABLE_IPV6
6875,MISDN_ISAR
6876,SND_CS46XX_NEW_DSP
6877,USB_DWC2_DEBUG_PERIODIC
6878,SND_SOC_WM8961
6879,SOFTLOCKUP_DETECTOR
6880,NATIONAL_PHY
6881,COMEDI_AMPLC_PC236_ISA
6882,FB_TFT_ILI9320
6883,NFT_DUP_IPV6
6884,NET_TC_SKB_EXT
6885,PCI_HERMES
6886,SND_SOC_WM8900
6887,PCMCIA_HERMES
6888,SND_SOC_WM8955
6889,PCMCIA_SPECTRUM
6890,SENSORS_LOCHNAGAR
6891,USB_CHIPIDEA_PCI
6892,I2C_SYNQUACER
6893,NORTEL_HERMES
6894,TOUCHSCREEN_WM9705
6895,VIDEO_V4L2_TPG
6896,COMEDI_PCM3724
6897,FB_TFT_HX8347D
6898,CRYPTO_ADIANTUM
6899,REGULATOR_UNIPHIER
6900,FB_TFT_HX8353D
6901,MAC80211_HT_DEBUG
6902,MICROCHIP_T1_PHY
6903,DRM_EXYNOS_DSI
6904,XEN_PV
6905,PATA_MARVELL
6906,DRM_EXYNOS_DP
6907,XEN_HAVE_PVMMU
6908,HID_SAITEK
6909,PATA_IT821X
6910,PATA_JMICRON
6911,DRM_EXYNOS_DPI
6912,DVB_USB_DTT200U
6913,USB_G_MULTI_RNDIS
6914,IP6_NF_MATCH_AH
6915,ORINOCO_USB
6916,I2C_UNIPHIER_F
6917,VIDEO_MMP_CAMERA
6918,SND_SOC_WM8971
6919,DRM_EXYNOS_FIMC
6920,SWIOTLB_XEN
6921,XEN_PVHVM
6922,PATA_OLDPIIX
6923,DRM_EXYNOS_ROTATOR
6924,OLPC_XO175_EC
6925,PATA_NETCELL
6926,DRM_EXYNOS_G2D
6927,SECURITY_APPARMOR_HASH
6928,PATA_NINJA32
6929,DVB_USB_PCTV452E
6930,VIDEO_ROCKCHIP_ISP1
6931,DVB_STV0299
6932,XEN_HAVE_VPMU
6933,DVB_USB_AF9005
6934,DRM_EXYNOS_MIC
6935,COMEDI_AMPLC_DIO200_ISA
6936,ADXL345
6937,MAC80211_OCB_DEBUG
6938,MICROSEMI_PHY
6939,COMEDI_AMPLC_DIO200
6940,FB_TFT_ILI9163
6941,HID_RETRODE
6942,COMEDI_PCL816
6943,MAC80211_MLME_DEBUG
6944,COMEDI_PCL818
6945,FB_TFT_HX8340BN
6946,IRQCHIP
6947,MAC80211_NOINLINE
6948,COMEDI_ISADMA
6949,FB_TFT_AGM1264K_FL
6950,MARVELL_10G_PHY
6951,XEN_SAVE_RESTORE
6952,PATA_RADISYS
6953,NF_CONNTRACK_PPTP
6954,IONIC
6955,COMEDI_PCL812
6956,FB_TFT
6957,XEN_PVHVM_SMP
6958,PATA_OPTIDMA
6959,DVB_STB6100
6960,XEN_512GB
6961,PATA_PDC2027X
6962,DVB_USB_DW2102
6963,DRM_EXYNOS_GSC
6964,REGULATOR_TPS65218
6965,UNISYS_VISORHBA
6966,IIO_CONFIGFS
6967,X86_NEED_RELOCS
6968,INTEL_XWAY_PHY
6969,IIO_TRIGGERED_BUFFER
6970,DP83869_PHY
6971,UNISYS_VISORINPUT
6972,GPIO_MC33880
6973,QLA3XXX
6974,NF_CONNTRACK_TFTP
6975,QLCNIC
6976,SAMA5D4_WATCHDOG
6977,VIDEO_GS1662
6978,FB_NOTIFY
6979,COMEDI_DT2814
6980,NF_CONNTRACK_SANE
6981,HW_RANDOM_INTEL
6982,COMEDI_DT2815
6983,BMI160_SPI
6984,NF_CONNTRACK_SIP
6985,COMEDI_PCL711
6986,GS_FPGABOOT
6987,IIO_BUFFER_DMAENGINE
6988,PWM_SUN4I
6989,DP83848_PHY
6990,QLCNIC_HWMON
6991,FTWDT010_WATCHDOG
6992,COMEDI_AIO_IIRO_16
6993,SND_SOC_SAMSUNG_SMDK_WM8994
6994,SND_SOC_SSM2518
6995,FB_OMAP2_DSS_COLLECT_IRQ_STATS
6996,SND_SOC_SSM2602_SPI
6997,NF_CT_NETLINK_TIMEOUT
6998,QLCNIC_DCB
6999,COMEDI_FL512
7000,NF_CT_NETLINK_HELPER
7001,FB_BOTH_ENDIAN
7002,COMEDI_AIO_AIO12_8
7003,INV_MPU6050_IIO
7004,ARCH_ENABLE_MEMORY_HOTREMOVE
7005,NF_CT_NETLINK
7006,QLCNIC_SRIOV
7007,FB_CFB_REV_PIXELS_IN_BYTE
7008,COMEDI_DMM32AT
7009,USE_PERCPU_NUMA_NODE_ID
7010,QED_RDMA
7011,SUSPEND_FREEZER
7012,NF_NAT_IRC
7013,COMEDI_NI_AT_A2150
7014,PWM_OMAP_DMTIMER
7015,NF_NAT_SIP
7016,DVB_GP8PSK_FE
7017,DVB_S5H1432
7018,FB_SVGALIB
7019,QEDE
7020,NF_NAT_FTP
7021,S3C2410_WATCHDOG
7022,DVB_DIB9000
7023,COMEDI_ADQ12B
7024,TRANSPARENT_HUGEPAGE
7025,NF_NAT
7026,COMEDI_C6XDIGIO
7027,ARCH_HIBERNATION_HEADER
7028,NF_NAT_AMANDA
7029,QED_SRIOV
7030,COMEDI_8254
7031,UNISYS_VISORNIC
7032,NFS_DEBUG
7033,MAC80211_LEDS
7034,NETFILTER_NETLINK_GLUE_CT
7035,FB_OMAP2_DSS_INIT
7036,SND_SOC_RT5668
7037,FB_OMAP2_DSS_DEBUG
7038,SND_SOC_SIMPLE_AMPLIFIER
7039,FB_OMAP2_DSS_DEBUGFS
7040,SND_SOC_SSM2305
7041,FB_OMAP2_DSS
7042,SND_SOC_RT5616
7043,SND_SOC_WM8753
7044,FB_OMAP2_DEBUG_SUPPORT
7045,SND_SOC_RT5659
7046,MEMORY_HOTREMOVE
7047,SND_SOC_RT5665
7048,TOUCHSCREEN_MELFAS_MIP4
7049,SND_SAMSUNG_I2S
7050,SND_SOC_RT274
7051,HAVE_BOOTMEM_INFO_NODE
7052,SND_SOC_RT1305
7053,MEMORY_HOTPLUG_SPARSE
7054,COMEDI_NI_AT_AO
7055,QCA7000
7056,NF_NAT_TFTP
7057,EP93XX_WATCHDOG
7058,HID_U2FZERO
7059,DMARD10
7060,NF_CONNTRACK_TIMESTAMP
7061,SND_SOC_PCM3168A_I2C
7062,TOUCHSCREEN_ELO
7063,SND_SOC_PCM3168A_SPI
7064,SND_SOC_PCM5102A
7065,YENTA_ENE_TUNE
7066,YENTA_TOSHIBA
7067,RADIO_GEMTEK
7068,THP_SWAP
7069,MPLS_ROUTING
7070,NEED_PER_CPU_KM
7071,PROC_SYSCTL
7072,CRYPTO_ARCH_HAVE_LIB_BLAKE2S
7073,MPLS_IPTUNNEL
7074,IIO_ST_SENSORS_CORE
7075,SND_SOC_WM8580
7076,HYPERV_VSOCKETS
7077,HID_SENSOR_ACCEL_3D
7078,TRANSPARENT_HUGEPAGE_ALWAYS
7079,SERIAL_8250_ASPEED_VUART
7080,RADIO_RTRACK2
7081,IIO_ST_GYRO_3AXIS
7082,NF_CONNTRACK_MARK
7083,NF_CONNTRACK_SECMARK
7084,ATM_IA_DEBUG
7085,MPU3050_I2C
7086,I2C_OWL
7087,YENTA
7088,IIO_ST_SENSORS_SPI
7089,CRYPTO_ARCH_HAVE_LIB_POLY1305
7090,QRTR_SMD
7091,HID_PID
7092,KXSD9_SPI
7093,KXSD9_I2C
7094,RFKILL_INPUT
7095,SND_SAMSUNG_SPDIF
7096,IIO_ST_ACCEL_I2C_3AXIS
7097,IIO_ST_ACCEL_SPI_3AXIS
7098,IIO_ST_SENSORS_I2C
7099,ATM_HE_USE_SUNI
7100,DRM_LIMA
7101,NETFILTER_NETLINK_OSF
7102,V4L_RADIO_ISA_DRIVERS
7103,FXAS21002C_I2C
7104,NF_CONNTRACK
7105,I2C_OMAP
7106,SND_HDSPM
7107,FB_TFT_TLS8204
7108,ATM_HE
7109,PPTP
7110,SND_ICE1712
7111,FB_TFT_UC1611
7112,BTT
7113,ATM_FORE200E_USE_TASKLET
7114,FB_TFT_ST7789V
7115,ND_PFN
7116,PPPOATM
7117,SND_HDSP
7118,PPPOE
7119,NFS_V4_SECURITY_LABEL
7120,RADIO_AZTECH
7121,NF_CONNTRACK_PROCFS
7122,DA9055_WATCHDOG
7123,ATM_FORE200E
7124,SND_FM801
7125,FB_TFT_ST7735R
7126,SLIP_COMPRESSED
7127,FSL_DPAA2_ETHSW
7128,KERNFS
7129,PRINTK_NMI
7130,CRYPTO_MANAGER
7131,SENSORS_GPIO_FAN
7132,SND_SOC_CS4270
7133,FB_TFT_UPD161704
7134,CAIF_DRIVERS
7135,PPP_SYNC_TTY
7136,SND_INTEL8X0M
7137,FB_TFT_WATTEROTT
7138,SLIP
7139,FSL_DPAA2
7140,NF_LOG_COMMON
7141,PPPOL2TP
7142,SND_ICE1724
7143,ATM_SOLOS
7144,PPP_ASYNC
7145,SND_INTEL8X0
7146,RADIO_ISA
7147,FXAS21002C_SPI
7148,RADIO_CADET
7149,NF_DEFRAG_IPV6
7150,NFS_V4_1_MIGRATION
7151,SCSI_MVSAS
7152,FB_OMAP2_PANEL_DPI
7153,SND_SOC_ODROID
7154,SND_SOC_WM8974
7155,BRIDGE_NF_EBTABLES
7156,NVME_TARGET_RDMA
7157,SND_LX6464ES
7158,WILC1000_SDIO
7159,BUG
7160,CAIF_VIRTIO
7161,SND_MAESTRO3
7162,WILC1000_SPI
7163,B53
7164,NF_CONNTRACK_BRIDGE
7165,SND_SOC_WM8960
7166,CAIF_USB
7167,SLIP_SMART
7168,SND_LOLA
7169,WILC1000
7170,DEV_DAX_PMEM
7171,CAIF_HSI
7172,SLIP_MODE_SLIP6
7173,DRM_PL111
7174,DRM_TVE200
7175,SENSORS_IBMPEX
7176,DRM_I915_DEBUG_VBLANK_EVADE
7177,PCMCIA_PCNET
7178,XEN_FRONT_PGDIR_SHBUF
7179,SND_SOC_IMX_AUDMUX
7180,AX88796B_PHY
7181,FB_OMAP2_PANEL_SHARP_LS037V7DW01
7182,SCSI_AIC7XXX
7183,DVB_USB_DIBUSB_MB_FAULTY
7184,PATA_CMD64X
7185,RTC_DRV_FSL_FTM_ALARM
7186,PATA_CS5520
7187,DVB_USB_DIB0700
7188,RTC_DRV_MESON
7189,PATA_CS5530
7190,SND_SOC_WM8985
7191,SCSI_MVUMI
7192,TOUCHSCREEN_MXS_LRADC
7193,FB_OMAP2_PANEL_LGPHILIPS_LB035Q02
7194,SND_SOC_SAMSUNG_TM2_WM5110
7195,SND_SOC_SPDIF
7196,MFD_MXS_LRADC
7197,TOUCHSCREEN_USB_COMPOSITE
7198,PINCTRL_MTK_PARIS
7199,FB_OMAP2_PANEL_DSI_CM
7200,SND_KIRKWOOD_SOC_ARMADA370_DB
7201,SND_SOC_WM8983
7202,BRIDGE_EBT_BROUTE
7203,FB_OMAP2_PANEL_SONY_ACX565AKM
7204,SND_SOC_CS42L51
7205,SATA_VITESSE
7206,DVB_USB_DIB3000MC
7207,DVB_DIB3000MC
7208,SCSI_ACARD
7209,DVB_USB_A800
7210,PATA_ARASAN_CF
7211,PATA_ARTOP
7212,RTC_DRV_ASM9260
7213,BRIDGE_EBT_AMONG
7214,PINCTRL_MT7629
7215,FB_OMAP2_PANEL_NEC_NL8048HL11
7216,SND_SOC_IMG_PARALLEL_OUT
7217,BRIDGE_EBT_ARP
7218,SCSI_HPSA
7219,SATA_VIA
7220,SND_SOC_IMG_I2S_IN
7221,SND_SOC_WM8991
7222,SDIO_UART
7223,BRIDGE_EBT_802_3
7224,SCSI_ARCMSR
7225,PINCTRL_MT7623
7226,FB_OMAP2_PANEL_TPO_TD043MTEA1
7227,SND_SOC_WM8993
7228,SND_SOC_WM8990
7229,RTC_DRV_JZ4740
7230,BRIDGE_EBT_T_NAT
7231,SCSI_ADVANSYS
7232,TOUCHSCREEN_MX25
7233,FB_OMAP2_PANEL_TPO_TD028TTEC1
7234,TOUCHSCREEN_USB_PANJIT
7235,MMP_DISP_SPI
7236,BRIDGE_EBT_MARK
7237,MEGARAID_SAS
7238,MMP_PANEL_TPOHVGA
7239,PRISM2_USB
7240,MEGARAID_MAILBOX
7241,BRIDGE_EBT_IP6
7242,SND_SOC_WM9090
7243,BRIDGE_EBT_LIMIT
7244,MEGARAID_LEGACY
7245,MMP_DISP
7246,MEGARAID_MM
7247,BRIDGE_EBT_IP
7248,PINCTRL_MT8135
7249,SND_SOC_IMG_SPDIF_OUT
7250,SND_SOC_SH4_FSI
7251,SCSI_AHA1740
7252,PATA_ATIIXP
7253,PATA_ATP867X
7254,RTC_DRV_DIGICOLOR
7255,MPL3115
7256,X86_INTEL_MID
7257,IWLEGACY
7258,ATM_DUMMY
7259,IWL4965
7260,SND_SOC_PCM3060_SPI
7261,PATA_SIS
7262,OF
7263,ARCNET_COM20020_CS
7264,SND_SOC_PCM186X_SPI
7265,OF_EARLY_FLATTREE
7266,ATM_DRIVERS
7267,SND_SOC_PCM3008
7268,SND_SOC_WM_HUBS
7269,COMMON_CLK_XGENE
7270,SOUNDWIRE_QCOM
7271,IR_MCE_KBD_DECODER
7272,BRIDGE_EBT_PKTTYPE
7273,SERIAL_8250
7274,PINCTRL_MT2712
7275,BRIDGE_EBT_STP
7276,ARCNET_COM90xx
7277,IPW2200
7278,SND_SOC_NAU8822
7279,X86_UV
7280,IPW2200_MONITOR
7281,ARCNET_RIM_I
7282,IPW2200_RADIOTAP
7283,ARCNET_COM20020
7284,RC_DEVICES
7285,MESON_GX_PM_DOMAINS
7286,ARCNET_CAP
7287,IPW2100_DEBUG
7288,SND_SOC_NAU8810
7289,ARM_SCMI_PROTOCOL
7290,PINCTRL_ASPEED_G5
7291,OWL_PM_DOMAINS
7292,FSL_FMAN
7293,MESON_CLK_MEASURE
7294,DVB_ZL10039
7295,COMMON_CLK_PWM
7296,PINCTRL_BCM281XX
7297,VIDEO_TM6000_DVB
7298,SATA_SVW
7299,RTC_DRV_SPEAR
7300,BLK_DEV_3W_XXXX_RAID
7301,SATA_ULI
7302,DVB_USB
7303,MDIO_BITBANG
7304,IR_MCEUSB
7305,DVB_USB_CINERGY_T2
7306,PINCTRL_NS2_MUX
7307,IR_ITE_CIR
7308,DVB_USB_DTV5100
7309,PINCTRL_CYGNUS_MUX
7310,IR_HIX5HD2
7311,IR_IMON
7312,GIANFAR
7313,IR_IMON_RAW
7314,FSL_PQ_MDIO
7315,PINCTRL_BCM2835
7316,RC_ATI_REMOTE
7317,MESON_EE_PM_DOMAINS
7318,FSL_XGMAC_MDIO
7319,PINCTRL_IPROC_GPIO
7320,IR_ENE
7321,IPW2200_PROMISCUOUS
7322,SND_SOC_PCM179X_I2C
7323,IPW2200_QOS
7324,SND_SOC_PCM179X_SPI
7325,ARCNET_COM20020_PCI
7326,IPW2200_DEBUG
7327,IPW2100
7328,SND_SOC_ML26124
7329,LIBIPW
7330,SND_SOC_MT6660
7331,X86_NUMACHIP
7332,MISDN_IPAC
7333,MFD_INTEL_QUARK_I2C_GPIO
7334,SND_SOC_MAX9877
7335,DVB_USB_TECHNISAT_USB2
7336,FSL_MC_DPIO
7337,I2C_VERSATILE
7338,BE2NET_BE2
7339,FSL_DPAA2_ETH
7340,IR_FINTEK
7341,DVB_USB_AZ6027
7342,PINCTRL_BERLIN
7343,IR_MESON
7344,NET_VENDOR_EMULEX
7345,MISDN_HFCMULTI
7346,GPIO_PCH
7347,MFD_HI655X_PMIC
7348,USB_DWC2_PCI
7349,PWM_STI
7350,SERIAL_CLPS711X
7351,I2C_DIOLAN_U2C
7352,SERIAL_CLPS711X_CONSOLE
7353,MFD_MC13XXX_I2C
7354,USB_DWC2_HOST
7355,PWM_SPEAR
7356,SERIAL_ATMEL_CONSOLE
7357,FPGA_MGR_ICE40_SPI
7358,SERIAL_ATMEL_PDC
7359,CRYPTO_DEV_QCE_ENABLE_ALL
7360,I2C_RCAR
7361,IPW2100_MONITOR
7362,DRM_DW_HDMI
7363,SERIAL_ATMEL
7364,I2C_THUNDERX
7365,GPIO_MLXBF
7366,VFIO_PCI_MMAP
7367,DL2K
7368,MISDN_DSP
7369,VFIO_PCI_INTX
7370,SUNDANCE
7371,PATA_SERVERWORKS
7372,P54_SPI
7373,SENSORS_LM73
7374,P54_SPI_DEFAULT_EEPROM
7375,PATA_TOSHIBA
7376,MFD_EXYNOS_LPASS
7377,USB_DWC3_QCOM
7378,STMPE_I2C
7379,DRM_VMWGFX_FBCON
7380,PATA_RDC
7381,P54_COMMON
7382,PATA_SC1200
7383,PATA_SCH
7384,P54_PCI
7385,BE2NET
7386,MISDN_HFCUSB
7387,PINCTRL_RZA1
7388,PWM_STM32
7389,DECOMPRESS_GZIP
7390,BE2NET_HWMON
7391,RD_BZIP2
7392,MISDN_AVMFRITZ
7393,LIBERTAS_SDIO
7394,COMEDI_8255_PCI
7395,COMEDI_TEST
7396,LIBERTAS_SPI
7397,COMEDI_ADDI_WATCHDOG
7398,LIBERTAS_DEBUG
7399,LIBERTAS_USB
7400,COMEDI_S526
7401,PATA_CMD640_PCI
7402,LIBERTAS_CS
7403,COMEDI_PCI_DRIVERS
7404,PATA_TRIFLEX
7405,COMEDI_KCOMEDILIB
7406,PATA_VIA
7407,WLAN_VENDOR_MARVELL
7408,LIBERTAS
7409,SUNDANCE_MMIO
7410,MISDN_HFCPCI
7411,P54_LEDS
7412,COMEDI_PCMDA12
7413,MTD_ONENAND_SAMSUNG
7414,VIDEO_BT848
7415,USB_DWC3_OF_SIMPLE
7416,VFIO_PCI
7417,PCMCIA_XIRCOM
7418,PINCTRL_LPC18XX
7419,USB_DWC3_ST
7420,VFIO_VIRQFD
7421,DM9102
7422,USB_DWC3_MESON_G12A
7423,LEDS_LM3697
7424,ULI526X
7425,ISDN
7426,QCA7000_UART
7427,SND_SOC_MADERA
7428,PINCTRL_DA9062
7429,USB_DWC3_KEYSTONE
7430,LEDS_TI_LMU_COMMON
7431,CRYPTO_DEV_QCOM_RNG
7432,MTD_NAND_DENALI
7433,PATA_ISAPNP
7434,LIBERTAS_MESH
7435,COMEDI_ADDI_APCI_1500
7436,QCA7000_SPI
7437,USB_SERIAL_EMPEG
7438,CRYPTO_DEV_QCE_SHA
7439,DE4X5
7440,PINCTRL_DA850_PUPD
7441,USB_DWC3_HAPS
7442,HYPERV_NET
7443,SND_SOC_SIGMADSP_REGMAP
7444,MAC80211_RC_DEFAULT_MINSTREL
7445,MTD_PCMCIA
7446,9P_FS_POSIX_ACL
7447,NET_VENDOR_RDC
7448,SND_SOC_SIGMADSP_I2C
7449,USB_SERIAL_IR
7450,SND_SOC_ADAU17X1
7451,USB_SERIAL_EDGEPORT
7452,COMEDI_SSV_DNP
7453,NET_VENDOR_REALTEK
7454,PWM_RENESAS_TPU
7455,SND_SOC_AD193X
7456,CRC32
7457,RMNET
7458,USB_SERIAL_IPAQ
7459,ICS932S401
7460,SCSI_BNX2X_FCOE
7461,HID_NTRIG
7462,NET_ACT_CT
7463,SUNXI_SRAM
7464,SND_SOC_ADAU7118
7465,COMEDI_ISA_DRIVERS
7466,8139TOO_PIO
7467,SND_SOC_ADAV80X
7468,USB_SERIAL_WWAN
7469,NET_ACT_TUNNEL_KEY
7470,LIB80211_DEBUG
7471,CM3232
7472,SGI_GRU
7473,8139CP
7474,SND_SOC_ADAU1977
7475,8139TOO
7476,TEST_PARMAN
7477,SGI_XP
7478,SND_SOC_ADAU1761
7479,USB_SERIAL_F81232
7480,CM32181
7481,ATP
7482,SND_SOC_ADAU1781
7483,USB_SERIAL_F8153X
7484,JCORE_AIC
7485,NFC
7486,ZSWAP_COMPRESSOR_DEFAULT_LZO
7487,NET_NCSI
7488,FB_PM2_FIFO_DISCONNECT
7489,SND_SOC_WM8978
7490,8139TOO_8129
7491,USB_SERIAL_KEYSPAN_PDA
7492,HUGETLBFS
7493,VIDEO_VIA_CAMERA
7494,FB_CIRRUS
7495,BE2ISCSI
7496,VIDEO_MT9T112
7497,CS5535_CLOCK_EVENT_SRC
7498,8139TOO_TUNE_TWISTER
7499,SND_SOC_CPCAP
7500,USB_SERIAL_IUU
7501,CM3605
7502,HID_PANTHERLORD
7503,AFS_DEBUG_CURSOR
7504,CRYPTO_DEV_CAVIUM_ZIP
7505,MAC80211_RC_MINSTREL
7506,MTD_PCI
7507,LIB80211_CRYPT_TKIP
7508,HVC_XEN
7509,VIDEO_MT9M032
7510,CRYPTO_ARCH_HAVE_LIB_CURVE25519
7511,NET_ACT_SKBMOD
7512,SCSI_BNX2_ISCSI
7513,CIFS_ROOT
7514,CRYPTO_DEV_NITROX_CNN55XX
7515,NET_ACT_IFE
7516,LIB80211_CRYPT_CCMP
7517,NET_VENDOR_BROADCOM
7518,FUTEX_PI
7519,RFS_ACCEL
7520,FB_CLPS711X
7521,CIFS_FSCACHE
7522,I8253_LOCK
7523,SND_SOC_SIRF
7524,SPRD_SC9860_CLK
7525,RPS
7526,VIDEO_OV9640
7527,HID_MAYFLASH
7528,CRYPTO_DEV_CPT
7529,NET_ACT_CONNMARK
7530,LIB80211
7531,SCSI_CXGB4_ISCSI
7532,HVC_IRQ
7533,NET_ACT_VLAN
7534,CIFS_DFS_UPCALL
7535,NET_ACT_BPF
7536,CFG80211_WEXT_EXPORT
7537,CHELSIO_LIB
7538,FB_IMX
7539,CLK_SUNXI_PRCM_SUN8I
7540,NFC_SHDLC
7541,CLK_SUNXI_PRCM_SUN9I
7542,TS4800_IRQ
7543,NFC_NCI_SPI
7544,VIDEO_DAVINCI_VPIF_DISPLAY
7545,SND_SOC_SIRF_AUDIO_PORT
7546,NFC_NCI_UART
7547,VIDEO_ADV7343
7548,SND_SOC_SIRF_USP
7549,SND_OXYGEN
7550,SPMI_PMIC_CLKDIV
7551,SND_CS4281
7552,QCOM_HFPLL
7553,NET_ACT_CSUM
7554,VIDEO_DAVINCI_VPBE_DISPLAY
7555,IO_WQ
7556,VIDEO_OMAP2_VOUT_VRFB
7557,CORTINA_PHY
7558,SND_OXYGEN_LIB
7559,SM_GCC_8250
7560,SND_SOC_SOF_PCI
7561,SUNXI_CCU
7562,VIDEO_DM355_CCDC
7563,SND_SOC_SOF
7564,SND_SOC_SOF_ACPI
7565,DQL
7566,CIFS_SMB_DIRECT
7567,LIB80211_CRYPT_WEP
7568,CHELSIO_T4
7569,NFC_TRF7970A
7570,VIDEO_DM6446_CCDC
7571,SND_AZT3328
7572,SDM_GPUCC_845
7573,BCM_CYGNUS_PHY
7574,SND_BT87X
7575,SDM_VIDEOCC_845
7576,CRYPTO_SHA256
7577,ARCH_HAS_KEXEC_PURGATORY
7578,NF_TABLES
7579,RAPIDIO_DMA_ENGINE
7580,NF_TABLES_INET
7581,KEYBOARD_EP93XX
7582,BCM87XX_PHY
7583,KXCJK1013
7584,NF_NAT_MASQUERADE
7585,KEYBOARD_CLPS711X
7586,MC3230
7587,COMPILE_TEST
7588,NETFILTER_SYNPROXY
7589,KEYBOARD_DLINK_DIR685
7590,ETHERNET
7591,TOUCHSCREEN_EGALAX
7592,CIFS_DEBUG2
7593,NET_ACT_MPLS
7594,KEYBOARD_QT2160
7595,MOST_COMPONENTS
7596,RAPIDIO_CHMAN
7597,KEYBOARD_TCA8418
7598,K3_RTI_WATCHDOG
7599,MOST_USB
7600,MMA9551
7601,KS7010
7602,KEYBOARD_GPIO_POLLED
7603,RAPIDIO_ENUM_BASIC
7604,KEYBOARD_TCA6416
7605,DAVINCI_WATCHDOG
7606,MMA9551_CORE
7607,NFT_NUMGEN
7608,SM_GCC_8150
7609,MMA7455_SPI
7610,NF_TABLES_IPV4
7611,DMA_ENGINE
7612,NF_TABLES_IPV6
7613,SND_BT87X_OVERCLOCK
7614,SDM_DISPCC_845
7615,IIO_CROS_EC_BARO
7616,MMU_GATHER_TABLE_FREE
7617,BCM84881_PHY
7618,SDM_LPASSCC_845
7619,REGULATOR_STM32_VREFBUF
7620,SND_AU8810
7621,SND_AU8820
7622,BCM63XX_PHY
7623,USB_PEGASUS
7624,SND_ATIIXP
7625,SC_VIDEOCC_7180
7626,REGULATOR_STM32_BOOSTER
7627,SND_ATIIXP_MODEM
7628,AMD_PHY
7629,NFT_COUNTER
7630,USB_CATC
7631,SUNXI_WATCHDOG
7632,SCA3000
7633,NFT_CONNLIMIT
7634,USB_KAWETH
7635,STK8312
7636,NFT_FLOW_OFFLOAD
7637,CRYPTO_DEV_MEDIATEK
7638,NF_FLOW_TABLE
7639,RAPIDIO_CPS_XX
7640,MFD_RN5T618
7641,MMC_SDHCI_OF_AT91
7642,INFINIBAND_IPOIB_DEBUG
7643,BRIDGE_EBT_SNAT
7644,SND_RME32
7645,SND_SOC_ACPI_INTEL_MATCH
7646,INFINIBAND_IPOIB_CM
7647,BRIDGE_EBT_MARK_T
7648,PINCTRL_MT8183
7649,SND_PCXHR
7650,SND_SOC_INTEL_SST_FIRMWARE
7651,SND_SOC_SAMSUNG_SMDK_WM8580
7652,BRIDGE_EBT_REDIRECT
7653,SND_SST_IPC_ACPI
7654,USB_MOUSE
7655,SND_NM256
7656,SND_SOC_INTEL_SST_ACPI
7657,BRIDGE_EBT_DNAT
7658,SND_SOC_INTEL_SST
7659,SND_AU8830
7660,QCS_TURING_404
7661,BCM_NET_PHYLIB
7662,QCS_Q6SSTOP_404
7663,BRIDGE_EBT_VLAN
7664,SND_MIXART
7665,SND_VIA82XX
7666,SND_SOC_INTEL_APL
7667,EDAC_LEGACY_SYSFS
7668,SND_VIA82XX_MODEM
7669,SND_SOC_INTEL_KBL
7670,FSL_DPAA2_ETH_DCB
7671,INFINIBAND_RTRS
7672,SND_SONICVIBES
7673,SND_SOC_INTEL_SKYLAKE
7674,SND_TRIDENT
7675,SND_SOC_INTEL_SKL
7676,USB_COMMON
7677,MTK_INFRACFG
7678,INFINIBAND_SRPT
7679,BRIDGE_EBT_NFLOG
7680,SND_SE6X
7681,SND_SOC_SOF_BAYTRAIL
7682,SND_VIRTUOSO
7683,SND_SST_ATOM_HIFI2_PLATFORM_PCI
7684,INFINIBAND_ISERT
7685,SND_SST_ATOM_HIFI2_PLATFORM_ACPI
7686,INFINIBAND_IPOIB_DEBUG_DATA
7687,SND_RME96
7688,SND_SOC_INTEL_BAYTRAIL
7689,INFINIBAND_SRP
7690,BRIDGE_EBT_LOG
7691,SND_RME9652
7692,SND_SST_ATOM_HIFI2_PLATFORM
7693,SATA_SIS
7694,WATCHDOG_CORE
7695,VIDEO_TM6000_ALSA
7696,RADIO_WL128X
7697,SND_SOC_MAX9768
7698,KRETPROBES
7699,USB_G_NOKIA
7700,SMP
7701,PCIE_CADENCE_PLAT_EP
7702,SND_SOC_MAX9759
7703,NF_REJECT_IPV6
7704,PCI_ENDPOINT_CONFIGFS
7705,PINCTRL_AS370
7706,IR_NUVOTON
7707,SCSI_SMARTPQI
7708,PTP_1588_CLOCK_QORIQ
7709,VIDEO_TM6000
7710,RADIO_TIMBERDALE
7711,TOUCHSCREEN_USB_GUNZE
7712,IR_MTK
7713,SCSI_MPT2SAS
7714,FSL_DPAA2_PTP_CLOCK
7715,SCSI_UFS_DWC_TC_PCI
7716,FSL_ENETC_QOS
7717,TOUCHSCREEN_USB_ELO
7718,IR_IGUANA
7719,NET_VENDOR_FUJITSU
7720,TOUCHSCREEN_USB_E2I
7721,SCSI_UFSHCD_PLATFORM
7722,TOUCHSCREEN_USB_GOTOP
7723,MEDIA_TUNER_MC44S803
7724,SCSI_UFSHCD_PCI
7725,FSL_ENETC_PTP_CLOCK
7726,IR_IGORPLUGUSB
7727,MEDIA_TUNER_TDA18218
7728,DRM_MEDFIELD
7729,LCD_ILI922X
7730,FSL_ENETC_VF
7731,LCD_ILI9320
7732,SND_ASIHPI
7733,SC_MSS_7180
7734,SFP
7735,DVB_USB_V2
7736,SCSI_UFSHCD
7737,FSL_ENETC
7738,DVB_USB_AF9015
7739,IP_NF_ARPFILTER
7740,PCIE_CADENCE_PLAT
7741,SATA_PROMISE
7742,RADIO_TEF6862
7743,SND_SOC_FSL_MICFIL
7744,SND_SOC_MAX9850
7745,USB_CDC_COMPOSITE
7746,BROKEN_ON_SMP
7747,RADIO_TEA5764_XTAL
7748,SND_SOC_FSL_ESAI
7749,SND_SOC_MAX98926
7750,USB_MIDI_GADGET
7751,IP_NF_ARPTABLES
7752,SATA_NV
7753,USB_G_PRINTER
7754,MEDIA_TUNER_FC0011
7755,SCSI_UFS_DWC_TC_PLATFORM
7756,IP_NF_SECURITY
7757,PCMCIA_FMVJ18X
7758,TOUCHSCREEN_USB_ZYTRONIC
7759,IR_RX51
7760,GCOV_KERNEL
7761,SCSI_UFS_CDNS_PLATFORM
7762,NET_VENDOR_GOOGLE
7763,TOUCHSCREEN_USB_ETT_TC45USB
7764,USB_SERIAL_MCT_U232
7765,B53_SERDES
7766,USB_SERIAL_METRO
7767,CLK_OWL_S700
7768,NET_DSA_BCM_SF2
7769,CLK_OWL_S900
7770,B53_MDIO_DRIVER
7771,USB_SERIAL_KLSI
7772,B53_MMAP_DRIVER
7773,USB_SERIAL_KOBIL_SCT
7774,CLK_ACTIONS
7775,B53_SRAB_DRIVER
7776,IR_IMG_HW
7777,DRM_BRIDGE
7778,LCD_OTM3225A
7779,HISI_FEMAC
7780,TOUCHSCREEN_TS4800
7781,IR_IMG_RAW
7782,B53_SPI_DRIVER
7783,USB_SERIAL_KEYSPAN
7784,IP_NF_ARP_MANGLE
7785,PCIE_CADENCE_PLAT_HOST
7786,SATA_RCAR
7787,IR_IMG
7788,DRM_RCAR_DW_HDMI
7789,HIX5HD2_GMAC
7790,USB_MA901
7791,DVB_TDA18271C2DD
7792,USB_MASS_STORAGE
7793,IP_NF_TARGET_TTL
7794,SND_SOC_FSL_SPDIF
7795,PCIE_MOBIVEIL_PLAT
7796,SATA_HIGHBANK
7797,I2C_MT65XX
7798,SND_SOC_MAX98371
7799,IP_NF_TARGET_ECN
7800,SATA_MV
7801,I2C_MT7621
7802,CLK_BT1_CCU_DIV
7803,NET_DSA_MT7530
7804,NET_DSA_MV88E6060
7805,SENSORS_NSA320
7806,USB_KEENE
7807,SND_SOC_MAX98088
7808,IP_NF_TARGET_CLUSTERIP
7809,CLK_ANALOGBITS_WRPLL_CLN28HPC
7810,NET_DSA_LOOP
7811,NET_DSA_LANTIQ_GSWIP
7812,USB_SERIAL_MXUPORT
7813,TEST_SYSCTL
7814,MTD_NAND_AMS_DELTA
7815,FB_OMAP2
7816,RTC_DRV_MOXART
7817,PATA_OPTI
7818,RTC_DRV_MT2712
7819,JZ4780_EFUSE
7820,LIBERTAS_THINFIRM
7821,VIDEO_OMAP2_VOUT
7822,NVMEM_IMX_IIM
7823,PATA_MPIIX
7824,LIBERTAS_THINFIRM_DEBUG
7825,MMC_SDHCI_OF_DWCMSHC
7826,NVMEM_IMX_OCOTP
7827,COMMON_CLK_IPROC
7828,SENSORS_OCC
7829,USB_SERIAL_QCAUX
7830,SENSORS_OCC_P9_SBE
7831,USB_SERIAL_QUALCOMM
7832,IOASID
7833,SND_SOC_MAX98925
7834,USB_GADGET_TARGET
7835,USB_SERIAL_PL2303
7836,NET_DSA_MICROCHIP_KSZ_COMMON
7837,SENSORS_OCC_P8_I2C
7838,I2C_MESON
7839,VIDEO_CX231XX_ALSA
7840,RADIO_SHARK
7841,SND_SOC_LM49453
7842,IP_NF_TARGET_NETMAP
7843,PCIE_MOBIVEIL
7844,SATA_DWC_DEBUG
7845,USB_G_NCM
7846,IP_NF_TARGET_MASQUERADE
7847,PCIE_UNIPHIER_EP
7848,SND_SOC_FSL_MQS
7849,SND_SOC_LM4857
7850,PCIE_AL
7851,MWIFIEX_PCIE
7852,VIDEO_VIU
7853,RTC_DRV_MT7622
7854,DLM_DEBUG
7855,ZSWAP_ZPOOL_DEFAULT_ZBUD
7856,SND_SOC_JZ4770_CODEC
7857,LIST_KUNIT_TEST
7858,PM_SLEEP_DEBUG
7859,MTD_NAND_OMAP2
7860,MWIFIEX_SDIO
7861,VIDEO_SH_VOU
7862,MMC_SDHCI_PXAV2
7863,RTC_DRV_RTD119X
7864,ROCKCHIP_OTP
7865,BIG_KEYS
7866,VIDEO_PXA27x
7867,RTC_DRV_ASPEED
7868,PM_TRACE_RTC
7869,PATA_LEGACY
7870,MT76_CORE
7871,RTC_DRV_CPCAP
7872,MT7601U
7873,VIDEO_OMAP3_DEBUG
7874,MWIFIEX_USB
7875,PATA_OF_PLATFORM
7876,MWL8K
7877,VIDEO_OMAP3
7878,VIDEO_CX231XX_DVB
7879,SND_SOC_FSL_SSI
7880,IP_NF_TARGET_REDIRECT
7881,PCIE_MOBIVEIL_HOST
7882,SATA_DWC_VDEBUG
7883,RTC_DRV_XGENE
7884,VIDEO_AU0828_RC
7885,IP_NF_NAT
7886,I2C_LPC2K
7887,USB_DSBR
7888,SND_IMX_SOC
7889,SND_SOC_SOF_NOCODEC
7890,SND_SOC_RK3399_GRU_SOUND
7891,NETFILTER_NETLINK_QUEUE
7892,SND_SOC_SAMSUNG
7893,RTC_DRV_SC27XX
7894,IP_NF_TARGET_SYNPROXY
7895,NET_FLOW_LIMIT
7896,SND_SOC_SOF_DEVELOPER_SUPPORT
7897,NFT_MASQ
7898,NET_PKTGEN
7899,MTD_NAND_TANGO
7900,MT76_USB
7901,VIDEO_QCOM_CAMSS
7902,MT76x02_LIB
7903,HAVE_CLK
7904,HID_SENSOR_IIO_COMMON
7905,NVMEM_STM32_ROMEM
7906,NFT_LIMIT
7907,LOONGSON_PCH_MSI
7908,NETFILTER_INGRESS
7909,SND_SOC_ROCKCHIP_MAX98090
7910,NETFILTER_NETLINK
7911,SND_SOC_ROCKCHIP_RT5645
7912,RTC_DRV_V3020
7913,BRIDGE_NETFILTER
7914,SND_SOC_ROCKCHIP
7915,SND_SOC_ROCKCHIP_I2S
7916,SND_SOC_ROCKCHIP_PDM
7917,DRM_MXSFB
7918,SND_SOC_ROCKCHIP_SPDIF
7919,NFT_OBJREF
7920,NFT_QUEUE
7921,SENSORS_ISL29018
7922,NFT_QUOTA
7923,NETROM
7924,POWER_RESET_BRCMKONA
7925,SND_SOC_SOF_DEBUG_VERBOSE_IPC
7926,NFT_REDIR
7927,SERIAL_SAMSUNG_CONSOLE
7928,SND_SOC_SOF_NOCODEC_SUPPORT
7929,NFT_NAT
7930,SND_SOC_SOF_DEBUG
7931,GP2AP020A00F
7932,VIDEO_ATOMISP_ISP2401
7933,SND_SOC_SOF_DEBUG_IPC_FLOOD_TEST
7934,NFT_FIB
7935,NFT_FIB_INET
7936,R8169
7937,HW_RANDOM_STM32
7938,TTY
7939,SND_SOC_SOF_DEBUG_ENABLE_DEBUGFS_CACHE
7940,HID_SENSOR_PROX
7941,6PACK
7942,SND_SOC_SOF_DEBUG_ENABLE_FIRMWARE_TRACE
7943,NFT_HASH
7944,BPQETHER
7945,POWER_RESET_BRCMSTB
7946,NFT_REJECT_INET
7947,MKISS
7948,POWER_RESET_GEMINI_POWEROFF
7949,SND_SOC_SOF_DEBUG_FORCE_IPC_POSITION
7950,HID_SENSOR_ALS
7951,BPF_LSM
7952,NFT_COMPAT
7953,MESON_CANVAS
7954,EXYNOS5422_DMC
7955,SND_SOC_RK3288_HDMI_ANALOG
7956,TEGRA20_APB_DMA
7957,SENSORS_ISL29028
7958,KALLSYMS_BASE_RELATIVE
7959,ROSE
7960,RTC_DRV_STK17TA8
7961,MTK_MMSYS
7962,LOONGSON_PCH_PIC
7963,NETFILTER_ADVANCED
7964,SND_SOC_SDM845
7965,IPMMU_VMSA
7966,MTK_SMI
7967,SND_SOC_QDSP6_ASM_DAI
7968,SND_SOC_QDSP6
7969,RTC_DRV_DA9063
7970,QCOM_APR
7971,SND_SOC_MSM8996
7972,RAVB
7973,HW_RANDOM_MESON
7974,COMEDI_ADDI_APCI_2032
7975,DRM_I915_SW_FENCE_DEBUG_OBJECTS
7976,NET_ACT_SKBEDIT
7977,BCM2835_POWER
7978,RENESAS_H8S_INTC
7979,SH_ETH
7980,STMP3XXX_RTC_WATCHDOG
7981,COMEDI_ADDI_APCI_16XX
7982,COMEDI_ADL_PCI9111
7983,HW_RANDOM_KEYSTONE
7984,IMX7ULP_WDT
7985,COMEDI_ADL_PCI9118
7986,UCC_SLOW
7987,NET_VENDOR_SEEQ
7988,COMEDI_ADL_PCI6208
7989,IMA_ARCH_POLICY
7990,MAX77620_WATCHDOG
7991,COMEDI_ADL_PCI7X3X
7992,COMEDI_ADL_PCI8164
7993,COMEDI_ADDI_APCI_3120
7994,ADFS_FS_RW
7995,NET_VENDOR_SAMSUNG
7996,COMEDI_ADDI_APCI_3501
7997,SXGBE_ETH
7998,HW_RANDOM_EXYNOS
7999,COMEDI_ADDI_APCI_3XXX
8000,NET_VENDOR_ROCKER
8001,HW_RANDOM_CAVIUM
8002,TS4800_WATCHDOG
8003,COMEDI_ADDI_APCI_2200
8004,DYNAMIC_FTRACE
8005,ROCKER
8006,LRU_CACHE
8007,NET_ACT_MIRRED
8008,DRBD_FAULT_INJECTION
8009,PINCTRL_STM32MP157
8010,QCOM_SPMI_TEMP_ALARM
8011,BLK_DEV_SKD
8012,NET_ACT_POLICE
8013,VFIO_MDEV
8014,BLK_DEV_DRBD
8015,PINCTRL_STM32H743
8016,GENERIC_ADC_THERMAL
8017,VFIO_MDEV_DEVICE
8018,GACT_PROB
8019,QCOM_TSENS
8020,QE_TDM
8021,INTEL_RAPL_CORE
8022,AUXDISPLAY
8023,NFC_FDP
8024,MFD_SPMI_PMIC
8025,DRM_I915_GVT_KVMGT
8026,SFC
8027,UCC_FAST
8028,SFC_MTD
8029,RETU_WATCHDOG
8030,SUNGEM_PHY
8031,AX88796_93CX6
8032,DRM_I915_USERPTR
8033,NET_EMATCH_IPSET
8034,NET_EMATCH_IPT
8035,PHY_J721E_WIZ
8036,VSOCKMON
8037,BMG160_I2C
8038,CPU_SUP_INTEL
8039,AX88796
8040,VHOST_VSOCK
8041,BMG160_SPI
8042,SND_VX222
8043,SGI_GRU_DEBUG
8044,SND_YMFPCI
8045,KERNEL_XZ
8046,NFC_PN544
8047,IMA_APPRAISE_REQUIRE_KEXEC_SIGS
8048,NFC_PN533_USB
8049,UNIPHIER_THERMAL
8050,DRM_VGEM
8051,NET_ACT_IPT
8052,DMABUF_SELFTESTS
8053,KERNEL_GZIP
8054,NFC_FDP_I2C
8055,GPIO_UCB1400
8056,ADXRS450
8057,NLMON
8058,NI_XGE_MANAGEMENT_ENET
8059,GPIO_WHISKEY_COVE
8060,PHY_AM654_SERDES
8061,NET_VRF
8062,ZSWAP_DEFAULT_ON
8063,VETH
8064,NFP_APP_ABM_NIC
8065,ADIS16260
8066,PHY_STM32_USBPHYC
8067,NET_VENDOR_NI
8068,NET_FAILOVER
8069,NFC_MICROREAD_MEI
8070,NFC_MRVL
8071,IP_DCCP_CCID3_DEBUG
8072,NET_DSA_MICROCHIP_KSZ9477_SPI
8073,SND_SOC_INTEL_GLK
8074,SUN4I_A10_CCU
8075,PINCTRL_STM32F769
8076,SND_HDA_HWDEP
8077,PHY_RCAR_GEN3_USB3
8078,DEBUG_LOCK_ALLOC
8079,SND_HDA_INPUT_BEEP
8080,PCH_PHUB
8081,IMA_APPRAISE_REQUIRE_MODULE_SIGS
8082,PHY_UNIPHIER_PCIE
8083,NET_VENDOR_NETRONOME
8084,TUN
8085,NFP
8086,IRQ_REMAP
8087,BINARY_PRINTF
8088,SND_SOC_INTEL_CML_H
8089,SUN8I_A33_CCU
8090,RIONET
8091,VXGE
8092,VXGE_DEBUG_TRACE_ALL
8093,IP_DCCP_TFRC_DEBUG
8094,NET_DSA_MICROCHIP_KSZ8795_SPI
8095,DVB_USB_AU6610
8096,SND_SOC_INTEL_CFL
8097,NET_DSA_MV88E6XXX
8098,DVB_USB_AZ6007
8099,SND_SOC_INTEL_SKYLAKE_FAMILY
8100,NET_VENDOR_8390
8101,IP_DCCP_TFRC_LIB
8102,NET_DSA_MICROCHIP_KSZ8795
8103,SND_SOC_INTEL_CNL
8104,GREYBUS_HID
8105,IMA_APPRAISE_REQUIRE_POLICY_SIGS
8106,MTD_NETtel
8107,TULIP_NAPI_HW_MITIGATION
8108,AIRO
8109,PINCTRL_BM1880
8110,FB_SSD1307
8111,SND_SOC_ISABELLE
8112,HARDLOCKUP_DETECTOR
8113,AIRO_CS
8114,NET_VENDOR_MICROSEMI
8115,SUN8I_DE2_CCU
8116,PHY_ROCKCHIP_INNO_HDMI
8117,NET_VENDOR_FREESCALE
8118,DVB_USB_GL861
8119,SND_SOC_INNO_RK3036
8120,VFIO
8121,CRYPTO_DEV_QAT_C62X
8122,SCTP_COOKIE_HMAC_MD5
8123,DVB_USB_CE6230
8124,SND_SOC_INTEL_SKYLAKE_COMMON
8125,NET_DSA_MSCC_FELIX
8126,DVB_USB_EC168
8127,SUN8I_V3S_CCU
8128,SCTP_COOKIE_HMAC_SHA1
8129,TUN_VNET_CROSS_LE
8130,NFP_APP_FLOWER
8131,SND_SOC_INTEL_CML_LP
8132,DVB_USB_MXL111SF
8133,MTD_CK804XROM
8134,TULIP
8135,BRCMFMAC_PCIE
8136,SND_SOC_ES7241
8137,DVB_USB_LME2510
8138,SND_SOC_INTEL_USER_FRIENDLY_LONG_NAMES
8139,RDS_RDMA
8140,NET_DSA_AR9331
8141,SND_SOC_INTEL_HASWELL_MACH
8142,CRYPTO_BLOWFISH_COMMON
8143,CRC32_SLICEBY8
8144,INET_SCTP_DIAG
8145,DVB_TC90522
8146,SND_SOC_SOF_INTEL_TOPLEVEL
8147,SUN9I_A80_CCU
8148,FSL_ENETC_MDIO
8149,SND_SOC_JZ4740_CODEC
8150,CIFS_DEBUG
8151,NTB_NETDEV
8152,NET_VENDOR_NETERION
8153,S2IO
8154,PHY_UNIPHIER_USB2
8155,IR_IMG_JVC
8156,IR_IMG_SONY
8157,SCSI_HPTIOP
8158,USB_USBNET
8159,IR_IMG_SHARP
8160,USB_DEFAULT_PERSIST
8161,SCSI_UFS_HISI
8162,IR_IMG_NEC
8163,STK8BA50
8164,SCSI_UFS_TI_J721E
8165,USB_RTL8152
8166,TOUCHSCREEN_TSC_SERIO
8167,SND_SOC_ICS43432
8168,CIFS_UPCALL
8169,TULIP_NAPI
8170,WLAN_VENDOR_CISCO
8171,PHY_ROCKCHIP_INNO_USB2
8172,DEV_PAGEMAP_OPS
8173,TULIP_MWI
8174,BRCM_TRACING
8175,CIFS_WEAK_PW_HASH
8176,TULIP_MMIO
8177,BRCMDBG
8178,SND_SOC_DA7218
8179,DE2104X
8180,VMXNET3
8181,BRCMFMAC_PROTO_MSGBUF
8182,PINCTRL_AS3722
8183,SND_SOC_DA732X
8184,BRCMFMAC_SDIO
8185,SND_SOC_DA9055
8186,USB_NET_CDC_EEM
8187,TOUCHSCREEN_PCAP
8188,RC_LOOPBACK
8189,CRYPTO_DEV_CCP_CRYPTO
8190,NET_TULIP
8191,XEN_NETDEV_BACKEND
8192,IR_IMG_RC5
8193,USB_OTG
8194,SCSI_MYRB
8195,USB_NET_CDCETHER
8196,I2C_FSI
8197,IR_IMG_RC6
8198,USB_OTG_WHITELIST
8199,AD7266
8200,SCSI_BUSLOGIC
8201,USB_NET_AX8817X
8202,IR_IMG_SANYO
8203,SCSI_FLASHPOINT
8204,USB_NET_AX88179_178A
8205,RC_ST
8206,FCOE
8207,USB_NET_DM9601
8208,MODULE_SIG
8209,FCOE_FNIC
8210,USB_NET_HUAWEI_CDC_NCM
8211,TOUCHSCREEN_RM_TS
8212,IR_GPIO_TX
8213,AD7298
8214,ASM_MODVERSIONS
8215,FB_CONTROL
8216,AD7476
8217,USB_NET_CDC_NCM
8218,IR_GPIO_CIR
8219,USB_OTG_FSM
8220,AD7292
8221,MTD_ESB2ROM
8222,BRCMFMAC_USB
8223,SND_SOC_ES7134
8224,DEBUG_KERNEL
8225,DNET
8226,IEEE802154_HWSIM
8227,BRCMFMAC
8228,GENERIC_PINCONF
8229,SND_SOC_CS53L30
8230,UIO_SERCOS3
8231,SND_SOC_CS47L90
8232,HID_KYE
8233,B43LEGACY_PIO
8234,NATSEMI
8235,DRM_VC4_HDMI_CEC
8236,HID_UCLOGIC
8237,PINCTRL_LYNXPOINT
8238,MFD_JANZ_CMODIO
8239,SND_SOC_SOF_TIGERLAKE
8240,HMS_ANYBUSS_BUS
8241,B43LEGACY_DMA
8242,DRM_VC4
8243,IEEE802154_MRF24J40
8244,SND_SOC_SOF_ICELAKE_SUPPORT
8245,CAN_JANZ_ICAN3
8246,KEYBOARD_ST_KEYSCAN
8247,SND_SOC_SOF_COMETLAKE_SUPPORT
8248,IEEE802154_ADF7242
8249,FEALNX
8250,IEEE802154_AT86RF230
8251,B43LEGACY_LEDS
8252,BAREUDP
8253,I2C_DESIGNWARE_BAYTRAIL
8254,B43LEGACY_HWRNG
8255,NET_VENDOR_NATSEMI
8256,IEEE802154_DRIVERS
8257,DRM_IMX_HDMI
8258,B43LEGACY_PCICORE_AUTOSELECT
8259,IEEE802154_FAKELB
8260,IPVTAP
8261,MYRI10GE_DCA
8262,DRM_INGENIC
8263,KEYBOARD_STMPE
8264,SND_SOC_SOF_INTEL_HIFI_EP_IPC
8265,KPC2000_CORE
8266,UV_MMTIMER
8267,SND_SOC_SOF_INTEL_ATOM_HIFI_EP
8268,LEDS_MAX77650
8269,I2C_EFM32
8270,B43LEGACY_DMA_AND_PIO_MODE
8271,SND_SOC_SOF_TIGERLAKE_SUPPORT
8272,IEEE802154_ATUSB
8273,KEYBOARD_SH_KEYSC
8274,HPET_MMAP
8275,INFINIBAND_USNIC
8276,CAN_SUN4I
8277,SND_SOC_SOF_JASPERLAKE_SUPPORT
8278,KPC2000
8279,TSL2583
8280,VIDEO_RCAR_CSI2
8281,SND_SOC_PCM179X
8282,REGMAP_SOUNDWIRE
8283,REGMAP_AC97
8284,BACKLIGHT_SKY81452
8285,PARIDE_FRPW
8286,CRYPTO_DEV_OCTEONTX_CPT
8287,SPI_BCM63XX
8288,VIDEO_XILINX_VTC
8289,SND_SOC_PCM1789
8290,NET_VENDOR_INTEL
8291,REGMAP_SPMI
8292,BACKLIGHT_OT200
8293,MAX517
8294,SECURITY_SMACK_BRINGUP
8295,ALIM1535_WDT
8296,SPI_BCM2835
8297,SND_SOC_MSM8916_WCD_ANALOG
8298,ARCH_USES_PG_UNCACHED
8299,GTP
8300,CRYPTO_DEV_MARVELL
8301,B43LEGACY_DEBUG
8302,IEEE802154_AT86RF230_DEBUGFS
8303,I2C_DESIGNWARE_PCI
8304,KPC2000_I2C
8305,INFINIBAND_HNS
8306,TAP
8307,FPGA_MGR_SOCFPGA
8308,DRM_IMX_TVE
8309,B43LEGACY
8310,IPVLAN_L3S
8311,NET_VENDOR_MYRI
8312,VIDEO_MT9V011
8313,SND_SOC_NAU8824
8314,X25_ASY
8315,B43_HWRNG
8316,MACVTAP
8317,DRM_IMX_PARALLEL_DISPLAY
8318,B43_DEBUG
8319,MSCC_OCELOT_SWITCH_OCELOT
8320,TSL4531
8321,REGMAP_I3C
8322,VIDEO_ATMEL_ISI
8323,LWTUNNEL_BPF
8324,SND_SOC_INTEL_CHT_BSW_NAU8824_MACH
8325,SND_SOC_PCM3168A
8326,US5182D
8327,CAN_AT91
8328,VIDEO_RCAR_VIN
8329,RTC_DRV_SNVS
8330,SND_SOC_INTEL_CHT_BSW_MAX98090_TI_MACH
8331,REGMAP_SCCB
8332,VIDEO_ATMEL_ISC
8333,KEYBOARD_PMIC8XXX
8334,SND_SOC_PCM3060
8335,SND_SOC_TS3A227E
8336,VIDEO_STK1160
8337,SND_SOC_BD28623
8338,CRYPTO_DEV_CCP_DD
8339,KVM_MMU_AUDIT
8340,NET_VENDOR_CORTINA
8341,SND_SOC_SOF_CANNONLAKE
8342,VIDEO_GO7007
8343,VCNL4035
8344,NFC_S3FWRN5_I2C
8345,SND_SOC_CX2072X
8346,SND_SOC_RL6347A
8347,CAN_DEV
8348,VIDEO_SUN6I_CSI
8349,SND_SOC_RL6231
8350,USB_EHCI_FSL
8351,INFINIBAND_VMWARE_PVRDMA
8352,INFINIBAND_HNS_HIP06
8353,VIDEO_TI_CAL
8354,BACKLIGHT_LED
8355,SND_SOC_SOF_ICELAKE
8356,IPVLAN
8357,MYRI10GE
8358,B43LEGACY_PCI_AUTOSELECT
8359,INGENIC_CGU_COMMON
8360,SND_SOC_SOF_COFFEELAKE_SUPPORT
8361,COMEDI_MF6X4
8362,NET_REDIRECT
8363,INPUT_88PM860X_ONKEY
8364,COMEDI_ICP_MULTI
8365,KEYBOARD_SAMSUNG
8366,COMEDI_DAQBOARD2000
8367,SND_SOC_SOF_COFFEELAKE
8368,USB_EHCI_HCD_ORION
8369,MFD_PM8XXX
8370,RESET_HSDK
8371,INFINIBAND_HNS_HIP08
8372,NET_EGRESS
8373,SECURITY_SELINUX_DEVELOP
8374,RTD119X_WATCHDOG
8375,SND_SOC_INTEL_BYT_CHT_DA7213_MACH
8376,SND_SOC_RT5514_SPI_BUILTIN
8377,GENERIC_IRQ_EFFECTIVE_AFF_MASK
8378,VIDEO_IMX_VDOA
8379,SND_SOC_DA7213
8380,SECURITY_SELINUX_DISABLE
8381,SND_SOC_TLV320AIC23_I2C
8382,MMC_TIFM_SD
8383,GEMINI_ETHERNET
8384,CYPRESS_FIRMWARE
8385,GENERIC_IRQ_MIGRATION
8386,B43_LEDS
8387,CRYPTO_DEV_ATMEL_AES
8388,CAVIUM_CPT
8389,KVM_AMD_SEV
8390,MMC_GOLDFISH
8391,VIDEO_EM28XX
8392,VIDEO_HDPVR
8393,CRYPTO_DEV_ATMEL_SHA
8394,TOUCHSCREEN_BU21013
8395,REGULATOR_PBIAS
8396,SND_SOC_AK4671
8397,SPRD_WATCHDOG
8398,EP93XX_ETH
8399,MFD_TIMBERDALE
8400,GENERIC_PENDING_IRQ
8401,SECURITY_SELINUX_AVC_STATS
8402,IOMMU_IO_PGTABLE_ARMV7S_SELFTEST
8403,CEC_SAMSUNG_S5P
8404,COMEDI_CB_PCIDAS64
8405,DVB_AS102
8406,COMEDI_CB_PCIDAS
8407,CEC_MESON_G12A_AO
8408,COMEDI_JR3_PCI
8409,CPCAP_ADC
8410,IEEE802154_CA8210
8411,INFINIBAND_BNXT_RE
8412,COMEDI_KE_COUNTER
8413,NET_POLL_CONTROLLER
8414,GENERIC_PHY
8415,COMEDI_ME4000
8416,NOP_TRACER
8417,CEC_SECO_RC
8418,COMEDI_ME_DAQ
8419,I2C_EG20T
8420,COMEDI_NI_6527
8421,INTEL_MRFLD_ADC
8422,PM8916_WATCHDOG
8423,MXS_LRADC_ADC
8424,CB710_DEBUG_ASSUMPTIONS
8425,CEC_TEGRA
8426,INFINIBAND_HFI1
8427,FSL_MX25_ADC
8428,TI_ST
8429,INPUT_AD714X_SPI
8430,HI8435
8431,PARIDE_EPIA
8432,COMEDI_CB_PCIDDA
8433,EXYNOS_ADC
8434,TLS
8435,CB710_DEBUG
8436,CEC_STM32
8437,COMEDI_CB_PCIMDAS
8438,NET_VENDOR_CISCO
8439,M62332
8440,VIDEO_STK1160_COMMON
8441,SND_SOC_ALC5623
8442,SND_SOC_WM8940
8443,ENIC
8444,TOUCHSCREEN_CHIPONE_ICN8505
8445,GPIO_TPS65218
8446,SND_BCM63XX_I2S_WHISTLER
8447,SND_SOC_AK4613
8448,SND_SOC_UDA1380
8449,PARIDE_EPATC8
8450,KVM_INTEL
8451,ARCH_USES_HIGH_VMA_FLAGS
8452,GPIO_TC3589X
8453,MEDIA_TUNER_TDA8290
8454,RENESAS_RZAWDT
8455,VIDEO_V4L2
8456,SND_SOC_CYGNUS
8457,SND_SOC_AK4554
8458,MTK_PMIC_WRAP
8459,AUDITSYSCALL
8460,NET_VENDOR_CIRRUS
8461,GPIO_STMPE
8462,CRYPTO_LIB_CHACHA_GENERIC
8463,RT2800PCI_RT3290
8464,BCM2835_TIMER
8465,CRYPTO_ARCH_HAVE_LIB_CHACHA
8466,SND_SOC_AK4535
8467,USER_RETURN_NOTIFIER
8468,CHELSIO_T4VF
8469,HFI1_DEBUG_SDMA_ORDER
8470,COMEDI_NI_65XX
8471,CONTEXT_SWITCH_TRACER
8472,RT2800PCI_RT53XX
8473,INTEL_IOMMU_DEBUGFS
8474,MODULE_COMPRESS_GZIP
8475,MTD_NAND_DAVINCI
8476,INFINIBAND_QEDR
8477,GPIO_CS5535
8478,RT2800USB_RT3573
8479,SECURITY_SELINUX_BOOTPARAM
8480,SMSC911X
8481,RT2800USB_RT53XX
8482,MMC_SDHI_SYS_DMAC
8483,MTD_NAND_MXC
8484,FTTMR010_TIMER
8485,TRACING
8486,MTD_NAND_SH_FLCTL
8487,EPIC100
8488,IXP4XX_TIMER
8489,RT2800USB_RT35XX
8490,DAVINCI_TIMER
8491,RT73USB
8492,MTD_NAND_VF610_NFC
8493,MMC_SDRICOH_CS
8494,SMS_USB_DRV
8495,RT2800USB
8496,MFD_LM3533
8497,RT2800USB_RT33XX
8498,SND_EP93XX_SOC
8499,PHY_BRCM_USB
8500,KVM_AMD
8501,CS89x0_PLATFORM
8502,RT2500USB
8503,OLPC_EC
8504,RT2X00_LIB_USB
8505,SDMA_VERBOSITY
8506,TOUCHSCREEN_ATMEL_MXT
8507,SND_BCM2835_SOC_I2S
8508,SND_SOC_AK4641
8509,CHELSIO_T4_FCOE
8510,DVB_TTUSB_DEC
8511,SNI_AVE
8512,BLK_DEV_PCIESSD_MTIP32XX
8513,SND_SOC_WM9713
8514,PREEMPT_NOTIFIERS
8515,SND_SOC_AK4118
8516,SND_SOC_WM9712
8517,CHELSIO_T4_DCB
8518,BLK_DEV_BSG
8519,MMC_UNIPHIER
8520,STM32_DAC_CORE
8521,STM32_DAC
8522,IIO_BUFFER_CB
8523,ACPI_ALS
8524,CHELSIO_T1_1G
8525,PARIDE_KTTI
8526,UNIPHIER_WATCHDOG
8527,RT2800USB_RT55XX
8528,MTD_NAND_TXX9NDFMC
8529,SMSC9420
8530,DVB_ASCOT2E
8531,MMC_SDHI_INTERNAL_DMAC
8532,RT2800USB_UNKNOWN
8533,SND_SOC_SOF_HDA_LINK_BASELINE
8534,SOC_RENESAS
8535,TYPHOON
8536,USB_HSO
8537,SENSORS_K8TEMP
8538,SND_SOC_SOF_HDA_PROBES
8539,ACPI_PROCESSOR_CSTATE
8540,PCMCIA_3C589
8541,USB_NET_KALMIA
8542,SENSORS_ZL6100
8543,SND_SOC_SOF_COMETLAKE_LP_SUPPORT
8544,QCOM_SOCINFO
8545,IPV6_GRE
8546,USB_NET_QMI_WWAN
8547,GPIO_CLPS711X
8548,QCOM_SMP2P
8549,IIO_SIMPLE_DUMMY
8550,PCMCIA_3C574
8551,USB_NET_CX82310_ETH
8552,DM_DEBUG
8553,SENSORS_XDPE122
8554,SND_SOC_SOF_HDA_COMMON
8555,QCOM_SMSM
8556,FB_ATMEL
8557,MMC_CB710
8558,BLK_DEV_UMEM
8559,USB_NET_ZAURUS
8560,TI_DAC7311
8561,SND_SOC_SOF_XTENSA
8562,USB_MUSB_MEDIATEK
8563,MSM_LCC_8960
8564,HAVE_KVM_NO_POLL
8565,GPIO_MAX77620
8566,RT2800PCI_RT33XX
8567,MSM_GCC_8916
8568,PWM_EP93XX
8569,AHCI_XGENE
8570,MSM_GCC_8939
8571,USB_MUSB_JZ4740
8572,MSM_GCC_8960
8573,GPIO_EIC_SPRD
8574,SND_SOC_SOF_HDA
8575,RST_RCAR
8576,ACPI_PROCESSOR_IDLE
8577,DM_PERSISTENT_DATA
8578,IP_NF_RAW
8579,RT2800_LIB_MMIO
8580,NETFILTER_XT_TARGET_CT
8581,NET_VENDOR_ADAPTEC
8582,SENSORS_TPS40422
8583,SND_SOC_SOF_HDA_ALWAYS_ENABLE_DMI_L1
8584,RENESAS_INTC_IRQPIN
8585,RT2800_LIB
8586,ADAPTEC_STARFIRE
8587,NETFILTER_XT_TARGET_CONNSECMARK
8588,SND_SOC_STI
8589,DM_THIN_PROVISIONING
8590,USB_NET_AQC111
8591,SND_SOC_STM32_SAI
8592,SENSORS_PXE1610
8593,DM_CACHE
8594,GPIO_GRGPIO
8595,SND_SOC_SPRD
8596,SLICOSS
8597,SND_SOC_SPRD_MCDT
8598,SENSORS_K10TEMP
8599,NET_CLS_MATCHALL
8600,PHY_ROCKCHIP_PCIE
8601,GENERIC_ADC_BATTERY
8602,USB_NET_CH9200
8603,SENSORS_SHT3x
8604,ET131X
8605,GPIO_EXAR
8606,RT2800PCI_RT35XX
8607,NET_VENDOR_ALACRITECH
8608,USB_VL600
8609,TI_THERMAL
8610,SND_SOC_ADS117X
8611,USB_CDC_PHONET
8612,GPIO_EM
8613,DM_UNSTRIPED
8614,NET_VENDOR_AGERE
8615,USB_IPHETH
8616,RWSEM_SPIN_ON_OWNER
8617,AHCI_CEVA
8618,IPQ_GCC_4019
8619,LOCK_SPIN_ON_OWNER
8620,IPQ_GCC_6018
8621,PWM_BERLIN
8622,IPV6_FOU_TUNNEL
8623,NETFILTER_XT_TARGET_IDLETIMER
8624,APQ_GCC_8084
8625,PWM_BCM_KONA
8626,PHY_SUN4I_USB
8627,NOUVEAU_LEGACY_CTX_SUPPORT
8628,MUTEX_SPIN_ON_OWNER
8629,THERMAL_OF
8630,IPV6_SUBTREES
8631,L2TP_IP
8632,PHY_EXYNOS_DP_VIDEO
8633,L2TP_ETH
8634,IP6_NF_IPTABLES
8635,VIDEO_PCI_SKELETON
8636,SND_SOC_STM32_I2S
8637,RENESAS_RZA1_IRQC
8638,NETFILTER_XT_TARGET_DSCP
8639,AMD_IOMMU_DEBUGFS
8640,SCSI_INIA100
8641,MAX8925_POWER
8642,NETFILTER_XT_TARGET_HL
8643,GENERIC_MSI_IRQ_DOMAIN
8644,NF_LOG_IPV6
8645,BATTERY_CPCAP
8646,MMC35240
8647,IRQ_MSI_IOMMU
8648,DRM_LEGACY
8649,PCI_HISI
8650,RT2X00_LIB_MMIO
8651,RT2400PCI
8652,BMC150_MAGN_SPI
8653,NETFILTER_XT_TARGET_LOG
8654,SERIAL_SH_SCI_DMA
8655,NF_LOG_IPV4
8656,MTD_NAND_OXNAS
8657,CHR_DEV_ST
8658,NETFILTER_XT_SET
8659,BCMA_NFLASH
8660,NETFILTER_XT_TARGET_LED
8661,SERIAL_SH_SCI_CONSOLE
8662,RT2X00
8663,NETFILTER_XT_CONNMARK
8664,QUEUED_SPINLOCKS
8665,USB_MUSB_TUSB6010
8666,IPQ_GCC_806X
8667,IPQ_LCC_806X
8668,PWM_CLPS711X
8669,QUEUED_RWLOCKS
8670,IPQ_GCC_8074
8671,NETFILTER_XT_TARGET_CHECKSUM
8672,NETFILTER_XT_TARGET_NFLOG
8673,KEYS
8674,ARCH_WANT_OLD_COMPAT_IPC
8675,USB_TRANCEVIBRATOR
8676,CRYPTO
8677,BINFMT_ELF
8678,RT2X00_LIB_PCI
8679,AHCI_IMX
8680,NETFILTER_XT_TARGET_MARK
8681,IIO_ST_MAGN_3AXIS
8682,IIO_ST_MAGN_I2C_3AXIS
8683,NETFILTER_XT_NAT
8684,NETFILTER_XT_TARGET_AUDIT
8685,NETFILTER_XT_TARGET_NETMAP
8686,NET_DSA
8687,INLINE_WRITE_UNLOCK
8688,QCOM_CLK_SMD_RPM
8689,INLINE_WRITE_UNLOCK_IRQ
8690,BLK_DEV_IDEDMA
8691,QCOM_CLK_RPMH
8692,PWM_BCM_IPROC
8693,RTC_DRV_PM8XXX
8694,POWER_RESET_ZX
8695,DVB_NETUP_UNIDVB
8696,VIDEO_MESON_VDEC
8697,CRYPTO_DRBG_MENU
8698,VIDEO_OMAP4
8699,CRYPTO_AKCIPHER2
8700,UNWINDER_GUESS
8701,VIDEO_IMX_MEDIA
8702,CRYPTO_SKCIPHER2
8703,PCI_LAYERSCAPE
8704,HYPERV_KEYBOARD
8705,ISI
8706,RT61PCI
8707,VIDEO_IMX_CSI
8708,CRYPTO_HASH2
8709,SYNCLINKMP
8710,PTP_1588_CLOCK_INES
8711,DVB_DDBRIDGE
8712,VIDEO_HANTRO_ROCKCHIP
8713,CRYPTO_RNG2
8714,RXKAD
8715,DVB_MXL5XX
8716,OLD_SIGSUSPEND3
8717,USB_YUREX
8718,X509_CERTIFICATE_PARSER
8719,TRACEPOINTS
8720,INTEL_IOATDMA
8721,VIDEO_HANTRO_IMX8M
8722,CRYPTO_NULL2
8723,SERIO_OLPC_APSP
8724,IP_NF_MANGLE
8725,COMPAT_BINFMT_ELF
8726,HISI_DMA
8727,COMPAT_OLD_SIGACTION
8728,USB_ISIGHTFW
8729,BT_HCIRSI
8730,BCMA_PFLASH
8731,CRYPTO_ALGAPI
8732,RT2500PCI
8733,DVB_STV6111
8734,VIDEO_ATOMISP_LM3554
8735,CRYPTO_ALGAPI2
8736,PCH_CAN
8737,VIDEO_EM28XX_DVB
8738,USB_EHCI_HCD_STI
8739,SECURITY_SMACK_APPEND_SIGNALS
8740,BCMA_DRIVER_MIPS
8741,DVB_NGENE
8742,VIDEO_ATOMISP_GC0310
8743,MTD_NAND_GPMI_NAND
8744,CAN_XILINXCAN
8745,RT2800PCI
8746,NETFILTER_XT_TARGET_CONNMARK
8747,VIDEO_EM28XX_ALSA
8748,SND_SOC_INTEL_BYT_CHT_ES8316_MACH
8749,USB_EHCI_HCD_SPEAR
8750,PCI_LAYERSCAPE_EP
8751,PTP_1588_CLOCK_IDTCM
8752,RT2X00_LIB_CRYPTO
8753,VIDEO_IMX7_CSI
8754,ARM_SCMI_POWER_DOMAIN
8755,ARM_SCPI_POWER_DOMAIN
8756,NETFILTER_XT_TARGET_CLASSIFY
8757,SND_SOC_INTEL_SKL_NAU88L25_SSM4567_MACH
8758,INGENIC_TCU_CLK
8759,CAN_CC770_PLATFORM
8760,SENSORS_MAX34440
8761,EUROTECH_WDT
8762,MEDIA_TUNER_QM1D1C0042
8763,SND_SOC_NAU8825
8764,TCG_TIS_CORE
8765,GEODE_WDT
8766,SND_SOC_INTEL_SKL_RT286_MACH
8767,INGENIC_CGU_X1830
8768,CAN_CC770
8769,SND_SOC_HDAC_HDMI
8770,CAN_CC770_ISA
8771,SND_SOC_INTEL_BYT_CHT_NOCODEC_MACH
8772,NVMEM_REBOOT_MODE
8773,INGENIC_CGU_X1000
8774,ACPI_PROCESSOR_AGGREGATOR
8775,CAN_C_CAN_PLATFORM
8776,USB_EHCI_HCD_AT91
8777,SENSORS_HMC5843_SPI
8778,CAN_C_CAN_PCI
8779,PTP_1588_CLOCK_DTE
8780,RT2X00_LIB_FIRMWARE
8781,IP6_NF_MANGLE
8782,VIDEO_HANTRO
8783,INV_MPU6050_SPI
8784,MTD_NAND_BRCMNAND
8785,DP83640_PHY
8786,NF_FLOW_TABLE_INET
8787,BT_QCOMSMD
8788,PCI_IMX6
8789,RTC_DRV_LPC32XX
8790,DVB_HOPPER
8791,PCIE_SPEAR13XX
8792,CYCLADES
8793,SCSI_INITIO
8794,SENSORS_ARM_SCPI
8795,VIDEO_ATOMISP_MSRLIST_HELPER
8796,IPV6_PIMSM_V2
8797,VIDEO_ATOMISP_MT9M114
8798,SENSORS_ARM_SCMI
8799,SND_SOC_INTEL_SKL_NAU88L25_MAX98357A_MACH
8800,IPV6_MROUTE_MULTIPLE_TABLES
8801,TCG_TIS_I2C_NUVOTON
8802,DVB_MANTIS
8803,BT_MTKSDIO
8804,PCI_EXYNOS
8805,MTD_PHYSMAP_OF
8806,COMMON_CLK_KEYSTONE
8807,NETFILTER_XT_MARK
8808,VIDEO_EM28XX_RC
8809,USB_EHCI_EXYNOS
8810,MT7915E
8811,CAN_M_CAN
8812,USB_AIRSPY
8813,IP_VS_NFCT
8814,RPCSEC_GSS_KRB5
8815,IP_VS_PE_SIP
8816,SND_SB8
8817,IPV6_SEG6_HMAC
8818,IPV6_NDISC_NODETYPE
8819,SUNRPC_DISABLE_INSECURE_ENCTYPES
8820,MMC_DW_PLTFM
8821,MOXTET
8822,DRM_NOUVEAU_SVM
8823,SND_OPTI92X_CS4231
8824,IP_VS_FTP
8825,DEBUG_KERNEL_DC
8826,NET_EMATCH_CMP
8827,I6300ESB_WDT
8828,MEDIA_TUNER_MSI001
8829,SND_SOC_INTEL_BXT_DA7219_MAX98357A_MACH
8830,COMMON_CLK_MT2701
8831,IPV6_SEG6_LWTUNNEL
8832,INTEL_IOMMU_DEFAULT_ON
8833,MEDIA_PCI_SUPPORT
8834,SND_SOC_INTEL_BXT_RT298_MACH
8835,SND_SOC_INTEL_DA7219_MAX98357A_GENERIC
8836,SND_SOC_MTK_BTCVSD
8837,CAN_M_CAN_TCAN4X5X
8838,TCG_NSC
8839,USB_MSI2500
8840,SND_SOC_INTEL_BXT_DA7219_MAX98357A_COMMON
8841,SECURITY_TOMOYO_INSECURE_BUILTIN_SETTING
8842,OMAP5_THERMAL
8843,MTD_NAND_JZ4780_BCH
8844,INTEL_WMI_THUNDERBOLT
8845,WLAN_VENDOR_RALINK
8846,PEAQ_WMI
8847,FRAMEBUFFER_CONSOLE_DEFERRED_TAKEOVER
8848,MTD_NAND_BCM47XXNFLASH
8849,ACERHDF
8850,INPUT_MAX77693_HAPTIC
8851,INPUT_PM8941_PWRKEY
8852,MTD_NAND_JZ4740_ECC
8853,RPMSG_QCOM_GLINK_SMEM
8854,DUMMY_CONSOLE
8855,ALIENWARE_WMI
8856,MTD_NAND_JZ4725B_BCH
8857,INPUT_PMIC8XXX_PWRKEY
8858,QCOM_COMMAND_DB
8859,DRM_PANEL_BRIDGE
8860,cid
8861,MTD_NAND_JZ4780
8862,INPUT_E3X0_BUTTON
8863,VGACON_SOFT_SCROLLBACK_PERSISTENT_ENABLE_BY_DEFAULT
8864,WFX
8865,JZ4780_NEMC
8866,MTD_NAND_INGENIC_ECC
8867,SND_SB16
8868,ACPI_WMI
8869,SUNRPC_XPRT_RDMA
8870,BT_ATH3K
8871,TCG_INFINEON
8872,NET_EMATCH_NBYTE
8873,COMMON_CLK_MT2701_IMGSYS
8874,INPUT_BMA150
8875,INET6_XFRM_TUNNEL
8876,IP_VS_MH
8877,SND_JAZZ16
8878,NFSD_FLEXFILELAYOUT
8879,IPV6_MIP6
8880,USB_GSPCA_OV534_9
8881,DRM_AMD_DC_DCN
8882,SND_OPL3SA2
8883,INET6_ESPINTCP
8884,IP_VS_DH
8885,SND_INTERWAVE
8886,NFSD_BLOCKLAYOUT
8887,ARCH_MAY_HAVE_PC_FDC
8888,IP_VS_SH
8889,SND_INTERWAVE_STB
8890,NFSD_SCSILAYOUT
8891,SOCK_VALIDATE_XMIT
8892,ZD1211RW_DEBUG
8893,LPC32XX_ADC
8894,XFRM
8895,RT2X00_LIB
8896,NFSD_PNFS
8897,FONT_SUN8x16
8898,GENERIC_BUG_RELATIVE_POINTERS
8899,SSB_DRIVER_PCICORE_POSSIBLE
8900,ACER_WMI
8901,REGMAP
8902,APPLE_GMUX
8903,E1000
8904,I2C_SI470X
8905,OF_RESERVED_MEM
8906,B44_PCICORE_AUTOSELECT
8907,MAX1118
8908,IPV6
8909,RTL8187_LEDS
8910,OF_MDIO
8911,RESET_QCOM_AOSS
8912,XFRM_SUB_POLICY
8913,RTL_CARDS
8914,RESET_QCOM_PDC
8915,WLAN_VENDOR_REALTEK
8916,RESET_NPCM
8917,CRYPTO_HASH
8918,RTL8180
8919,MAX11100
8920,SUN50I_IOMMU
8921,XFRM_INTERFACE
8922,RTL8187
8923,PLATFORM_SI4713
8924,RESET_LANTIQ
8925,RT2X00_LIB_DEBUGFS
8926,SND_HDA_I915
8927,SQUASHFS_DECOMP_SINGLE
8928,XFRM_ALGO
8929,RT2X00_DEBUG
8930,FB_DA8XX
8931,NFSD_V4_2_INTER_SSC
8932,IP_VS_NQ
8933,SND_OPTI92X_AD1848
8934,NFSD_V4_SECURITY_LABEL
8935,I2C_SI4713
8936,LTC2471
8937,SQUASHFS_FILE_CACHE
8938,RT2X00_LIB_LEDS
8939,INET6_AH
8940,IP_VS_OVF
8941,SND_GUSCLASSIC
8942,NFSD_V4
8943,ISA_DMA_API
8944,IP_VS_LBLC
8945,SND_GUSEXTREME
8946,GRACE_PERIOD
8947,MDIO_BUS_MUX_BCM_IPROC
8948,PINCTRL_STM32F429
8949,VIDEO_IMX274
8950,EXTCON_MAX14577
8951,NETLABEL
8952,HAVE_HARDENED_USERCOPY_ALLOCATOR
8953,TIPC_DIAG
8954,ASYNC_TX_DISABLE_XOR_VAL_DMA
8955,RTLWIFI_PCI
8956,SQUASHFS_EMBEDDED
8957,THERMAL_GOV_STEP_WISE
8958,SCSI_SYM53C8XX_2
8959,RADIO_SI476X
8960,USB_PULSE8_CEC
8961,PINCTRL_STM32F469
8962,NET_EMATCH_TEXT
8963,RTL8192CE
8964,COMMON_CLK_MT7629_HIFSYS
8965,RTL8192C_COMMON
8966,MCP320X
8967,FIXED_PHY
8968,XFRM_STATISTICS
8969,RTLWIFI
8970,RCAR_DMAC
8971,VIDEO_IMX214
8972,SND_SOC_ADAU1977_I2C
8973,MDIO_BUS
8974,GPIO_LP87565
8975,SND_SOC_ADAU1701
8976,EXTCON_INTEL_CHT_WC
8977,LPC18XX_DAC
8978,MDIO_BCM_IPROC
8979,SPI_EP93XX
8980,SENSORS_SMSC47M1
8981,RTC_DRV_LPC24XX
8982,SND_SOC_ADAU1977_SPI
8983,XEN_SYS_HYPERVISOR
8984,OCFS2_DEBUG_FS
8985,DMA_JZ4780
8986,RENESAS_DMA
8987,COMEDI_NI_670X
8988,HOTPLUG_PCI_PCIE
8989,OF_IRQ
8990,COMMON_CLK_MT7629
8991,COMEDI_NI_LABPC_PCI
8992,THERMAL_DEFAULT_GOV_STEP_WISE
8993,EDAC_I3200
8994,SCSI_IPR
8995,SCSI_IPS
8996,SND_GUSMAX
8997,COMEDI_NI_660X
8998,SPI_DW_PCI
8999,ASYNC_TX_DISABLE_PQ_VAL_DMA
9000,USB_RAINSHADOW_CEC
9001,COMEDI_NI_TIOCMD
9002,BLK_DEV_DM_BUILTIN
9003,OCFS2_FS_USERSPACE_CLUSTER
9004,SND_SOC_ADAV801
9005,XEN_PRIVCMD
9006,TEXTSEARCH
9007,EXTCON_ARIZONA
9008,AIC79XX_DEBUG_ENABLE
9009,ATM_BR2684
9010,ATM_MPOA
9011,ACPI_NUMA
9012,TEXTSEARCH_KMP
9013,COMEDI_PCMCIA_DRIVERS
9014,SPI_HISI_SFC_V3XX
9015,NF_CONNTRACK_FTP
9016,SND_SOC_ADAU1781_SPI
9017,BCACHE_CLOSURES_DEBUG
9018,GPIOLIB
9019,PCIEASPM_DEFAULT
9020,INTEL_MIC_CARD
9021,MEDIA_PLATFORM_SUPPORT
9022,SCIF
9023,SPI_FSL_LPSPI
9024,SENSORS_SCH5627
9025,ASYNC_PQ
9026,BATTERY_INGENIC
9027,SCSI_DMX3191D
9028,VIDEO_IMX258
9029,SND_SOC_ADAU7118_I2C
9030,TIPC
9031,NF_CONNTRACK_H323
9032,MODULE_SIG_SHA1
9033,COMEDI_MITE
9034,COMEDI_NI_PCIMIO
9035,KEYBOARD_TWL4030
9036,ASYNC_XOR
9037,SND_SOC_SOF_APOLLOLAKE
9038,TEGRA_TIMER
9039,NET_VENDOR_STMICRO
9040,ARCH_SUPPORTS_MEMORY_FAILURE
9041,ACENIC_OMIT_TIGON_I
9042,LPC_ICH
9043,SNI_NETSEC
9044,MD_MULTIPATH
9045,NET_VENDOR_ALTEON
9046,SCSI_FDOMAIN_PCI
9047,ASYNC_RAID6_RECOV
9048,SND_SOC_RT298
9049,SCSI_FDOMAIN
9050,ACENIC
9051,TIPC_MEDIA_IB
9052,SLUB
9053,BATTERY_WM97XX
9054,VIDEOBUF2_V4L2
9055,VHOST_RING
9056,SPI_IMX
9057,VIDEOBUF2_CORE
9058,COMEDI_NI_DAQ_700_CS
9059,SND_SOC_ADAV803
9060,CIO_DAC
9061,NF_CONNTRACK_AMANDA
9062,PINCTRL_SPRD_SC9860
9063,RTC_DRV_VR41XX
9064,RTC_DRV_S3C
9065,SCSI_AIC79XX
9066,SCSI_GDTH
9067,SND_SOC_ADAU1761_SPI
9068,DEVFREQ_EVENT_ROCKCHIP_DFI
9069,BCM_SBA_RAID
9070,MD_FAULTY
9071,SND_SOC_ADAU1781_I2C
9072,TIPC_MEDIA_UDP
9073,DEVFREQ_EVENT_EXYNOS_NOCP
9074,INFINIBAND_IPOIB
9075,XEN_BALLOON_MEMORY_HOTPLUG
9076,DRM_PANEL
9077,ASPEED_KCS_IPMI_BMC
9078,NF_CT_PROTO_UDPLITE
9079,NF_CT_PROTO_DCCP
9080,NET_CLS_ROUTE4
9081,ROADRUNNER_LARGE_RINGS
9082,GPIO_JANZ_TTL
9083,SND_SOC_INTEL_KBL_RT5663_MAX98927_MACH
9084,EXYNOS_THERMAL
9085,ENA_ETHERNET
9086,STMMAC_SELFTESTS
9087,HIPPI
9088,GPIO_DLN2
9089,IPV6_RPL_LWTUNNEL
9090,SND_SOC_ADAU1373
9091,SND_SOC_INTEL_SOF_WM8804_MACH
9092,MTK_IOMMU
9093,MQ_IOSCHED_DEADLINE
9094,AIC7XXX_DEBUG_ENABLE
9095,VIDEO_MEDIATEK_VPU
9096,NPCM7XX_TIMER
9097,NET_VENDOR_AMAZON
9098,NF_CT_PROTO_GRE
9099,INTEL_IOMMU_SCALABLE_MODE_DEFAULT_ON
9100,RADIO_SI4713
9101,AD5761
9102,TANGOX_WATCHDOG
9103,SKFP
9104,CROS_EC_VBC
9105,SND_SOC_AD73311
9106,NF_CT_PROTO_SCTP
9107,VIDEO_SAMSUNG_S5P_JPEG
9108,USB_CONFIGFS_MASS_STORAGE
9109,PHY_ROCKCHIP_INNO_DSIDPHY
9110,FONT_ACORN_8x8
9111,DEFXX
9112,SND_SOC_INTEL_CHT_BSW_RT5672_MACH
9113,DEFXX_MMIO
9114,SND_SOC_AD1980
9115,CLKSRC_DBX500_PRCMU
9116,VIDEO_SAMSUNG_S5P_G2D
9117,SND_SOC_INTEL_KBL_RT5663_RT5514_MAX98927_MACH
9118,WDAT_WDT
9119,BLK_CGROUP_IOCOST
9120,DMI_SCAN_MACHINE_NON_EFI_FALLBACK
9121,DWMAC_ANARION
9122,GPIO_LPC18XX
9123,VIDEO_MEDIATEK_VCODEC
9124,DRM_SIS
9125,STMMAC_PLATFORM
9126,KEYBOARD_CAP11XX
9127,DWMAC_DWC_QOS_ETH
9128,GPIO_BCM_KONA
9129,VIDEO_MEM2MEM_DEINTERLACE
9130,MDIO_BUS_MUX_GPIO
9131,TOUCHSCREEN_AD7879_I2C
9132,CLK_R8A77980
9133,USB_CONFIGFS_RNDIS
9134,HAVE_KVM_IRQ_BYPASS
9135,CLK_R8A77990
9136,PARIDE_FIT2
9137,BRCMSTB_THERMAL
9138,VIDEO_PVRUSB2_SYSFS
9139,PATA_HPT3X2N
9140,SND_SOC_INTEL_KBL_DA7219_MAX98927_MACH
9141,DWMAC_MESON
9142,MOUSE_PS2_ALPS
9143,VIDEO_STI_BDISP
9144,TOUCHSCREEN_RASPBERRYPI_FW
9145,KVM
9146,PHY_EXYNOS5_USBDRD
9147,DRM_I915_COMPRESS_ERROR
9148,VIDEO_MX2_EMMAPRP
9149,SND_SOC_INTEL_KBL_DA7219_MAX98357A_MACH
9150,MPTCP_IPV6
9151,IOMMU_HELPER
9152,USB_CONFIGFS_F_UAC1
9153,DWMAC_MEDIATEK
9154,SND_SOC_CS35L36
9155,ARM_TEGRA20_DEVFREQ
9156,DWMAC_IPQ806X
9157,GPIO_LPC32XX
9158,VIDEO_SAMSUNG_S5P_MFC
9159,SND_SOC_RT5514_SPI
9160,SND_SBAWE_SEQ
9161,IQS624_POS
9162,DWMAC_LPC18XX
9163,MDIO_BUS_MUX_MESON_G12A
9164,PATA_HPT3X3
9165,FB_TMIO
9166,USB_CONFIGFS_F_FS
9167,MEMCG_KMEM
9168,TOUCHSCREEN_MIGOR
9169,USB_CONFIGFS_NCM
9170,DRM_MGA
9171,SND_SOC_CS35L35
9172,DM_WRITECACHE
9173,ITCO_WDT
9174,DVB_MN88443X
9175,ADM8211
9176,CLK_R8A77970
9177,NET_DSA_TAG_8021Q
9178,PATA_HPT3X3_DMA
9179,PCNET32
9180,MOUSE_PS2_BYD
9181,VIDEO_STI_HVA
9182,SND_SOC_INTEL_KBL_RT5660_MACH
9183,SPI_MASTER
9184,INTEL_MID_WATCHDOG
9185,PATA_HPT366
9186,TOUCHSCREEN_PENMOUNT
9187,FB_SM501
9188,BCM_NS_THERMAL
9189,USB_CONFIGFS_PHONET
9190,SND_SBAWE
9191,USB_FUNCTIONFS_ETH
9192,USB_CONFIGFS_F_UAC2
9193,ACPI_LEGACY_TABLES_LOOKUP
9194,DWMAC_OXNAS
9195,SND_SB16_CSP
9196,INT3406_THERMAL
9197,IOMMU_IO_PGTABLE_ARMV7S
9198,HAVE_KVM_CPU_RELAX_INTERCEPT
9199,PARIDE_PT
9200,TOUCHSCREEN_88PM860X
9201,DRM_R128
9202,FB_W100
9203,MDIO_BUS_MUX_MULTIPLEXER
9204,USB_CONFIGFS_F_UAC1_LEGACY
9205,NET_DSA_TAG_BRCM
9206,DM_MIRROR
9207,ATH_DEBUG
9208,SND_SYNTH_EMUX
9209,PHY_QCOM_USB_HS_28NM
9210,HAVE_KVM_MSI
9211,SND_SOC_CS42L42
9212,DM_ERA
9213,ITCO_VENDOR_SUPPORT
9214,DVB_LGS8GL5
9215,SENSORS_RM3100_SPI
9216,NET_DSA_TAG_BRCM_COMMON
9217,PATA_HPT37X
9218,DVB_DUMMY_FE
9219,KVM_GENERIC_DIRTYLOG_READ_PROTECT
9220,SLOB
9221,VIDEO_MSP3400
9222,DRM_I810
9223,PARIDE_COMM
9224,MDIO_BUS_MUX_MMIOREG
9225,MFD_INTEL_PMC_BXT
9226,ADI_AXI_ADC
9227,TABLET_USB_PEGASUS
9228,VIDEO_USBTV
9229,RTC_DRV_MAX6916
9230,PHY_QCOM_USB_SNPS_FEMTO_V2
9231,KVM_ASYNC_PF
9232,CLK_R8A77961
9233,USB_XHCI_MVEBU
9234,TOUCHSCREEN_ZFORCE
9235,AIC79XX_REG_PRETTY_PRINT
9236,EARLY_PRINTK_DBGP
9237,OVERLAY_FS_NFS_EXPORT
9238,HAVE_KVM_EVENTFD
9239,USB_F_MIDI
9240,RTC_DRV_DS1390
9241,IOMMU_IO_PGTABLE
9242,KVM_MMIO
9243,SCSI_AIC94XX
9244,MMC_DW_EXYNOS
9245,NET_DSA_TAG_GSWIP
9246,ATH_REG_DYNAMIC_USER_REG_HINTS
9247,RTC_DRV_AT91RM9200
9248,NET_DSA_TAG_DSA
9249,VITESSE_PHY
9250,NET_DSA_TAG_EDSA
9251,USB_CONFIGFS_SERIAL
9252,KVM_VFIO
9253,PARIDE_PG
9254,AIC94XX_DEBUG
9255,SND_SOC_INTEL_BYT_RT5640_MACH
9256,NET_DSA_TAG_BRCM_PREPEND
9257,ATH_TRACEPOINTS
9258,RTC_DRV_AT91SAM9
9259,AGP_SIS
9260,SND_SOC_INTEL_BYTCR_RT5640_MACH
9261,NETFILTER_XT_TARGET_NFQUEUE
9262,E1000E
9263,USB_SPEEDTOUCH
9264,SECURITY_APPARMOR_HASH_DEFAULT
9265,PATA_CS5536
9266,CHELSIO_TLS_DEVICE
9267,NV_TCO
9268,DM_DELAY
9269,ATH5K_DEBUG
9270,FB_N411
9271,MFD_CPCAP
9272,NET_DSA_TAG_QCA
9273,ATH5K_TRACER
9274,CLK_R8A7779
9275,PC87413_WDT
9276,MMC_DW_PCI
9277,IIO_STM32_LPTIMER_TRIGGER
9278,CRYPTO_DEV_CHELSIO_TLS
9279,NET_DSA_TAG_OCELOT
9280,ATH5K_PCI
9281,DM_MULTIPATH_HST
9282,INPUT_CPCAP_PWRBUTTON
9283,USB_F_PRINTER
9284,RTC_DRV_R9701
9285,IOMMU_IO_PGTABLE_LPAE_SELFTEST
9286,PARIDE_PCD
9287,ACPI_THERMAL_REL
9288,NET_DSA_TAG_MTK
9289,MEDIA_CEC_RC
9290,DM_MULTIPATH_ST
9291,CRYPTO_DEV_S5P
9292,NET_TEAM
9293,CRYPTO_DEV_EXYNOS_HASH
9294,GPIO_ASPEED
9295,CLK_R8A7790
9296,TOUCHSCREEN_COLIBRI_VF50
9297,HID_ELAN
9298,NET_TEAM_MODE_RANDOM
9299,HID_CP2112
9300,WIREGUARD_DEBUG
9301,HID_CREATIVE_SB0540
9302,INTEL_SCU_IPC_UTIL
9303,NET_DSA_VITESSE_VSC73XX_SPI
9304,INTEL_TELEMETRY
9305,IFB
9306,PMC_ATOM
9307,USB_EHCI_BRCMSTB
9308,NETFILTER_XT_TARGET_REDIRECT
9309,IGB_HWMON
9310,USB_XUSBATM
9311,IGB_DCA
9312,MFD_WM8350_I2C
9313,SECURITY_APPARMOR_KUNIT_TEST
9314,CRYPTO_DEV_PICOXCELL
9315,NETFILTER_XT_TARGET_NOTRACK
9316,E1000E_HWTS
9317,MEDIA_CEC_SUPPORT
9318,USB_CXACRU
9319,IOMMU_IO_PGTABLE_LPAE
9320,NETFILTER_XT_TARGET_RATEEST
9321,USB_UEAGLEATM
9322,PATA_EFAR
9323,AM335X_CONTROL_USB
9324,IXGBE_DCA
9325,MFD_STM32_TIMERS
9326,AM335X_PHY_USB
9327,GPIO_ATH79
9328,IXGBE_DCB
9329,LOCK_DOWN_KERNEL_FORCE_NONE
9330,NETFILTER_XT_TARGET_TCPOPTSTRIP
9331,MFD_ROHM_BD718XX
9332,NET_VENDOR_SIS
9333,DRM_ASPEED_GFX
9334,SND_SOC_INTEL_BYTCR_RT5651_MACH
9335,NETFILTER_XT_TARGET_TRACE
9336,IXGBE_HWMON
9337,MFD_STM32_LPTIMER
9338,SND_AT73C213
9339,IGBVF
9340,COMEDI_AMPLC_PC263_ISA
9341,NF_DUP_IPV6
9342,IXGB
9343,BLK_DEV_RNBD_CLIENT
9344,NET_KEY_MIGRATE
9345,NETFILTER_XT_TARGET_TPROXY
9346,IXGBE
9347,NET_TEAM_MODE_ACTIVEBACKUP
9348,HID_ELO
9349,FONT_6x11
9350,NETFILTER_XT_TARGET_TEE
9351,SND_PXA2XX_LIB
9352,DCA
9353,SECURITY_LOADPIN
9354,RADIO_ZOLTRIX
9355,QCOM_CLK_APCS_MSM8916
9356,LAN743X
9357,DRM_DW_HDMI_CEC
9358,CEC_PIN_ERROR_INJ
9359,HID_CHICONY
9360,INTEL_MFLD_THERMAL
9361,HID_PRODIKEYS
9362,SC92031
9363,COMMON_CLK_QCOM
9364,B43_PHY_N
9365,ENC28J60
9366,NET_DSA_VITESSE_VSC73XX_PLATFORM
9367,DLCI
9368,B43_PHY_LP
9369,ENC28J60_WRITEVERIFY
9370,SND_PCM_IEC958
9371,SIS190
9372,MTD_NAND_HISI504
9373,TCG_XEN
9374,VIDEO_SOLO6X10
9375,QCOM_RPMCC
9376,NET_VENDOR_MICROCHIP
9377,B43_PHY_G
9378,DRM_DW_HDMI_AHB_AUDIO
9379,IXGBE_IPSEC
9380,NETFILTER_XT_MATCH_ADDRTYPE
9381,SMC_DIAG
9382,NETFILTER_XT_MATCH_BPF
9383,IXGBEVF_IPSEC
9384,TAHVO_USB
9385,EL3
9386,SONY_LAPTOP
9387,FARSYNC
9388,NET_VENDOR_MICREL
9389,DRM_EXYNOS_MIXER
9390,FSL_UCC_HDLC
9391,INLINE_READ_UNLOCK
9392,KS8842
9393,B43_BCMA_PIO
9394,SLIC_DS26522
9395,GPIO_RASPBERRYPI_EXP
9396,PC300TOO
9397,B43_PCICORE_AUTOSELECT
9398,SND_SOC_SPEYSIDE
9399,TOUCHSCREEN_ROHM_BU21023
9400,MLXSW_SPECTRUM_DCB
9401,B43_SDIO
9402,NET_VENDOR_3COM
9403,STA2X11_VIP
9404,SYSC_R8A7745
9405,CLK_R8A7778
9406,LZ4HC_COMPRESS
9407,RING_BUFFER
9408,MTD_NAND_TEGRA
9409,NET_DSA_SMSC_LAN9303_MDIO
9410,SYSC_R8A77470
9411,CRYPTO_TWOFISH_AVX_X86_64
9412,MTD_NAND_QCOM
9413,SYSC_R8A7742
9414,842_COMPRESS
9415,MTD_NAND_MTK
9416,VIDEOBUF2_DMA_CONTIG
9417,FPGA_DFL_FME
9418,842_DECOMPRESS
9419,SYSC_R8A7791
9420,IR_ZX
9421,BLK_DEV_PMEM
9422,SYSC_R8A7792
9423,GPIO_MAX730X
9424,VIDEO_SAA7127
9425,SYSC_R8A7794
9426,MTD_NAND_ARASAN
9427,SENSORS_THMC50
9428,VIDEO_TW686X
9429,SYSC_R8A7790
9430,FPGA_DFL_PCI
9431,NET_DSA_SMSC_LAN9303_I2C
9432,MTD_NAND_GPIO
9433,PINCTRL_NPCM7XX
9434,VIDEO_IVTV
9435,SND_SOC_CS42L52
9436,SERIAL_8250_BCM2835AUX
9437,SND_SOC_TLV320AIC23_SPI
9438,SND_SSCAPE
9439,VIDEO_TW68
9440,HAVE_INTEL_TXT
9441,CLK_R8A73A4
9442,MTD_NAND_MESON
9443,KS8851
9444,BCMA_BLOCKIO
9445,ADXL345_SPI
9446,B43_PIO
9447,INLINE_READ_UNLOCK_IRQ
9448,KSZ884X_PCI
9449,SSB_BLOCKIO
9450,NET_DSA_VITESSE_VSC73XX
9451,B43_PCI_AUTOSELECT
9452,MLXSW_SPECTRUM
9453,EDAC_SBRIDGE
9454,SND_SOC_WM9705
9455,SSB_B43_PCI_BRIDGE
9456,USB_XHCI_HISTB
9457,TOUCHSCREEN_TPS6507X
9458,SPI_JCORE
9459,SND_SOC_CS42L73
9460,SERIAL_OWL_CONSOLE
9461,REGULATOR_WM8350
9462,I2C_BCM_KONA
9463,I2C_BRCMSTB
9464,SERIAL_MILBEAUT_USIO
9465,SND_MSND_PINNACLE
9466,WANXL
9467,FSI_MASTER_AST_CF
9468,MDIO_HISI_FEMAC
9469,INTEL_IOMMU
9470,SND_MCHP_SOC_I2S_MCC
9471,SND_SOC_TLV320AIC26
9472,SND_WAVEFRONT
9473,I2C_BCM2835
9474,PINCTRL_SH_FUNC_GPIO
9475,MDIO_GPIO
9476,SYSC_R8A774A1
9477,MDIO_MOXART
9478,USB_CONFIGFS_F_TCM
9479,FSI_MASTER_HUB
9480,MTD_NAND_NANDSIM
9481,SND_SOC_CS43130
9482,SYSC_R8A774C0
9483,HID_STEELSERIES
9484,CAN_EMS_PCI
9485,COMEDI_USBDUXFAST
9486,CAN_EMS_PCMCIA
9487,SPI_FSL_SPI
9488,COMEDI_USBDUXSIGMA
9489,COMMON_RESET_HI3660
9490,SND_MSND_CLASSIC
9491,MMP_TDMA
9492,MDIO_IPQ4019
9493,ACPI_HMAT
9494,COMEDI_NI_USB6501
9495,SCSI_HISI_SAS
9496,CAN_SJA1000
9497,HMEM_REPORTING
9498,SPI_FSL_LIB
9499,COMEDI_NI_MIO_CS
9500,X86_64_SMP
9501,MILBEAUT_XDMAC
9502,COMEDI_QUATECH_DAQP_CS
9503,ARMADA_37XX_WATCHDOG
9504,COMEDI_USB_DRIVERS
9505,NF_TABLES_ARP
9506,NFIT_SECURITY_DEBUG
9507,COMEDI_NI_DAQ_DIO24_CS
9508,SOUNDWIRE_CADENCE
9509,PARAVIRT_SPINLOCKS
9510,SCSI_HISI_SAS_PCI
9511,CLK_R8A7742
9512,ASM9260_WATCHDOG
9513,SPI_LP8841_RTC
9514,VIDEO_ROCKCHIP_VDEC
9515,PCIE_ARMADA_8K
9516,PINCTRL_PFC_SH7786
9517,X86_SPEEDSTEP_LIB
9518,SERIAL_STM32_CONSOLE
9519,I2C_AT91_SLAVE_EXPERIMENTAL
9520,SOUNDWIRE_INTEL
9521,SERIAL_MVEBU_UART
9522,SND_ATMEL_SOC_I2S
9523,COMEDI_DAS08_ISA
9524,I2C_ALTERA
9525,HTS221_SPI
9526,SND_ATMEL_SOC_CLASSD
9527,MTD_ROM
9528,ARCH_HAS_PKEYS
9529,SND_ATMEL_SOC_PDMIC
9530,GADGET_UAC1_LEGACY
9531,ACPI_APEI_PCIEAER
9532,CAN_PEAK_PCI
9533,SND_SOC_CS47L35
9534,COMEDI_NI_ROUTING
9535,CAN_PEAK_PCIEC
9536,SND_AT91_SOC_SAM9X5_WM8731
9537,BPF_LIRC_MODE2
9538,SND_ALI5451
9539,SPI_FSL_DSPI
9540,COMEDI_VMK80XX
9541,SND_SOC_TSCS454
9542,UEFI_CPER
9543,CAN_F81601
9544,CLK_R8A7745
9545,BMA400_I2C
9546,NBPFAXI_DMA
9547,SND_SOC_RT5677_SPI
9548,AD5504
9549,IR_SIR
9550,VMIVME_7805
9551,THUNDER_NIC_RGX
9552,LIQUIDIO
9553,AD5686
9554,PWM_STM32_LP
9555,HTS221
9556,ARCH_HAS_ACPI_TABLE_UPGRADE
9557,DWMAC_ROCKCHIP
9558,NET_DSA_QCA8K
9559,SND_SOC_TLV320DAC33
9560,COMEDI_DAS16M1
9561,DWMAC_SOCFPGA
9562,THUNDER_NIC_VF
9563,PREEMPTIRQ_TRACEPOINTS
9564,ACPI_SYSTEM_POWER_STATES_SUPPORT
9565,DWMAC_QCOM_ETHQOS
9566,BMA220
9567,HTS221_I2C
9568,ASUS_NB_WMI
9569,COMMON_CLK_MT2701_HIFSYS
9570,COMMON_CLK_MT2701_ETHSYS
9571,SERIAL_MVEBU_CONSOLE
9572,SND_SOC_INTEL_BDW_RT5677_MACH
9573,SPI_MESON_SPIFC
9574,PROC_KCORE
9575,ACPI
9576,SND_SOC_TSCS42XX
9577,ADXL372_SPI
9578,SND_SOC_TLV320AIC32X4_I2C
9579,MACB
9580,COMEDI_RTI802
9581,AD5421
9582,MACB_USE_HWSTAMP
9583,RC_XBOX_DVD
9584,MACB_PCI
9585,SFC_FALCON
9586,NTB_PERF
9587,USB_OHCI_HCD_STI
9588,DELL_WMI_DESCRIPTOR
9589,COMMON_CLK_MT2712_BDPSYS
9590,USB_OHCI_HCD_S3C2410
9591,COMMON_CLK_MT2712_IMGSYS
9592,DWMAC_SUNXI
9593,MANTIS_CORE
9594,DRM_AMDGPU_CIK
9595,HID_SENSOR_HUMIDITY
9596,COMMON_CLK_MT2701_G3DSYS
9597,CLK_R8A774A1
9598,DWMAC_STI
9599,DELL_SMBIOS_WMI
9600,COMMON_CLK_MT2712
9601,DYNAMIC_FTRACE_WITH_DIRECT_CALLS
9602,DWMAC_STM32
9603,LIQUIDIO_VF
9604,NUMA
9605,SFC_MCDI_LOGGING
9606,SND_SOC_TLV320AIC32X4_SPI
9607,NET_DSA_REALTEK_SMI
9608,AD7791
9609,DRM_MCDE
9610,COMMON_CLK_MT2701_AUDSYS
9611,COMMON_CLK_MT2712_VDECSYS
9612,DWMAC_IMX8
9613,NI903X_WDT
9614,DRM_TIDSS
9615,EDAC_I5100
9616,USB_XHCI_RCAR
9617,SND_SOC_RT286
9618,PCI_DRA7XX_EP
9619,DWMAC_SUN8I
9620,TOUCHSCREEN_SURFACE3_SPI
9621,DRM_PANEL_ASUS_Z00T_TM5P5_NT35596
9622,SFC_FALCON_MTD
9623,CLK_R8A7794
9624,MDIO_BUS_MUX
9625,NET_DSA_SMSC_LAN9303
9626,USB_OHCI_HCD_AT91
9627,SND_SOC_TLV320AIC31XX
9628,KGDB
9629,COMEDI_RTI800
9630,USB_ISP1301
9631,DELL_RBTN
9632,SND_SOC_SMARTQ
9633,DA9150_GPADC
9634,TRACER_SNAPSHOT
9635,NET_CALXEDA_XGMAC
9636,AD7887
9637,COMEDI_DAS08_PCI
9638,SPI_ATMEL
9639,THUNDER_NIC_PF
9640,REGULATOR_MAX77802
9641,USB_BELKIN
9642,USB_OHCI_HCD_LPC32XX
9643,NO_HZ
9644,SND_SOC_WM8350
9645,COMEDI_CONTEC_PCI_DIO
9646,NFS_USE_LEGACY_DNS
9647,BLK_DEV_RSXX
9648,TEGRA_VDE
9649,PCI_DRA7XX
9650,SATA_AHCI
9651,COMMON_CLK_MT6765
9652,DRM_EXYNOS5433_DECON
9653,SND_SOC_SAMSUNG_SMDK_SPDIF
9654,SND_SOC_WM8988
9655,MOUSE_PS2_SYNAPTICS_SMBUS
9656,VIDEO_ADV_DEBUG
9657,NO_HZ_IDLE
9658,XEN_BLKDEV_BACKEND
9659,NFSD_V3
9660,XEN_SCSI_BACKEND
9661,USB_KC2190
9662,COMEDI_DYNA_PCI10XX
9663,USB_OHCI_HCD_DAVINCI
9664,DELL_WMI
9665,PINCTRL_TI_IODELAY
9666,DRM_PANEL_LVDS
9667,APPLE_MFI_FASTCHARGE
9668,DRM_VKMS
9669,DVB_PT3
9670,USB_EPSON2888
9671,QCOM_IPCC
9672,NFSD_V2_ACL
9673,SPI_AT91_USART
9674,TABLET_USB_GTCO
9675,HIGH_RES_TIMERS
9676,AMD_XGBE
9677,SFC_MCDI_MON
9678,SPI_SLAVE_SYSTEM_CONTROL
9679,NET_DSA_SJA1105_VL
9680,DVB_TDA8261
9681,AD7768_1
9682,SND_SOC_INTEL_BDW_RT5650_MACH
9683,V4L2_H264
9684,PCMCIA_NMCLAN
9685,IR_SERIAL
9686,V4L2_FLASH_LED_CLASS
9687,MDIO_ASPEED
9688,MODULES
9689,NET_DSA_SJA1105_TAS
9690,VIDEOBUF_DMA_SG
9691,DVB_PT1
9692,DRM_RADEON_USERPTR
9693,PROVE_RCU
9694,COMEDI_GSC_HPDI
9695,NFS_DISABLE_UDP_SUPPORT
9696,HZ_PERIODIC
9697,V4L2_JPEG_HELPER
9698,SND_ALS4000
9699,PINCTRL_UNIPHIER
9700,DVB_PLUTO2
9701,PCI_DRA7XX_HOST
9702,DVB_DM1105
9703,USB_MTU3_DUAL_ROLE
9704,RADIO_TYPHOON
9705,SUNRPC_DEBUG
9706,SATA_AHCI_PLATFORM
9707,MDIO_MVUSB
9708,DYNAMIC_PHYSICAL_MASK
9709,VIDEO_STI_DELTA_DRIVER
9710,DRM_EXYNOS
9711,BTREE
9712,MMC_DW_HI3798CV200
9713,TCM_QLA2XXX
9714,BMC150_ACCEL_SPI
9715,VIDEO_STI_DELTA
9716,MMC_VUB300
9717,MEDIATEK_MT6577_AUXADC
9718,DM_FLAKEY
9719,VIDEO_STI_DELTA_MJPEG
9720,MMC_USHC
9721,USB_AUDIO
9722,CRYPTO_SKCIPHER
9723,SERIAL_8250_UNIPHIER
9724,PCIE_BW
9725,DM_INIT
9726,VIDEO_STI_HVA_DEBUGFS
9727,INTEGRATOR_AP_TIMER
9728,SND_SOC_WL1273
9729,BLK_INLINE_ENCRYPTION_FALLBACK
9730,PCIE_EDR
9731,SND_SOC_CS47L15
9732,SND_ALS300
9733,ROOT_NFS
9734,USB_NET_CDC_SUBSET_ENABLE
9735,DVB_BUDGET_PATCH
9736,USB_CDNS3_PCI_WRAP
9737,COMEDI_AMPLC_PC263_PCI
9738,USB_NET_RNDIS_HOST
9739,DVB_BUDGET_CI
9740,USBIP_VUDC
9741,PCIE_BRCMSTB
9742,JOYSTICK_XPAD_LEDS
9743,DVB_BUDGET_AV
9744,COMEDI_DAS6402
9745,COMEDI_AMPLC_PC236_PCI
9746,USB_NET_MCS7830
9747,USB_AN2720
9748,USB_ALI_M5632
9749,SND_SOC_AD193X_SPI
9750,USB_F_UVC
9751,TPM_KEY_PARSER
9752,RADIO_TRUST
9753,HID_SMARTJOYPLUS
9754,USB_NET_CDC_SUBSET
9755,COMEDI_AMPLC_PCI224
9756,QEDI
9757,VIDEO_RENESAS_VSP1
9758,XEN_PVCALLS_FRONTEND
9759,SND_SOC_LPASS_PLATFORM
9760,PCIE_ARTPEC6_HOST
9761,XEN_PCIDEV_FRONTEND
9762,USB_F_UAC2
9763,VIDEO_RENESAS_FDP1
9764,SND_SOC_WM8995
9765,NF_FLOW_TABLE_IPV4
9766,XEN_PCIDEV_BACKEND
9767,TCM_QLA2XXX_DEBUG
9768,VIDEO_RENESAS_FCP
9769,GPIO_MT7621
9770,VIDEO_RENESAS_JPU
9771,MMC_DW_K3
9772,SND_SOC_LPASS_CPU
9773,ZX_I2S
9774,USB_F_FS
9775,USB_F_UAC1
9776,RTC_DRV_DS1302
9777,IPV6_ROUTER_PREF
9778,SND_SOC_ALL_CODECS
9779,QCOM_SPMI_IADC
9780,PCIE_ARTPEC6
9781,PCI_BRIDGE_EMUL
9782,DM_ZONED
9783,QED_OOO
9784,VIDEO_TI_SC
9785,USB_F_SUBSET
9786,SND_SOC_XTFPGA_I2S
9787,GPIO_MXS
9788,VIDEO_TI_VPE
9789,SND_SOC_LPASS_APQ8016
9790,QCOM_PM8XXX_XOADC
9791,MCP4131
9792,ACORN_PARTITION_POWERTEC
9793,VIDEO_TI_VPDMA
9794,WEXT_SPY
9795,NF_NAT_SNMP_BASIC
9796,VIDEO_SUNXI_CEDRUS
9797,VIDEO_ROCKCHIP_RGA
9798,MCP4018
9799,SND_SOC_LPASS_IPQ806X
9800,COMEDI_DAS16
9801,IPWIRELESS
9802,QED
9803,ATH9K_HW
9804,SERIAL_8250_LPC18XX
9805,SND_SOC_SOF_GEMINILAKE
9806,SND_SOC_STM32_DFSDM
9807,COMEDI_DAS800
9808,TIMER_PROBE
9809,RTL8723AE
9810,ATH9K_COMMON
9811,BMC150_ACCEL_I2C
9812,VIDEO_QCOM_VENUS
9813,RN5T618_ADC
9814,RTL8192SE
9815,ATH5K_TEST_CHANNELS
9816,IR_RC5_DECODER
9817,SND_SOC_STM32_SPDIFRX
9818,RTL8192DE
9819,COMMON_CLK_HI6220
9820,ATM_ZATM_DEBUG
9821,GPIO_PMIC_EIC_SPRD
9822,VIDEO_TI_VPE_DEBUG
9823,RCAR_GYRO_ADC
9824,SND_SOC_QDSP6_COMMON
9825,PCI_P2PDMA
9826,QED_FCOE
9827,USB_F_UAC1_LEGACY
9828,KEYBOARD_SNVS_PWRKEY
9829,DVB_USB_CXUSB_ANALOG
9830,TCM_IBLOCK
9831,QED_ISCSI
9832,VIDEO_TI_CSC
9833,FB_OMAP2_DSS_VENC
9834,TPL0102
9835,GCC_PLUGIN_STRUCTLEAK_BYREF_ALL
9836,USB_F_NCM
9837,SND_SOC_AB8500_CODEC
9838,SND_INDIGO
9839,USB_SERIAL_QT2
9840,USB_NET_SMSC75XX
9841,STUB_CLK_HI3660
9842,USB_F_PHONET
9843,OMFS_FS
9844,RTL8188EE
9845,ATH9K_DFS_CERTIFIED
9846,SCHED_SMT
9847,BONDING
9848,USB_U_AUDIO
9849,DUMMY
9850,REGMAP_I2C
9851,NETFILTER_XT_MATCH_CONNBYTES
9852,SND_SOC_INTEL_GLK_RT5682_MAX98357A_MACH
9853,SND_SUN8I_CODEC
9854,RTL8723BE
9855,ATH9K_DEBUGFS
9856,NETFILTER_XT_MATCH_CONNLABEL
9857,SND_SUN8I_CODEC_ANALOG
9858,SECURITY_SMACK_NETFILTER
9859,NETFILTER_XT_MATCH_CLUSTER
9860,SND_SOC_INTEL_GLK_DA7219_MAX98357A_MACH
9861,COMEDI_ADV_PCI1760
9862,NETFILTER_XT_MATCH_COMMENT
9863,ATH9K_COMMON_DEBUG
9864,SND_SOC_SOF_HDA_AUDIO_CODEC
9865,RTLBTCOEXIST
9866,ATH9K_DFS_DEBUGFS
9867,SND_SOC_RT1015
9868,MAC80211_PS_DEBUG
9869,ROMFS_FS
9870,RTLWIFI_DEBUG
9871,ATH9K_AHB
9872,UP_LATE_INIT
9873,SERIAL_QCOM_GENI
9874,SND_SOC_INTEL_SOF_PCM512x_MACH
9875,SND_SOC_INTEL_SOF_RT5682_MACH
9876,SND_SUN4I_SPDIF
9877,QNX6FS_DEBUG
9878,RTLWIFI_USB
9879,ATH9K_PCI
9880,CPU_FREQ
9881,NETFILTER_XT_MATCH_DCCP
9882,SND_SOC_TEGRA
9883,ATM_NICSTAR
9884,NETFILTER_XT_MATCH_CONNTRACK
9885,HABANA_AI
9886,SND_SUN4I_I2S
9887,RTL8192CU
9888,ATH9K_HTC
9889,NETFILTER_XT_MATCH_CPU
9890,COMEDI_DT2811
9891,FB_OMAP2_DSS_DPI
9892,SND_SOC_XILINX_AUDIO_FORMATTER
9893,NETFILTER_XT_MATCH_CONNLIMIT
9894,RTL8192EE
9895,NETFILTER_XT_MATCH_CONNMARK
9896,SND_SOC_SOF_HDA_LINK
9897,SND_SUN50I_CODEC_ANALOG
9898,RTL8821AE
9899,SND_ES1688
9900,HAVE_KVM_IRQFD
9901,IP_VS_WLC
9902,SND_ECHO3G
9903,VIDEO_ATOMISP_OV5693
9904,PROC_PID_ARCH_STATUS
9905,HAVE_KVM_IRQ_ROUTING
9906,IP_VS_FO
9907,IP_VS_WRR
9908,PCMCIA_XIRC2PS
9909,SND_CS4236
9910,VIDEO_ATOMISP
9911,IP_VS_LC
9912,FDDI
9913,PINCTRL_PFC_SH7734
9914,USB_NET_GL620A
9915,ATH9K_TX99
9916,NETFILTER_XT_MATCH_DSCP
9917,PCI_MSI
9918,SND_SOC_INTEL_CML_LP_DA7219_MAX98357A_MACH
9919,SND_SOC_TEGRA20_I2S
9920,ATH9K_DYNACK
9921,USB_ISP1760_GADGET_ROLE
9922,COMEDI_ADV_PCI1724
9923,SND_SOC_TEGRA20_AC97
9924,RTL8XXXU
9925,ATH9K_STATION_STATISTICS
9926,NETFILTER_XT_MATCH_DEVGROUP
9927,CRYPTO_DEV_CHELSIO
9928,SND_SOC_SOF_COMETLAKE
9929,SND_SOC_TEGRA20_DAS
9930,RTL8XXXU_UNTESTED
9931,PCI_LOCKLESS_CONFIG
9932,SND_AZT2316
9933,USB_EMI26
9934,SND_AZT2320
9935,AT803X_PHY
9936,XILINX_AXI_EMAC
9937,PINCTRL_PFC_SH7723
9938,SND_CMI8328
9939,SPI_ALTERA
9940,USB_NET_PLUSB
9941,KEYBOARD_IMX_SC_KEY
9942,COMEDI_ADV_PCI_DIO
9943,VLAN_8021Q_MVRP
9944,VIDEO_FB_IVTV
9945,INTEGRITY_TRUSTED_KEYRING
9946,INPUT_YEALINK
9947,MAC80211_IBSS_DEBUG
9948,VIDEO_UPD64031A
9949,NET_DSA_TAG_SJA1105
9950,COMEDI_DT2801
9951,VIDEO_UPD64083
9952,INTEGRITY_SIGNATURE
9953,VIDEO_IVTV_DEPRECATED_IOCTLS
9954,SIGNATURE
9955,SND_SC6000
9956,USB_NET_NET1080
9957,NETFILTER_XT_MATCH_ECN
9958,KUNIT_DRIVER_PE_TEST
9959,SND_SOC_INTEL_SOF_CML_RT1011_RT5682_MACH
9960,SND_SOC_TEGRA20_SPDIF
9961,ROMFS_ON_BLOCK
9962,NET_DSA_TAG_LAN9303
9963,MFD_TPS65218
9964,COMMON_CLK_HI3519
9965,COPS_TANGENT
9966,HWSPINLOCK_SIRF
9967,SND_SOC_QDSP6_ROUTING
9968,CFG80211_REG_CELLULAR_HINTS
9969,MTD_NAND_RICOH
9970,SND_SOC_RT715
9971,IP_NF_FILTER
9972,VIDEO_FB_IVTV_FORCE_PAT
9973,PWM_TIEHRPWM
9974,VIDEO_HEXIUM_GEMINI
9975,TI_EQEP
9976,VIDEO_SAA7146_VV
9977,INTEGRITY_AUDIT
9978,COPS_DAYNA
9979,NLATTR
9980,FB_CFB_COPYAREA
9981,JFFS2_COMPRESSION_OPTIONS
9982,ADIS16475
9983,FB_CFB_IMAGEBLIT
9984,DEV_APPLETALK
9985,ARCH_HAS_UACCESS_MCSAFE
9986,X86_MCE
9987,HSEM_U8500
9988,MFD_CORE
9989,FB_PXA168
9990,SERIAL_8250_LPSS
9991,SND_SOC_WM2200
9992,IP_VS_RR
9993,NET_VENDOR_XIRCOM
9994,SND_CS4231
9995,CRYPTO_DEV_HISI_HPRE
9996,IP_VS_PROTO_UDP
9997,PCI
9998,WIZNET_W5100_SPI
9999,SYS_HYPERVISOR
10000,HWSPINLOCK_STM32
10001,STM32_DMA
10002,EEPROM_AT24
10003,DMARD06
10004,DOVE_THERMAL
10005,SND_AD1848
10006,NF_NAT_H323
10007,EFI_STUB
10008,BLK_DEV_NULL_BLK_FAULT_INJECTION
10009,SND_SOC_STORM
10010,SND_ALS100
10011,CAN_SJA1000_PLATFORM
10012,SND_SOC_ZX_AUD96P22
10013,AMDTEE
10014,SND_ADLIB
10015,WIZNET_BUS_ANY
10016,PINCTRL_PFC_SH73A0
10017,KIRKWOOD_THERMAL
10018,SND_AD1816A
10019,PCH_DMA
10020,CAN_PEAK_PCMCIA
10021,NF_NAT_PPTP
10022,SND_SOC_SSM2602
10023,PLX_DMA
10024,EFI_RUNTIME_WRAPPERS
10025,SND_SOC_TLV320AIC23
10026,COMPAT_NETLINK_MESSAGES
10027,VIDEO_CPIA2
10028,SND_SOC_WM8731
10029,ADIS16480
10030,PINCTRL_UNIPHIER_PRO5
10031,SND_ATMEL_SOC_WM8904
10032,USB_STKWEBCAM
10033,DRM_EXYNOS7_DECON
10034,CRYPTO_DEV_HISI_ZIP
10035,IP_NF_MATCH_AH
10036,SND_SOC_SMDK_WM8994_PCM
10037,PHY_QCOM_PCIE2
10038,SERIAL_8250_INGENIC
10039,IR_JVC_DECODER
10040,SND_AT91_SOC_SAM9G20_WM8731
10041,CRYPTO_DEV_HISI_QM
10042,PHY_QCOM_QUSB2
10043,IP_ROUTE_CLASSID
10044,SPI
10045,HDMI_LPE_AUDIO
10046,SND_SOC_WM2000
10047,SND_SOC_QCOM_COMMON
10048,MTD_QINFO_PROBE
10049,SND_XEN_FRONTEND
10050,HID_THINGM
10051,IP_ROUTE_MULTIPATH
10052,SND_AUDIO_GRAPH_CARD
10053,STM32_DMAMUX
10054,MUX_ADGS1408
10055,CAN_SOFTING_CS
10056,MTD_SPI_NAND
10057,PCIE_HISI_STB
10058,IP_NF_IPTABLES
10059,I40EVF
10060,EZCHIP_NPS_MANAGEMENT_ENET
10061,VIDEO_IPU3_IMGU
10062,ICE
10063,SND_SOC_APQ8016_SBC
10064,FM10K
10065,SPI_NPCM_PSPI
10066,SYSC_R8A77980
10067,RADIO_SF16FMI
10068,SPI_MT65XX
10069,FAIL_FUTEX
10070,RADIO_SF16FMR2
10071,I40E_DCB
10072,SPI_MT7621
10073,SND_SOC_TLV320AIC3X
10074,SYSC_R8A77961
10075,INTERCONNECT_IMX
10076,BE2NET_BE3
10077,UNIPHIER_MDMAC
10078,INTERCONNECT_IMX8MM
10079,RADIO_GEMTEK_PROBE
10080,CAN_EMS_USB
10081,SPI_ASPEED_SMC
10082,CLK_BCM_NSP
10083,WIZNET_W5100
10084,SND_SB16_DSP
10085,SPEAKUP_SYNTH_DUMMY
10086,IP_VS_IPV6
10087,RCAR_GEN3_THERMAL
10088,IP_PNP_BOOTP
10089,CLK_UNIPHIER
10090,DEBUG_DRIVER
10091,SND_ATMEL_SOC_DMA
10092,CLK_BCM_HR2
10093,USB_GSPCA_XIRLINK_CIT
10094,SND_ATMEL_SOC_SSC
10095,PHY_QCOM_IPQ4019_USB
10096,USB_GSPCA_ZC3XX
10097,SND_ATMEL_SOC_SSC_PDC
10098,SND_SOC_WM8750
10099,SND_ATMEL_SOC
10100,SND_SOC_L3
10101,USB_GSPCA_VC032X
10102,SND_ATMEL_SOC_PDC
10103,PHY_ATH79_USB
10104,CRYPTO_DEV_HISI_SEC2
10105,PINCTRL_RZN1
10106,USB_GSPCA_VICAM
10107,SOC_SAMSUNG
10108,JME
10109,SPI_TI_QSPI
10110,EXYNOS_ASV
10111,USB_GSPCA_TOUPTEK
10112,RADIO_MIROPCM20
10113,IP_NF_MATCH_ECN
10114,USB_GSPCA_TV8532
10115,SYSC_R8A77990
10116,SND_SOC_UDA134X
10117,COMMON_CLK_HI3516CV300
10118,SYSC_RCAR
10119,HWSPINLOCK_OMAP
10120,ROCKCHIP_GRF
10121,SPI_OMAP24XX
10122,ROCKCHIP_PM_DOMAINS
10123,MLXSW_SWITCHX2
10124,SND_INDIGODJ
10125,INTEL_CHTDC_TI_PWRBTN
10126,MAC80211_MPATH_DEBUG
10127,USB_GSPCA_T613
10128,ROCKCHIP_PHY
10129,PHY_MTK_XSPHY
10130,USB_GSPCA_TOPRO
10131,HAPPYMEAL
10132,PINCTRL_IPQ8074
10133,DVB_NET
10134,SND_INDIGOIOX
10135,INTEL_UNCORE_FREQ_CONTROL
10136,MLXSW_SWITCHIB
10137,INTEL_BXTWC_PMIC_TMU
10138,DVB_USB_M920X
10139,CFG80211_REQUIRE_SIGNED_REGDB
10140,USB_MV_OTG
10141,STMMAC_PCI
10142,USB_MV_UDC
10143,NET_VENDOR_SUN
10144,PINCTRL_IPQ8064
10145,IP_NF_MATCH_RPFILTER
10146,XEN_MCE_LOG
10147,USB_PWC
10148,SND_ATMEL_SOC_SSC_DMA
10149,FB_OMAP2_DSS_HDMI_COMMON
10150,SND_SOC_QDSP6_CORE
10151,DWMAC_INTEL
10152,AXP20X_POWER
10153,VIDEOBUF_DMA_CONTIG
10154,PINCTRL_APQ8084
10155,TTPCI_EEPROM
10156,88EU_AP_MODE
10157,PINCTRL_MSM8976
10158,SND_USB_CAIAQ
10159,TWL4030_MADC
10160,CHARGER_88PM860X
10161,HW_CONSOLE
10162,OCTEON_ETHERNET
10163,CASSINI
10164,PINCTRL_MSM8X74
10165,SND_SOC_QDSP6_ADM
10166,IP_NF_MATCH_TTL
10167,SND_USB_UA101
10168,USB_GADGET_DEBUG_FILES
10169,PINCTRL_MSM8916
10170,BATTERY_TWL4030_MADC
10171,JZ4770_PHY
10172,SND_INDIGOIO
10173,SND_USB_AUDIO
10174,USB_SERIAL
10175,R8712U
10176,SUNGEM
10177,PINCTRL_MDM9615
10178,DDR
10179,SND_SOC_AMD_RENOIR_MACH
10180,PHY_CPCAP_USB
10181,XEN_AUTO_XLATE
10182,USB_ULPI_VIEWPORT
10183,PINCTRL_MSM8660
10184,BATTERY_MAX1721X
10185,SND_SOC_QDSP6_AFE_DAI
10186,SND_USB
10187,MAC80211_MPL_DEBUG
10188,MLXSW_CORE_THERMAL
10189,MLXSW_PCI
10190,SND_SOC_QDSP6_AFE
10191,NFT_FIB_NETDEV
10192,B43_BUSES_BCMA_AND_SSB
10193,MLXSW_I2C
10194,RENESAS_PHY
10195,HINIC
10196,INTEL_RST
10197,B43_BCMA
10198,MLXSW_CORE_HWMON
10199,FB_OMAP4_DSS_HDMI
10200,REGULATOR_MAX77620
10201,B43_SSB
10202,BT_HCIBLUECARD
10203,USB_M5602
10204,SND_USB_US122L
10205,AMD_XGBE_HAVE_ECC
10206,NFC_NXP_NCI
10207,IA32_EMULATION
10208,AMD_XGBE_DCB
10209,SECURITY_SELINUX
10210,VIDEO_SMIAPP
10211,NIU
10212,PINCTRL_MSM8994
10213,REGULATOR_ARIZONA_LDO1
10214,USB_GSPCA
10215,SND_USB_CAIAQ_INPUT
10216,SH_DMAE
10217,BATTERY_RX51
10218,REGULATOR_ARIZONA_MICSUPP
10219,I2C_CHT_WC
10220,AT76C50X_USB
10221,MLX5_TLS
10222,REGULATOR_LTC3589
10223,SND_HDA_CODEC_CMEDIA
10224,SND_SOC_TAS5086
10225,MTD_MAP_BANK_WIDTH_32
10226,MLX5_EN_TLS
10227,DVB_TTUSB_BUDGET
10228,USB_OHCI_SH
10229,SND_SOC_TAS571X
10230,SND_SIMPLE_CARD_UTILS
10231,USB_OHCI_EXYNOS
10232,SND_SOC_QDSP6_ASM
10233,SND_RAWMIDI
10234,USB_CNS3XXX_OHCI
10235,SND_PCM_TIMER
10236,UNINLINE_SPIN_UNLOCK
10237,NET_XGENE_V2
10238,PCIE_TEGRA194_EP
10239,SND_DMAENGINE_PCM
10240,IP_NF_TARGET_REJECT
10241,ACPI_WATCHDOG
10242,FSL_MC_BUS
10243,NET_XGENE
10244,ACPI_APEI_EINJ
10245,SENSORS_VIA_CPUTEMP
10246,SND_TIMER
10247,USB_OHCI_HCD_PCI
10248,MDIO_XGENE
10249,ARCH_MIGHT_HAVE_ACPI_PDC
10250,ACPI_APEI_ERST_DEBUG
10251,SCSI_LPFC
10252,DVB_USB_CXUSB
10253,PANASONIC_LAPTOP
10254,WLAN_VENDOR_ATMEL
10255,VIDEO_AD5820
10256,SND_SOC_TAS6424
10257,MLX5_CORE_IPOIB
10258,REGULATOR_LP873X
10259,HMM_MIRROR
10260,AQTION
10261,DVB_NXT6000
10262,NET_VENDOR_ARC
10263,SND_OSSEMUL
10264,ARC_EMAC_CORE
10265,XPOWER_PMIC_OPREGION
10266,NET_VENDOR_I825XX
10267,BT_HCIDTL1
10268,SND_EMU10K1_SEQ
10269,ACPI_ADXL
10270,SND_SEQUENCER
10271,ATM_IDT77252_USE_SUNI
10272,NET_VENDOR_AQUANTIA
10273,BYTCRC_PMIC_OPREGION
10274,VIRTIO_PCI
10275,I2C_NFORCE2_S4985
10276,DECOMPRESS_LZ4
10277,USB_UX500_DMA
10278,B43
10279,DEFAULT_PFIFO_FAST
10280,DVB_USB_UMT_010
10281,MLX5_SW_STEERING
10282,USB_SERIAL_SIMPLE
10283,SND_SOC_INTEL_SOF_DA7219_MAX98373_MACH
10284,SND_SOC_SOF_ELKHARTLAKE
10285,COMMON_CLK_MT6765_IMGSYS
10286,SND_SOC_INTEL_EHL_RT5660_MACH
10287,STM32_ADC_CORE
10288,BRANCH_PROFILE_NONE
10289,COMMON_CLK_MT6765_MFGSYS
10290,DRM_PANEL_JDI_LT070ME05000
10291,SND_SOC_RT1011
10292,USB_ARCH_HAS_HCD
10293,COMMON_CLK_MT6765_CAMSYS
10294,MOUSE_BCM5974
10295,DRM_PANEL_FEIXIN_K101_IM2BA02
10296,SND_SOC_SOF_JASPERLAKE
10297,MAC80211_MESH_SYNC_DEBUG
10298,DRM_PANEL_FEIYANG_FY07024DI26A30D
10299,ATM_IDT77252_DEBUG
10300,PCMCIA_ATMEL
10301,MLX5_FPGA_TLS
10302,DRM_PANEL_SIMPLE
10303,COMMON_CLK_MT6765_AUDIOSYS
10304,SCSI_CONSTANTS
10305,DVB_USB_DIGITV
10306,SCSI_LPFC_DEBUG_FS
10307,ATMEL
10308,NET_SCH_INGRESS
10309,FB_OMAP2_DSS_DSI
10310,MLX5_FPGA_IPSEC
10311,PHY_ROCKCHIP_DPHY_RX0
10312,PCI_ATMEL
10313,CLK_BCM_CYGNUS
10314,MLX5_EN_IPSEC
10315,LEDS_LP5523
10316,PNFS_BLOCK
10317,MAC80211_MESH_CSA_DEBUG
10318,MSM_MMCC_8960
10319,PNFS_FLEXFILE_LAYOUT
10320,ATH11K_TRACING
10321,MLX5_CORE_EN_DCB
10322,USB_INVENTRA_DMA
10323,MDM_LCC_9615
10324,SUNRPC_BACKCHANNEL
10325,NTB_AMD
10326,NFT_TPROXY
10327,SND_BCM2835
10328,SND_HDA_CODEC_CIRRUS
10329,VIDEO_ADV7170
10330,HID_BIGBEN_FF
10331,SND_SOC_RT1308_SDW
10332,HNS_ENET
10333,STM32_DFSDM_CORE
10334,CRYPTO_DEV_SUN8I_CE
10335,DRM_PANEL_SAMSUNG_LD9040
10336,SND_SOC_RT1308
10337,COMMON_CLK_MT6765_MIPI2ASYS
10338,NFS_V4_1
10339,COMMON_CLK_MT6765_MIPI0ASYS
10340,SND_SOC_RT700_SDW
10341,NFC_ST21NFCA
10342,STM32_ADC
10343,DRM_PANEL_LEADTEK_LTK050H3146W
10344,SND_SOC_RT711_SDW
10345,COMMON_CLK_MT6765_MIPI1ASYS
10346,DRM_PANEL_LEADTEK_LTK500HD1829
10347,NFS_V4
10348,RADIO_TERRATEC
10349,NFT_OSF
10350,NFS_SWAP
10351,VIDEO_TVP7002
10352,SUNRPC_SWAP
10353,HNS3_HCLGE
10354,ASUS_WMI
10355,ATH9K_RFKILL
10356,TURRIS_MOX_RWTM
10357,SPI_CADENCE_QUADSPI
10358,GPIO_RDA
10359,NFS_V3_ACL
10360,SND_SOC_STAC9766
10361,NFC_ST21NFCA_I2C
10362,TMP007
10363,CRYPTO_DEV_SUN8I_SS_DEBUG
10364,MAC80211_MHWMP_DEBUG
10365,SUN4I_GPADC
10366,ATH9K_WOW
10367,PCI_MSI_IRQ_DOMAIN
10368,VIDEO_BCM2835
10369,DELL_WMI_LED
10370,BMP280
10371,DMA_VIRTUAL_CHANNELS
10372,SND_HDA_CODEC_CONEXANT
10373,SND_SOC_RT715_SDW
10374,COMMON_CLK_MT6765_MIPI2BSYS
10375,STMPE_ADC
10376,CRYPTO_DEV_SUN8I_SS
10377,DRM_PANEL_LG_LG4573
10378,HNS3
10379,MTD_SST25L
10380,JOYSTICK_XPAD
10381,SERIAL_ST_ASC_CONSOLE
10382,SPI_SPIDEV
10383,HNS3_HCLGEVF
10384,HID_SENSOR_TEMP
10385,SUNRPC
10386,MLX90614
10387,ATH9K_HTC_DEBUGFS
10388,NFT_SYNPROXY
10389,ATM_IDT77252
10390,DRM_SII9234
10391,JOYSTICK_JOYDUMP
10392,HDLC_X25
10393,SERIAL_ST_ASC
10394,HNS3_DCB
10395,ATH9K_PCOEM
10396,SECURITY_NETWORK_XFRM
10397,VIDEO_CX18
10398,FUJITSU_TABLET
10399,ATH9K_PCI_NO_EEPROM
10400,STE10XP
10401,PI433
10402,SND_HDA_CODEC_CA0110
10403,SND_INDIGODJX
10404,AMILO_RFKILL
10405,SPI_HISI_SFC
10406,ATH9K_CHANNEL_CONTEXT
10407,MFD_TWL4030_AUDIO
10408,VIDEO_DT3155
10409,BMP280_SPI
10410,SPI_NXP_SPIFI
10411,NET_VENDOR_HUAWEI
10412,DRM_PARADE_PS8640
10413,AMD_MEM_ENCRYPT
10414,DEFAULT_CDG
10415,SERIAL_FSL_LINFLEXUART_CONSOLE
10416,SPI_ZYNQ_QSPI
10417,CHARGER_WILCO
10418,DEFAULT_BBR
10419,GPIO_SNPS_CREG
10420,VIDEO_CS3308
10421,NFC_ST_NCI_SPI
10422,SPI_XTENSA_XTFPGA
10423,ATM_HORIZON
10424,CRYPTO_DEV_FSL_DPAA2_CAAM
10425,DEFAULT_DCTCP
10426,HDLC_RAW_ETH
10427,VIDEO_CX23885
10428,ARMV7M_SYSTICK
10429,ATH9K_COMMON_SPECTRAL
10430,SERIAL_QE
10431,HP_WMI
10432,ATMEL_PIT
10433,NFT_DUP_NETDEV
10434,SND_HDA_DSP_LOADER
10435,NFS_ACL_SUPPORT
10436,MLX90632
10437,SPI_INTEL_SPI
10438,INPUT_UINPUT
10439,VIDEO_CX18_ALSA
10440,RTC_INTF_PROC
10441,SPI_INTEL_SPI_PCI
10442,ATH9K_HWRNG
10443,CARL9170_WPC
10444,GPIO_STP_XWAY
10445,HDLC
10446,SPI_UNIPHIER
10447,PARAVIRT
10448,DEFAULT_HYBLA
10449,SLHC
10450,PINCTRL_S700
10451,HNS3_ENET
10452,IDEAPAD_LAPTOP
10453,DVB_USB_TTUSB2
10454,CARL9170_DEBUGFS
10455,SERIAL_SC16IS7XX
10456,MEDIA_TUNER_MT2131
10457,NFC_ST_NCI_I2C
10458,LDM_PARTITION
10459,DVB_CX24117
10460,IBM_RTL
10461,TEE_BNXT_FW
10462,SOLARIS_X86_PARTITION
10463,CARL9170_LEDS
10464,SERIAL_SC16IS7XX_CORE
10465,GPIO_SPRD
10466,DVB_STV0367
10467,NF_DUP_NETDEV
10468,FB_OMAP2_CONNECTOR_DVI
10469,USB_SERIAL_DIGI_ACCELEPORT
10470,DRM_SII902X
10471,DEFAULT_RENO
10472,X86_THERMAL_VECTOR
10473,CARL9170
10474,DVB_RTL2832_SDR
10475,SND_USB_6FIRE
10476,SND_SOC_TEGRA30_AHUB
10477,PHY_SUN50I_USB3
10478,RTW88_CORE
10479,WIMAX_I2400M_USB
10480,SPI_THUNDERX
10481,TCP_CONG_BBR
10482,SPI_TOPCLIFF_PCH
10483,CARL9170_HWRNG
10484,ATM_HORIZON_DEBUG
10485,HNS
10486,ATH6KL
10487,GPIO_TEGRA
10488,RTW88
10489,IPDDP_ENCAP
10490,TCM_USER2
10491,DEFAULT_WESTWOOD
10492,HDLC_RAW
10493,PINCTRL_S900
10494,NFC_MRVL_SPI
10495,NF_SOCKET_IPV4
10496,FSL_FTM_TIMER
10497,NET
10498,PLIP
10499,DEFAULT_VEGAS
10500,LANMEDIA
10501,SND_HDA_CODEC_SIGMATEL
10502,HAVE_RELIABLE_STACKTRACE
10503,HI13X1_GMAC
10504,DEFAULT_VENO
10505,MEDIA_TUNER_E4000
10506,SND_ENS1371
10507,RTW88_8822C
10508,HNS_DSAF
10509,SND_USB_POD
10510,SND_SOC_TEGRA_WM8903
10511,NET_IPGRE_BROADCAST
10512,BLK_DEV_IDECS
10513,ISCSI_TARGET_CXGB4
10514,RTW88_8723D
10515,PHY_MESON_GXL_USB2
10516,FONTS
10517,ISCSI_TARGET
10518,RTW88_8822B
10519,VIDEO_SUN8I_ROTATE
10520,USB_SERIAL_WHITEHEAT
10521,NET_IPGRE
10522,6LOWPAN
10523,SND_SOC_TEGRA30_I2S
10524,NET_IPGRE_DEMUX
10525,PCI_HYPERV_INTERFACE
10526,POSIX_MQUEUE_SYSCTL
10527,TCM_FC
10528,RTW88_PCI
10529,SND_BCD2000
10530,SND_SOC_TEGRA_RT5640
10531,TI_AM335X_ADC
10532,SECURITY_WRITABLE_HOOKS
10533,DRM_CDNS_DSI
10534,SND_HDA_CODEC_VIA
10535,ATM_AMBASSADOR_DEBUG
10536,VIDEO_OV2680
10537,DEFAULT_BIC
10538,VIDEO_SUN8I_DEINTERLACE
10539,PPP
10540,IP_SET_HASH_NETNET
10541,BT_HCIUART_3WIRE
10542,IP_SET_HASH_NETPORT
10543,PINCTRL_OWL
10544,DVB_USB_NOVA_T_USB2
10545,IP_SET_HASH_NETIFACE
10546,NET_SCH_HHF
10547,IP_SET_HASH_NETPORTNET
10548,CRYPTO_ACOMP2
10549,MSM_GCC_8974
10550,SPEAKUP_SYNTH_KEYPC
10551,BITREVERSE
10552,BT_HCIUART_ATH3K
10553,FB_OMAP2_ENCODER_TPD12S015
10554,VIDEO_OV2659
10555,SND_SOC_TEGRA_WM9712
10556,PHY_MESON_AXG_MIPI_PCIE_ANALOG
10557,IP_MROUTE
10558,FB_OMAP2_DSS_SLEEP_AFTER_VENC_RESET
10559,RTW88_8822CE
10560,SND_USB_VARIAX
10561,SND_SOC_TEGRA_TRIMSLICE
10562,PHY_CYGNUS_PCIE
10563,DVB_C8SECTPFE
10564,SND_USB_PODHD
10565,PHY_MESON_AXG_PCIE
10566,6LOWPAN_NHC
10567,BLK_DEV_DELKIN
10568,SBP_TARGET
10569,RTW88_8822BE
10570,SND_USB_TONEPORT
10571,DEFAULT_SECURITY_SMACK
10572,IP_SET_HASH_IPPORTNET
10573,BT_HCIUART_SERDEV
10574,GOLDFISH_TTY_EARLY_CONSOLE
10575,SPEAKUP_SYNTH_DECEXT
10576,IP_SET_HASH_MAC
10577,NET_SCH_CODEL
10578,BT_HCIUART_NOKIA
10579,IP_PIMSM_V1
10580,HOTPLUG_PCI_CPCI_ZT5550
10581,FUSION_SPI
10582,SND_DICE
10583,SND_SOC_TEGRA_MAX98090
10584,PHY_BCM_NS_USB2
10585,IP_PIMSM_V2
10586,6LOWPAN_NHC_MOBILITY
10587,PHY_BCM_SR_USB
10588,IP_MROUTE_MULTIPLE_TABLES
10589,6LOWPAN_NHC_HOP
10590,RTW88_DEBUG
10591,SND_FIREWIRE_LIB
10592,SND_SOC_ALC5632
10593,CRYPTO_USER
10594,RTW88_DEBUGFS
10595,VIDEO_GO7007_USB
10596,RTW88_8723DE
10597,6LOWPAN_NHC_FRAGMENT
10598,SATA_SIL24
10599,PINCTRL_RK805
10600,VIDEO_RCAR_DRIF
10601,DVB_USB_VP702X
10602,SND_SOC_TEGRA_ALC5632
10603,CRYPTO_MANAGER2
10604,EVM_LOAD_X509
10605,FB_OMAP2_ENCODER_OPA362
10606,NET_SCH_DRR
10607,BLK_DEV_IT8213
10608,VIDEO_UDA1342
10609,MSM_MMCC_8974
10610,SPEAKUP_SYNTH_AUDPTR
10611,SND_FIREWORKS
10612,6LOWPAN_GHC_EXT_HDR_HOP
10613,FUSION_CTL
10614,VIDEO_VIM2M
10615,SND_BEBOB
10616,SND_ENS1370
10617,NET_CORE
10618,USBIP_HOST
10619,PHY_BCM_NS_USB3
10620,VIDEO_OV7640
10621,FUSION_SAS
10622,RSI_91X
10623,SND_ISIGHT
10624,MT7663U
10625,USB_SERIAL_CH341
10626,RSI_COEX
10627,GPIO_ADNP
10628,DRM_KMS_CMA_HELPER
10629,MAC80211_DEBUG_COUNTERS
10630,SPEAKUP_SYNTH_DTLK
10631,FUSION_FC
10632,WLAN_VENDOR_RSI
10633,ST_UVIS25_SPI
10634,SND_OXFW
10635,BCM47XX_WDT
10636,ATM_AMBASSADOR
10637,MVMDIO
10638,XILLYBUS_PCIE
10639,CRYPTO_KPP2
10640,MVNETA
10641,SND_SOC_TDA7419
10642,VIDEO_DW9714
10643,SPI_ORION
10644,SND_SOC_SOF_MERRIFIELD_SUPPORT
10645,SPI_PIC32
10646,MMC_OWL
10647,SPI_PIC32_SQI
10648,SND_SOC_TFA9879
10649,CAN_PEAK_USB
10650,MV643XX_ETH
10651,VIDEO_EXYNOS4_ISP_DMA_CAPTURE
10652,NET_SCH_SKBPRIO
10653,BLK_DEV_SVWKS
10654,PHY_BRCM_SATA
10655,MMC_SDHCI_EXTERNAL_DMA
10656,ROMFS_ON_MTD
10657,CAN_GS_USB
10658,VIDEO_DW9807_VCM
10659,NET_SCH_MQPRIO
10660,BLK_DEV_IT821X
10661,DVB_USB_VP7045
10662,IP_SET_HASH_IPPORT
10663,SND_SOC_STA529
10664,GPIO_WINBOND
10665,SPEAKUP_SYNTH_BNS
10666,DEFAULT_SECURITY_SELINUX
10667,DVB_AV7110_OSD
10668,USBIP_CORE
10669,DVB_BUDGET_CORE
10670,DECOMPRESS_XZ
10671,VIDEO_S5K6AA
10672,VIDEO_SAA7146
10673,VIDEO_S5K6A3
10674,DVB_BUDGET
10675,SERIAL_EARLYCON
10676,SATA_QSTOR
10677,DVB_SP8870
10678,FB_GEODE_GX1
10679,USB_MDC800
10680,EFI_CUSTOM_SSDT_OVERLAYS
10681,SND_SOC_STA32X
10682,MSM_GPUCC_8998
10683,SKGE
10684,SPI_RSPI
10685,DECOMPRESS_LZMA
10686,RD_XZ
10687,FB_GEODE_LX
10688,DVB_AV7110
10689,FB_GEODE_GX
10690,USB_UAS
10691,HIP04_ETH
10692,MVPP2
10693,NFC_MRVL_USB
10694,VIDEO_M5MOLS
10695,PXA168_ETH
10696,SND_SOC_STA350
10697,MEMSTICK_R592
10698,MMC_ALCOR
10699,INFINIBAND_RTRS_CLIENT
10700,NET_VENDOR_WIZNET
10701,SND_SOC_SOF_APOLLOLAKE_SUPPORT
10702,SCSI_BFA_FC
10703,VIDEO_COBALT
10704,VIDEO_AM437X_VPFE
10705,SCSI_CHELSIO_FCOE
10706,FB_WMT_GE_ROPS
10707,PINCTRL_QCOM_SPMI_PMIC
10708,MARVELL_PHY
10709,NETFILTER_XT_MATCH_IPCOMP
10710,PINCTRL_QCOM_SSBI_PMIC
10711,FB_TFT_ILI9325
10712,ZX_DMA
10713,NETFILTER_XT_MATCH_IPRANGE
10714,NFT_FIB_IPV6
10715,AGP_VIA
10716,RTC_DRV_GOLDFISH
10717,XGENE_DMA
10718,CC_OPTIMIZE_FOR_PERFORMANCE
10719,IMA_NG_TEMPLATE
10720,NETFILTER_XT_MATCH_HELPER
10721,BLK_DEV_RNBD_SERVER
10722,NETFILTER_XT_MATCH_HL
10723,SCSI_DH_ALUA
10724,MEMSTICK_REALTEK_USB
10725,SND_ES1968
10726,SKGE_GENESIS
10727,NETFILTER_XT_MATCH_ESP
10728,SND_HDA_CODEC_REALTEK
10729,NETFILTER_XT_MATCH_HASHLIMIT
10730,DVB_USB_RTL28XXU
10731,RMI4_SPI
10732,IIO_SSP_SENSORS_COMMONS
10733,NFC_MRVL_I2C
10734,NFT_SOCKET
10735,GREYBUS_ARCHE
10736,PCIE_ROCKCHIP_EP
10737,VIA_VELOCITY
10738,SND_HDA_CODEC_ANALOG
10739,ATM_IA
10740,IMA_DEFAULT_HASH_SHA1
10741,PINCTRL_SM8250
10742,PINCTRL_ASPEED
10743,FB_OMAP2_CONNECTOR_ANALOG_TV
10744,NETFILTER_XT_MATCH_LIMIT
10745,PINCTRL_EXYNOS
10746,DW_DMAC
10747,USB_SERIAL_CYPRESS_M8
10748,HNS_MDIO
10749,NETFILTER_XT_MATCH_IPVS
10750,PINCTRL_SDM660
10751,SYSCTL
10752,IP_VS
10753,KEY_NOTIFICATIONS
10754,NETFILTER_XT_MATCH_L2TP
10755,USB_STORAGE_ONETOUCH
10756,MT7615_COMMON
10757,CAN_J1939
10758,IWLWIFI_DEVICE_TRACING
10759,USB_STORAGE_KARMA
10760,STK3310
10761,YELLOWFIN
10762,PINCTRL_SC7180
10763,COMMON_CLK_MT6779_VENCSYS
10764,USB_FOTG210_UDC
10765,INTEL_SOC_PMIC_CHTDC_TI
10766,USB_GR_UDC
10767,MTD_PMC551_BUGFIX
10768,ATM_ENI_BURST_RX_8W
10769,SND_SOC_SOF_BAYTRAIL_SUPPORT
10770,COMMON_CLK_HI655X
10771,WLAN_VENDOR_INTERSIL
10772,MFD_AXP20X_I2C
10773,FB_TFT_ILI9486
10774,USB_LPC32XX
10775,CLK_RENESAS_DIV6
10776,INTEL_SOC_PMIC_BXTWC
10777,OPENVSWITCH_GRE
10778,VIDEO_EXYNOS_FIMC_LITE
10779,VIDEO_EXYNOS4_FIMC_IS
10780,ATLAS7_WATCHDOG
10781,NETFILTER_XT_MATCH_MARK
10782,PINCTRL_EXYNOS_ARM64
10783,MT7615E
10784,NETFILTER_XT_MATCH_MULTIPORT
10785,CAN_VCAN
10786,FRAMEBUFFER_CONSOLE
10787,OPENVSWITCH_VXLAN
10788,ST_UVIS25
10789,PCIE_MEDIATEK
10790,SND_SOC_SOF_INTEL_PCI
10791,RTC_DRV_RC5T619
10792,AD5360
10793,NETFILTER_XT_MATCH_MAC
10794,LPC18XX_WATCHDOG
10795,ATM_ENI_BURST_TX_2W
10796,MFD_SC27XX_PMIC
10797,USB_DWC3
10798,SND_SOC_CS4271_I2C
10799,IWLWIFI_DEBUGFS
10800,INPUT_STPMIC1_ONKEY
10801,COMMON_CLK_MT8516_AUDSYS
10802,PCI_HOST_THUNDER_PEM
10803,DRM_MEGACHIPS_STDPXXXX_GE_B850V3_FW
10804,HAMACHI
10805,VIDEO_GO7007_LOADER
10806,RTC_DRV_BD70528
10807,MT7622_WMAC
10808,INPUT_SC27XX_VIBRA
10809,ST_UVIS25_I2C
10810,ATM_ENI_BURST_RX_16W
10811,USB_ETH
10812,MFD_TPS68470
10813,USB_RENESAS_USBHS_HCD
10814,COMMON_CLK_MT7622_ETHSYS
10815,USB_RENESAS_USBHS
10816,USB_R8A66597
10817,SND_SOC_SOF_MERRIFIELD
10818,HID_LOGITECH_DJ
10819,COMMON_CLK_MT6797_MMSYS
10820,FB_TFT_ILI9341
10821,CLK_RENESAS_CPG_MSTP
10822,USB_SL811_CS
10823,COMMON_CLK_MT6797_VDECSYS
10824,COMMON_CLK_MT6797_VENCSYS
10825,TPS68470_PMIC_OPREGION
10826,USB_R8A66597_HCD
10827,HAVE_ACPI_APEI_NMI
10828,NET_VENDOR_TI
10829,HID_LOGITECH
10830,INTEL_CHT_INT33FE
10831,HAVE_ALIGNED_STRUCT_PAGE
10832,MTD_PARSER_IMAGETAG
10833,SND_SOC_CS4271_SPI
10834,INTERCONNECT_QCOM_OSM_L3
10835,SND_SOC_CS42XX8_I2C
10836,VIDEO_GO7007_USB_S2250_BOARD
10837,PDC_ADMA
10838,GPIO_THUNDERX
10839,MSM_MMCC_8996
10840,HAVE_ACPI_APEI
10841,TEHUTI
10842,MT76x2_COMMON
10843,SND_PCM_OSS
10844,INTERCONNECT_IMX8MQ
10845,SND_SOC_IMX_ES8328
10846,CLK_RENESAS_CPG_MSSR
10847,USB_DWC3_EXYNOS
10848,SND_SOC_FSL_SAI
10849,NET_VENDOR_TEHUTI
10850,ATA_PIIX
10851,MFD_STPMIC1
10852,CC_OPTIMIZE_FOR_SIZE
10853,ISCSI_TCP
10854,MT76x2E
10855,OPT3001
10856,VIA_RHINE
10857,GPIO_TEGRA186
10858,SND_SOC_SOF_IMX8_SUPPORT
10859,VIDEO_EXYNOS4_IS_COMMON
10860,W1_MASTER_SGI
10861,QCOM_WDT
10862,SND_SOC_SOF_IMX8
10863,INPUT_RAVE_SP_PWRBUTTON
10864,COMMON_CLK_MT8183_MMSYS
10865,VIDEO_SAMSUNG_EXYNOS4_IS
10866,INFINIBAND_QIB
10867,SND_SOC_UNIPHIER_PXS2
10868,HI3660_MBOX
10869,DECOMPRESS_LZO
10870,SAMPLE_SECCOMP
10871,I2C_RIIC
10872,SND_SB8_DSP
10873,SND_SOC_UNIPHIER_EVEA_CODEC
10874,HI6220_MBOX
10875,TEGRA_WATCHDOG
10876,GPIO_WCD934X
10877,VIDEO_S5K4ECGX
10878,INTEL_OAKTRAIL
10879,TI_CPSW
10880,SND_SOC_SOF_IMX8M_SUPPORT
10881,BNA
10882,SND_SB_COMMON
10883,VIDEO_S5P_MIPI_CSIS
10884,TI_DAVINCI_EMAC
10885,GPIO_VX855
10886,MESON_WATCHDOG
10887,MT76x2U
10888,TI_DAVINCI_MDIO
10889,INPUT_DA9063_ONKEY
10890,IMX_IRQSTEER
10891,SND_PORTMAN2X4
10892,BNXT_FLOWER_OFFLOAD
10893,BNXT_DCB
10894,SND_SOC_SOF_IMX8M
10895,SND_AC97_POWER_SAVE
10896,SND_SOC_UNIPHIER_AIO
10897,VIDEO_S5P_FIMC
10898,SND_SOC_UNIPHIER_LD11
10899,SYSTEMPORT
10900,SENSORS_IBM_CFFPS
10901,SND_SOC_AMD_CZ_DA7219MX98357_MACH
10902,BNXT
10903,SND_MPU401
10904,PHY_MVEBU_A38X_COMPHY
10905,MT7603E
10906,CAN_BCM
10907,TI_CPSW_SWITCHDEV
10908,SI1145
10909,SND_SOC_SOF_INTEL_ACPI
10910,HAVE_ARCH_MMAP_RND_COMPAT_BITS
10911,INPUT_PCAP
10912,GPIO_XLP
10913,SND_DMA_SGBUF
10914,MEDIATEK_WATCHDOG
10915,FB_TFT_ILI9340
10916,TI_CPTS
10917,IMX_INTMUX
10918,SURFACE3_WMI
10919,MMC_MESON_MX_SDIO
10920,MMC_SDHCI_MILBEAUT
10921,CLK_SH73A0
10922,PHY_TI_GMII_SEL
10923,MT76x0_COMMON
10924,USB_GSPCA_CPIA1
10925,INFINIBAND_RTRS_SERVER
10926,FSI_OCC
10927,REGULATOR_ROHM
10928,FB_TFT_SEPS525
10929,LINEAR_RANGES_TEST
10930,CLKSRC_JCORE_PIT
10931,CW1200
10932,USB_GSPCA_BENQ
10933,FTRACE_MCOUNT_RECORD
10934,CW1200_WLAN_SDIO
10935,SND_SOC_SOF_PROBE_WORK_QUEUE
10936,USB_GSPCA_CONEX
10937,SND_SOC_MC13783
10938,CW1200_WLAN_SPI
10939,UPROBE_EVENTS
10940,RSI_USB
10941,VIDEO_S3C_CAMIF
10942,FB_TFT_SH1106
10943,USB_GL860
10944,MOXART_WDT
10945,VIDEO_RENESAS_CEU
10946,FUNCTION_ERROR_INJECTION
10947,MT76x0E
10948,PINCTRL_PFC_R8A77960
10949,SND_WSS_LIB
10950,SND_SOC_AMD_ACP3x
10951,SND_SOC_SOF_IMX_TOPLEVEL
10952,RSI_SDIO
10953,CHARGER_CPCAP
10954,REGULATOR_AS3711
10955,EXYNOS_AUDSS_CLK_CON
10956,PHY_BERLIN_USB
10957,VSOCKETS_DIAG
10958,SND_MTPAV
10959,SND_SOC_ADI_AXI_SPDIF
10960,VIDEO_STM32_DCMI
10961,BGMAC_PLATFORM
10962,SND_SOC_AMD_ACP
10963,BNX2X_SRIOV
10964,SND_SOC_ACPI
10965,BGMAC
10966,SND_ALOOP
10967,MAX44000
10968,QCS_GCC_404
10969,BGMAC_BCMA
10970,SND_SOC_ADI_AXI_I2S
10971,CHARGER_LP8788
10972,REGULATOR_CPCAP
10973,VIDEO_OV5670
10974,WL1251_SDIO
10975,NVME_TCP
10976,PCIPCWATCHDOG
10977,SND_SOC_FSL_ASOC_CARD
10978,SATA_SX4
10979,HIST_TRIGGERS
10980,OPENVSWITCH_GENEVE
10981,USB_GSPCA_ETOMS
10982,MSM_MMCC_8998
10983,TRACE_EVENT_INJECT
10984,SND_SOC_SOF_IMX_OF
10985,NVME_RDMA
10986,WL1251_SPI
10987,OPTPROBES
10988,SC_DISPCC_7180
10989,EMAC_ROCKCHIP
10990,DRM_PANEL_NOVATEK_NT39016
10991,ADIS16203
10992,USB_DWC3_OMAP
10993,BT_BNEP
10994,HBMC_AM654
10995,FTRACE_STARTUP_TEST
10996,SND_SOC_IMX_SPDIF
10997,GOOGLE_SMI
10998,BT_RFCOMM
10999,ARC_EMAC
11000,VIDEO_CX25821_ALSA
11001,DRM_PANEL_NOVATEK_NT35510
11002,INFINIBAND_CXGB4
11003,USB_GSPCA_KONICA
11004,WL18XX
11005,USB_GSPCA_MARS
11006,FB_TFT_S6D1121
11007,WLCORE_SPI
11008,USB_GSPCA_MR97310A
11009,COMMON_CLK_SAMSUNG
11010,QCOM_RPMH
11011,PHY_MVEBU_A3700_UTMI
11012,USB_GSPCA_JL2005BCD
11013,RENESAS_OSTM
11014,WL12XX
11015,USB_GSPCA_KINECT
11016,LEDS_KTD2692
11017,GENEVE
11018,WLCORE
11019,MLX5_ESWITCH
11020,SPEAR_THERMAL
11021,ATH11K_DEBUG
11022,MLX5_CLS_ACT
11023,INFINIBAND_EFA
11024,TCP_CONG_DCTCP
11025,PWM_IMX_TPM
11026,IIO_BUFFER
11027,REGULATOR_QCOM_RPMH
11028,TOUCHSCREEN_CYTTSP_I2C
11029,SND_PXA2XX_SOC
11030,PWM_IMX27
11031,SND_SOC_IMX_SGTL5000
11032,MLX5_MPFS
11033,QORIQ_THERMAL
11034,TCP_CONG_YEAH
11035,MLX5_EN_ARFS
11036,LEDS_OT200
11037,MTD_NAND_SLC_LPC32XX
11038,XEN_WDT
11039,SND_SOC_MXS_SGTL5000
11040,ATH11K
11041,QCOM_AOSS_QMP
11042,MLX5_EN_RXNFC
11043,NET_VENDOR_ATHEROS
11044,VIDEO_CX88_ALSA
11045,PCI_DIRECT
11046,BT_BNEP_MC_FILTER
11047,CLK_RCAR_GEN3_CPG
11048,VIDEO_CX88_DVB
11049,SND_MXS_SOC
11050,WCN36XX_DEBUGFS
11051,ATH10K_SPECTRAL
11052,USB_OHCI_HCD_OMAP3
11053,HAVE_UID16
11054,IMX_THERMAL
11055,MD_RAID456
11056,MLX5_ACCEL
11057,IMX_SC_THERMAL
11058,SND_MESON_GX_SOUND_CARD
11059,OF_ALL_DTBS
11060,SND_MESON_AXG_SPDIFIN
11061,UNWINDER_ORC
11062,ATH10K_DEBUGFS
11063,TCP_CONG_HTCP
11064,I2C_ALI15X3
11065,HISI_THERMAL
11066,SND_MESON_AXG_PDM
11067,AD7816
11068,TI_ADC128S052
11069,GOOGLE_FRAMEBUFFER_COREBOOT
11070,BT_HIDP
11071,OF_RESOLVE
11072,ATL1E
11073,DVB_CX24123
11074,AD7280
11075,GOOGLE_MEMCONSOLE_X86_LEGACY
11076,BT_CMTP
11077,ATL2
11078,ADIS16240
11079,NVME_FABRICS
11080,MTD_NAND_MLC_LPC32XX
11081,INFINIBAND_QIB_DCA
11082,ATL1
11083,BT_6LOWPAN
11084,AURORA_NB8800
11085,USB_GSPCA_STV0680
11086,QCOM_PDR_HELPERS
11087,USB_GSPCA_SUNPLUS
11088,ATH10K_SDIO
11089,COMMON_CLK_SCMI
11090,MLX4_EN_DCB
11091,VIDEO_CX88_ENABLE_VP3054
11092,ADT7316_SPI
11093,HOSTAP
11094,OF_FLATTREE
11095,NET_VENDOR_AURORA
11096,BCM_KONA_WDT_DEBUG
11097,ADT7316_I2C
11098,EFI_ESRT
11099,ATL1C
11100,BCM2835_WDT
11101,ATM_ENI_BURST_RX_2W
11102,ADT7316
11103,GOOGLE_VPD
11104,BT_HS
11105,QCOM_GSBI
11106,BCM_KONA_WDT
11107,ATH10K_DFS_CERTIFIED
11108,TCP_CONG_VEGAS
11109,MLX5_FPGA
11110,MT76x02_USB
11111,HOSTAP_FIRMWARE
11112,ASYNC_MEMCPY
11113,WCN36XX
11114,PWM_TEGRA
11115,STM_PROTO_SYS_T
11116,SPI_SUN6I
11117,MTD_DATAFLASH
11118,FB_SYS_COPYAREA
11119,ATM_FIRESTREAM
11120,USB_GSPCA_SQ905C
11121,FB_SYS_IMAGEBLIT
11122,VIDEO_SR030PC30
11123,IP6_NF_TARGET_SYNPROXY
11124,DRM_PANEL_SAMSUNG_S6E63J0X03
11125,TI_ADS124S08
11126,OF_ADDRESS
11127,B44
11128,DRM_PANEL_SAMSUNG_S6E63M0
11129,BLK_DEV_PLATFORM
11130,CRYPTO_DEV_FSL_CAAM_AHASH_API_DESC
11131,VIDEO_CX88_MPEG
11132,DRM_PANEL_SAMSUNG_S6D16D0
11133,TI_ADS8344
11134,IMGPDC_WDT
11135,VIDEO_TVAUDIO
11136,DRM_PANEL_SAMSUNG_S6E3HA2
11137,AD7746
11138,OF_KOBJ
11139,SND_MESON_AXG_SOUND_CARD
11140,CRYPTO_AEAD2
11141,PINCTRL_UNIPHIER_LD20
11142,ATH10K_SNOC
11143,SND_SOC_WM9081
11144,ATH10K_DEBUG
11145,MLX4_CORE_GEN2
11146,IP6_NF_SECURITY
11147,IIO_ST_PRESS_I2C
11148,SND_SOC_DAVINCI_VCIF
11149,IIO_ST_PRESS_SPI
11150,PINCTRL_UNIPHIER_PXS3
11151,SND_SOC_WM0010
11152,USB_GSPCA_SPCA506
11153,TYPEC_HD3SS3220
11154,SPI_STM32_QSPI
11155,FIREWIRE_OHCI
11156,SND_SOC_TI_UDMA_PCM
11157,X86_ESPFIX64
11158,BLK_DEV_IDEDMA_SFF
11159,FIREWIRE_SBP2
11160,BLK_DEV_IDEPCI
11161,FIREWIRE_NET
11162,SND_SOC_DAVINCI_MCASP
11163,PINCTRL_UNIPHIER_LD6B
11164,FUSION_LAN
11165,ATA_GENERIC
11166,MTD_NAND_ATMEL
11167,BLK_DEV_CMD640
11168,NET_FC
11169,SND_SOC_TI_EDMA_PCM
11170,SND_SOC_TI_SDMA_PCM
11171,USB_GSPCA_SQ930X
11172,USB_GSPCA_STK014
11173,PATA_ACPI
11174,TI_ADC161S626
11175,NLS_CODEPAGE_866
11176,DPAA2_CONSOLE
11177,MFD_SUN6I_PRCM
11178,SOC_IMX8M
11179,BLK_DEV_PDC202XX_OLD
11180,MFD_OMAP_USB_HOST
11181,BLK_DEV_TC86C001
11182,IP6_NF_TARGET_REJECT
11183,SOC_TEGRA30_VOLTAGE_COUPLER
11184,COMPAT
11185,NET_FOU
11186,NETFILTER_XT_MATCH_NFACCT
11187,PCI_AARDVARK
11188,SND_SOC_OMAP_MCPDM
11189,PINCTRL_UNIPHIER_LD11
11190,BLK_DEV_HPT366
11191,IMX_SCU_SOC
11192,ZPA2326_I2C
11193,BLK_DEV_PDC202XX_NEW
11194,ZPA2326_SPI
11195,SPI_SUN4I
11196,USB_GSPCA_SPCA1528
11197,FB_SYS_FILLRECT
11198,SND_SOC_OMAP_DMIC
11199,MFD_ATMEL_SMC
11200,BLK_DEV_AEC62XX
11201,SND_SOC_OMAP_MCBSP
11202,HP206C
11203,USB_GSPCA_SPCA508
11204,UCSI_ACPI
11205,CRYPTO_DEV_FSL_CAAM_COMMON
11206,WILCO_EC_DEBUGFS
11207,USB_GSPCA_SPCA561
11208,FB_SYS_FOPS
11209,DVB_AU8522_V4L
11210,CRYPTO_DEV_FSL_CAAM_CRYPTO_API_DESC
11211,VMWARE_VMCI_VSOCKETS
11212,USB_GSPCA_SONIXJ
11213,LEDS_CR0014114
11214,VIDEO_OV7251
11215,USB_GSPCA_SPCA500
11216,SND_JZ4740_SOC_I2S
11217,SPI_SPRD_ADI
11218,USB_GSPCA_SPCA505
11219,6LOWPAN_GHC_EXT_HDR_ROUTE
11220,OCTEONTX2_PF
11221,NETFILTER_XT_MATCH_PKTTYPE
11222,SATA_DWC
11223,INFINIBAND_OCRDMA
11224,MAXIM_THERMOCOUPLE
11225,SERIAL_MPS2_UART
11226,EVM_ADD_XATTRS
11227,6LOWPAN_GHC_EXT_HDR_DEST
11228,OCTEONTX2_MBOX
11229,OCTEONTX2_AF
11230,FB_TFT_SSD1331
11231,NETFILTER_XT_MATCH_POLICY
11232,6LOWPAN_GHC_EXT_HDR_FRAG
11233,NDC_DIS_DYNAMIC_CACHING
11234,NETFILTER_XT_MATCH_PHYSDEV
11235,SKY2
11236,CRYPTO_DEV_PADLOCK_AES
11237,HAVE_ARCH_COMPAT_MMAP_BASES
11238,SGL_ALLOC
11239,NETFILTER_XT_MATCH_OSF
11240,6LOWPAN_GHC_ICMPV6
11241,CRYPTO_DEV_SP_CCP
11242,NETFILTER_XT_MATCH_OWNER
11243,MTD_NAND_MARVELL
11244,IMA_BLACKLIST_KEYRING
11245,FB_TFT_SSD1289
11246,S3C2410_COMMON_CLK
11247,IMA_LOAD_X509
11248,SC_GPUCC_7180
11249,USB_DWC3_PCI
11250,REGULATOR_HI655X
11251,USB_SERIAL_WISHBONE
11252,INET_DIAG_DESTROY
11253,NET_SCH_FIFO
11254,MLX4_EN
11255,TCP_CONG_ADVANCED
11256,NETFILTER_XT_MATCH_SOCKET
11257,ATH6KL_SDIO
11258,MTD_REDBOOT_PARTS
11259,INET_TCP_DIAG
11260,NETFILTER_XT_MATCH_REALM
11261,ACPI_DEBUGGER_USER
11262,INET_UDP_DIAG
11263,NETFILTER_XT_MATCH_RECENT
11264,CRYPTO_DEV_CCP_DEBUGFS
11265,INET_RAW_DIAG
11266,NET_SCHED
11267,SND_SOC_IMX_AUDMIX
11268,OCTEONTX2_VF
11269,MLX5_INFINIBAND
11270,NETFILTER_XT_MATCH_QUOTA
11271,FB_TFT_SSD1305
11272,INET_XFRM_TUNNEL
11273,SND_I2S_HI6210_I2S
11274,FB_TFT_SSD1306
11275,SPI_S3C64XX
11276,VIDEO_SAA7134_GO7007
11277,EDAC_I3000
11278,IWLWIFI_BCAST_FILTERING
11279,VIDEO_SAA7164
11280,SPEAKUP_SYNTH_APOLLO
11281,PINCTRL_CS47L92
11282,ETHOC
11283,LEDS_IS31FL319X
11284,ATM_ENI_BURST_TX_4W
11285,SND_FIREWIRE_MOTU
11286,ATH6KL_TRACING
11287,SND_FIREFACE
11288,LEDS_AAT1290
11289,TINY_RCU
11290,ATH6KL_REGDOMAIN
11291,COMMON_CLK_MAX77686
11292,SND_FIREWIRE_DIGI00X
11293,REGULATOR_QCOM_SMD_RPM
11294,ATH6KL_USB
11295,SND_FIREWIRE_TASCAM
11296,IWLWIFI_DEBUG
11297,TREE_RCU
11298,ATH6KL_DEBUG
11299,IMA_APPRAISE_SIGNED_INIT
11300,MTD_CFI_UTIL
11301,UCC
11302,IP6_NF_TARGET_MASQUERADE
11303,USB_SERIAL_SSU100
11304,MTD_CFI_NOSWAP
11305,KEYBOARD_MPR121
11306,ACPI_LPIT
11307,DEBUG_PERF_USE_VMALLOC
11308,VIDEO_SAA7134_RC
11309,RTC_DRV_SUN6I
11310,VIDEO_SAA7134_DVB
11311,DRM_PANEL_TPO_TD028TTEC1
11312,ATM_ENI_TUNE_BURST
11313,EDAC_X38
11314,PCI_VERSATILE
11315,WIL6210_ISR_COR
11316,TINY_SRCU
11317,TOUCHSCREEN_DA9034
11318,PWM_LPC18XX_SCT
11319,TREE_SRCU
11320,LEDS_SC27XX_BLTC
11321,IWLDVM
11322,BLK_DEV_CS5530
11323,PCH_GBE
11324,AR5523
11325,USB_EG20T
11326,SPI_SH_MSIOF
11327,ATM_ENI_BURST_TX_16W
11328,USB_STORAGE_DEBUG
11329,I2C_IMG
11330,COMPAT_32
11331,IMA_APPRAISE_MODSIG
11332,QCOM_SMD_RPM
11333,ATM_ENI_BURST_TX_8W
11334,LEDS_IS31FL32XX
11335,IWLWIFI_OPMODE_MODULAR
11336,REGULATOR_RN5T618
11337,ATM_ENI
11338,PINCTRL_PFC_R8A73A4
11339,TASKS_TRACE_RCU
11340,IWLWIFI
11341,ATM_ENI_DEBUG
11342,IWLWIFI_LEDS
11343,IWLMVM
11344,NET_VENDOR_OKI
11345,TOUCHSCREEN_DA9052
11346,MADERA_IRQ
11347,COMMON_CLK_BM1880
11348,PWM_LPSS
11349,KDB_KEYBOARD
11350,USB_STORAGE_FREECOM
11351,REGULATOR_RK808
11352,TASKS_RUDE_RCU
11353,IP6_NF_NAT
11354,USB_STORAGE_ISD200
11355,WIL6210_TRACING
11356,PINCTRL_PFC_R8A7742
11357,PNP
11358,PINCTRL_MADERA
11359,WIL6210_DEBUGFS
11360,SPI_SH_HSPI
11361,USB_STORAGE_DATAFAB
11362,USB_ASPEED_VHUB
11363,COMMON_CLK_WM831X
11364,FORCEDETH
11365,SPEAKUP_SYNTH_ACNTSA
11366,HOTPLUG_CPU
11367,NET_SCH_TAPRIO
11368,NFSD_V3_ACL
11369,SPEAKUP_SYNTH_ACNTPC
11370,IP_SET_BITMAP_PORT
11371,DEBUG_SPINLOCK
11372,SERIAL_BCM63XX
11373,DVB_FIREDTV
11374,RTC_DRV_MAX77686
11375,KEYBOARD_LM8323
11376,IWL3945
11377,PINCTRL_LOCHNAGAR
11378,HAVE_CLK_PREPARE
11379,RCU_NEED_SEGCBLIST
11380,ATH10K_AHB
11381,PINCTRL_PFC_R8A7745
11382,USERFAULTFD
11383,USB_STORAGE_SDDR55
11384,USB_U_ETHER
11385,LEDS_CPCAP
11386,USB_RENESAS_USBHS_UDC
11387,CEPH_FS_SECURITY_LABEL
11388,VIDEO_SAA7134_ALSA
11389,RCU_STALL_COMMON
11390,SSFDC
11391,SPI_SLAVE_MT27XX
11392,EDAC_I82975X
11393,USB_F_SS_LB
11394,LEDS_BCM6358
11395,ATM_TCP
11396,IWLEGACY_DEBUG
11397,NETFILTER_XT_MATCH_U32
11398,ATM_LANAI
11399,TYPEC_WCOVE
11400,PINCTRL_CS47L90
11401,AD2S1210
11402,ARCH_HAS_FORCE_DMA_UNENCRYPTED
11403,CLK_R8A774B1
11404,USB_GSPCA_SN9C2028
11405,USB_NET_RNDIS_WLAN
11406,SCSI_PMCRAID
11407,TIGON3
11408,USB_GSPCA_SN9C20X
11409,BME680_I2C
11410,BT_HCIBTUSB_RTL
11411,RTC_DRV_ISL1208
11412,CRYPTO_DEV_QAT_C3XXX
11413,SERIAL_ALTERA_JTAGUART
11414,USB_SERIAL_XIRCOM
11415,SERIAL_ALTERA_JTAGUART_CONSOLE
11416,PINCTRL_CS47L85
11417,PINCTRL_CS47L35
11418,PSTORE_ZONE
11419,IOSF_MBI_DEBUG
11420,USB_SERIAL_TI
11421,IP6_NF_TARGET_HL
11422,TEXTSEARCH_FSM
11423,PINCTRL_CS47L15
11424,SND_MIA
11425,KEYBOARD_LM8333
11426,TYPEC_NVIDIA_ALTMODE
11427,NET_SCH_ATM
11428,PCIE_RCAR_EP
11429,RTC_DRV_MV
11430,COMMON_CLK_ASPEED
11431,TOUCHSCREEN_HAMPSHIRE
11432,IP6_NF_MATCH_SRH
11433,SND_MONA
11434,RTC_DRV_SUNXI
11435,USB_GSPCA_PAC7311
11436,BT_HCIBTUSB
11437,PCMCIA_WL3501
11438,USB_GSPCA_SE401
11439,PWM_MESON
11440,IP6_NF_TARGET_NPT
11441,SND_SOC_BELLS
11442,TYPEC_MUX_INTEL_PMC
11443,B44_PCI
11444,COMMON_CLK_FSL_SAI
11445,LEDS_PM8058
11446,BT_RTL
11447,QTNFMAC_PCIE
11448,USB_GSPCA_PAC7302
11449,BRCMUTIL
11450,PCMCIA_RAYCS
11451,IEEE802154_CA8210_DEBUGFS
11452,USB_SNP_UDC_PLAT
11453,USB_M66592
11454,VIDEO_ADV748X
11455,WILCO_EC_TELEMETRY
11456,RTC_DRV_TX4939
11457,SERIAL_PCH_UART
11458,VIDEO_BT819
11459,TIGON3_HWMON
11460,COMMON_CLK
11461,USB_GSPCA_SONIXB
11462,MTD_SC520CDP
11463,PWM_MXS
11464,REGULATOR_SC2731
11465,EDAC_DECODE_MCE
11466,BPF_JIT_ALWAYS_ON
11467,CLK_R8A77470
11468,COMMON_CLK_MT8183_AUDIOSYS
11469,CRYPTO_DEV_QAT_DH895xCCVF
11470,SND_MESON_AXG_FRDDR
11471,USB_NET_SR9800
11472,SCSI_SNIC
11473,active_options
11474,SND_SEQ_MIDI
11475,IR_SUNXI
11476,COMMON_CLK_MT8173_MMSYS
11477,DMA_CMA
11478,TLAN
11479,USB_NET_SR9700
11480,GENERIC_PINMUX_FUNCTIONS
11481,IEEE802154_MCR20A
11482,MTD_NETSC520
11483,SND_SOC_CS47L85
11484,USB_GSPCA_NW80X
11485,IP6_NF_MATCH_RT
11486,USB_GSPCA_OV519
11487,SND_SOC_MESON_T9015
11488,COMMON_CLK_MT8173
11489,FB_VOODOO1
11490,SND_MESON_AXG_FIFO
11491,HOSTAP_FIRMWARE_NVRAM
11492,SND_SOC_MAX98095
11493,SND_OPL3_LIB_SEQ
11494,SND_LAYLA20
11495,A11Y_BRAILLE_CONSOLE
11496,EFI_DEV_PATH_PARSER
11497,BPF_JIT_DEFAULT_ON
11498,USB_SERIAL_SAFE
11499,PCF50633_ADC
11500,CEPH_FS_POSIX_ACL
11501,CLK_R9A06G032
11502,PWM_SIFIVE
11503,IP6_NF_MATCH_RPFILTER
11504,NF_CONNTRACK_LABELS
11505,RTC_DRV_OMAP
11506,SND_SOC_CS47L92
11507,PINCONF
11508,CHARGER_QCOM_SMBB
11509,SND_MESON_AXG_TDMOUT
11510,COMMON_CLK_MT8183_IPU_CONN
11511,SENSORS_LTC2947_SPI
11512,MTD_TS5500
11513,CLK_R8A77995
11514,TOUCHSCREEN_TI_AM335X_TSC
11515,SND_DARLA24
11516,USB_ISP1760
11517,SND_MESON_AXG_TDM_INTERFACE
11518,CPU_IDLE_THERMAL
11519,SND_MESON_AXG_TDMIN
11520,CEPH_FSCACHE
11521,COMMON_CLK_MT8183_IPU_ADL
11522,IIO
11523,NFT_BRIDGE_REJECT
11524,SND_MESON_AXG_TODDR
11525,COMMON_CLK_MT8183_IMGSYS
11526,PARPORT_SERIAL
11527,CHARGER_MP2629
11528,FB_CARMINE
11529,SND_MESON_AXG_TDM_FORMATTER
11530,INIT_STACK_NONE
