,feature
0,DEBUG_INFO
1,MODULES
2,STRICT_MODULE_RWX
3,ARCH_HAS_FORCE_DMA_UNENCRYPTED
4,DMA_COHERENT_POOL
5,DYNAMIC_PHYSICAL_MASK
6,AMD_MEM_ENCRYPT
7,RANDOMIZE_BASE
8,X86_NEED_RELOCS
9,GDB_SCRIPTS
10,DEBUG_INFO_DWARF4
11,DRM_VRAM_HELPER
12,DRM_TTM_HELPER
13,DRM_TTM
14,RAPIDIO_ENUM_BASIC
15,DRM_AMDGPU
16,FB_DDC
17,INTEL_GTT
18,GCOV_PROFILE_ALL
19,MEDIA_ATTACH
20,MODULE_SIG_SHA1
21,MODULE_SIG
22,VGASTATE
23,MODULE_SIG_FORMAT
24,SND_SOC_I2C_AND_SPI
25,SND_SOC_RL6231
26,FB_SVGALIB
27,DEBUG_INFO_REDUCED
28,SND_SOC
29,LEDS_LP55XX_COMMON
30,SND_DMAENGINE_PCM
31,SND_SOC_SIGMADSP
32,MODVERSIONS
33,ASM_MODVERSIONS
34,DRM_I915
35,DRM_PANEL_ORIENTATION_QUIRKS
36,DRM_KMS_HELPER
37,DRM_NOUVEAU
38,DRM
39,SND_SOC_ADAU_UTILS
40,SND_SOC_SIGMADSP_REGMAP
41,SND_SOC_ADAU17X1
42,SND_SOC_MAX98357A
43,DRM_BOCHS
44,RANDOMIZE_MEMORY
45,AC97_BUS
46,DRM_RADEON
47,SND_PCM
48,DRM_VMWGFX
49,DRM_AST
50,SND_SOC_DMIC
51,SND_SOC_ADAU7118
52,DRM_CIRRUS_QEMU
53,SOC_ASPEED
54,ROCKCHIP_GRF
55,COMPILE_TEST
56,IMX_INTMUX
57,DRM_QXL
58,SND_SIMPLE_CARD_UTILS
59,I2C_SMBUS
60,SND_SOC_ES8328
61,SND_HDA_CORE
62,DRM_ANALOGIX_DP
63,GPIO_MXC
64,GPIO_MXS
65,SND_SOC_RT5682
66,DRM_VBOXVIDEO
67,SND_TIMER
68,SOC_BUS
69,DRM_GMA500
70,SND_AC97_CODEC
71,SND_SOC_HDMI_CODEC
72,DRM_SCHED
73,MODULE_FORCE_LOAD
74,HID_LED
75,SND_RAWMIDI
76,DRM_MGAG200
77,SND_SOC_PCM179X
78,MODULE_SRCVERSION_ALL
79,SND
80,FB_BACKLIGHT
81,SND_HDA_GENERIC
82,SND_HDA
83,SND_SOC_TLV320AIC23
84,STMP_DEVICE
85,CRYPTO_LIB_POLY1305
86,SND_SOC_DA7219
87,MODULE_COMPRESS
88,MODULE_COMPRESS_GZIP
89,SND_SOC_TLV320AIC32X4
90,FB_SAVAGE
91,DRM_DEBUG_SELFTEST
92,SND_SOC_CS4271
93,CRYPTO_LIB_CHACHA
94,SND_SOC_RT5645
95,SND_SOC_SGTL5000
96,SND_SOC_ADAU7002
97,DEBUG_INFO_SPLIT
98,SND_SOC_ES8328_I2C
99,SND_SOC_PCM512x
100,SND_SOC_PCM3168A
101,FB_SYS_FOPS
102,FB_RADEON
103,FB_VIA
104,SND_SOC_WM8804
105,MODULE_ALLOW_MISSING_NAMESPACE_IMPORTS
106,SND_SOC_TS3A227E
107,SND_SIMPLE_CARD
108,SND_SOC_PCM186X
109,DRM_VGEM
110,FB_CYBER2000
111,SND_SOC_SSM2602
112,AMD_MEM_ENCRYPT_ACTIVE_BY_DEFAULT
113,SND_SOC_SPDIF
114,MODULE_UNLOAD
115,I2C_MUX
116,SND_SOC_ADAU1761
117,FB_SYS_FILLRECT
118,FB_SYS_COPYAREA
119,MTK_INFRACFG
120,FB_MATROX
121,FB_LE80578
122,SND_SOC_FSL_SSI
123,FB_SYS_IMAGEBLIT
124,FB_3DFX
125,FB_ATY128
126,FB_SM712
127,FB_KYRO
128,FB_CFB_IMAGEBLIT
129,FB_CFB_FILLRECT
130,FB_CFB_COPYAREA
131,FB_TRIDENT
132,SND_SOC_WM8731
133,SND_SOC_WM8753
134,FB_VOODOO1
135,FB_CIRRUS
136,SND_HWDEP
137,FB_I740
138,FB
139,SND_SOC_FSL_SAI
140,SENSORS_DS620
141,SND_SOC_FSL_AUDMIX
142,FB_PM2
143,SND_SOC_MAX98927
144,SND_SOC_WM8903
145,SND_SOC_PCM3060
146,FB_MB862XX
147,SND_SOC_SSM4567
148,SND_SOC_SIRF_AUDIO_CODEC
149,SENSORS_LM78
150,SND_SOC_CS42L51
151,FB_S3
152,SND_SOC_WM8580
153,SND_SOC_NAU8824
154,FB_SIS
155,FB_RIVA
156,SND_SOC_FSL_ESAI
157,SENSORS_NCT7802
158,SND_SOC_RT5682_I2C
159,TIFM_CORE
160,SND_SOC_IMX_AUDMUX
161,UNUSED_SYMBOLS
162,SND_SOC_MAX98373
163,SND_SOC_WM8750
164,FB_CARMINE
165,SND_SOC_CX2072X
166,FB_NVIDIA
167,VHOST_IOTLB
168,SND_SOC_FSL_SPDIF
169,FB_PM3
170,FB_ATY
171,INTEL_MEI_ME
172,DRM_VKMS
173,SENSORS_ADM9240
174,SND_SOC_RT5631
175,FB_NEOMAGIC
176,SND_SOC_PCM1789_I2C
177,SND_SOC_PCM1789
178,SND_SOC_TLV320AIC23_I2C
179,SND_SOC_WM8904
180,SND_SOC_ES8316
181,SND_SOC_CS43130
182,SND_SOC_TLV320AIC31XX
183,SND_HDA_EXT_CORE
184,SND_COMPRESS_OFFLOAD
185,DRM_I2C_NXP_TDA998X
186,SND_SOC_PCM179X_I2C
187,SND_SOC_FSL_MICFIL
188,SND_SOC_CS4271_I2C
189,SENSORS_SHT21
190,OPTPROBES
191,KRETPROBES
192,KPROBES
193,FUNCTION_ERROR_INJECTION
194,SND_SOC_WM8978
195,SND_SOC_MAX9759
196,SND_SOC_WM8741
197,DRM_VIRTIO_GPU
198,SND_SOC_WM8523
199,DRM_ANALOGIX_ANX78XX
200,SENSORS_MAX6642
201,SND_BCM63XX_I2S_WHISTLER
202,SND_SOC_CS4349
203,SND_SOC_WM8960
204,SENSORS_ATXP1
205,SENSORS_EMC1403
206,SENSORS_LTC2947
207,FB_ARK
208,SND_SOC_ADAU1761_I2C
209,SND_SOC_WM8974
210,SND_SOC_CS35L33
211,SND_SOC_TFA9879
212,SND_SOC_MAX98504
213,SND_SOC_TDA7419
214,SND_SOC_MSM8916_WCD_DIGITAL
215,CRYPTO_LIB_CHACHA20POLY1305
216,SND_SOC_TLV320AIC32X4_I2C
217,SND_SOC_TLV320ADCX140
218,SND_SOC_MT6660
219,SND_SOC_HDAC_HDMI
220,FB_VT8623
221,SND_SOC_WM8711
222,SND_SOC_STA350
223,SND_SOC_CS35L32
224,SND_SOC_NAU8822
225,RESET_SIMPLE
226,SENSORS_ADT7411
227,SND_SOC_ADAU7118_I2C
228,SND_SOC_WM8804_I2C
229,SND_DESIGNWARE_I2S
230,SERIO_LIBPS2
231,SND_SOC_CS42L42
232,DRM_PANEL_RASPBERRYPI_TOUCHSCREEN
233,SND_SOC_TAS571X
234,SND_SOC_DA7213
235,SENSORS_LTC4151
236,SENSORS_SHT3x
237,SND_SOC_TAS5086
238,SND_SOC_MAX98088
239,DRM_I2C_NXP_TDA9950
240,SENSORS_W83781D
241,SENSORS_ADC128D818
242,SND_SOC_CS42XX8_I2C
243,SND_SOC_CS42XX8
244,SND_SOC_AMD_ACP
245,SND_SOC_CS4341
246,SND_SOC_MAX9867
247,SND_SOC_NAU8810
248,DRM_I2C_SIL164
249,SND_SOC_CS35L36
250,SND_SOC_PCM512x_I2C
251,SENSORS_LM92
252,SND_SOC_PCM3168A_I2C
253,SND_SOC_SSM2602_I2C
254,SND_SOC_GTM601
255,SENSORS_ADM1029
256,BACKLIGHT_BD6107
257,SENSORS_W83793
258,SENSORS_TMP421
259,ZX_TDM
260,SENSORS_W83L786NG
261,SENSORS_LTC4245
262,SND_SOC_CS35L34
263,SENSORS_K10TEMP
264,SND_SOC_RL6347A
265,BACKLIGHT_ARCXCNN
266,SND_I2S_HI6210_I2S
267,SENSORS_FAM15H_POWER
268,SND_SOC_CS4265
269,SENSORS_INA3221
270,DRM_ETNAVIV
271,SENSORS_G760A
272,SENSORS_ADT7X10
273,SND_SOC_AK4642
274,SND_SOC_RK3328
275,SENSORS_EMC2103
276,SND_SOC_CS35L35
277,IIO_ST_SENSORS_I2C
278,SND_SOC_ZX_AUD96P22
279,SENSORS_LTC2990
280,SND_SOC_WM8962
281,SENSORS_ADM1031
282,SND_SOC_PCM186X_I2C
283,SND_SOC_TLV320AIC3X
284,SND_SOC_WM8510
285,BACKLIGHT_ADP8860
286,SENSORS_ADT7470
287,SENSORS_SMM665
288,SND_SOC_BT_SCO
289,SENSORS_TMP103
290,SND_SOC_RT5616
291,SENSORS_STTS751
292,SND_SOC_WM8737
293,SENSORS_DME1737
294,SENSORS_VIA686A
295,SND_SOC_SSM2305
296,SND_SOC_AC97_CODEC
297,SND_SOC_ALC5623
298,SENSORS_MAX1668
299,SND_SOC_XILINX_I2S
300,SENSORS_ADM1177
301,SENSORS_INA209
302,SND_SOC_CS4270
303,SND_SOC_RT5663
304,SND_SOC_AK4458
305,SENSORS_ADM1021
306,SND_SOC_NAU8825
307,SND_SOC_TPA6130A2
308,SENSORS_ASC7621
309,I2C_ALGOBIT
310,SND_SOC_AK4118
311,SND_SOC_UDA1334
312,SND_SOC_TAS2770
313,SND_SOC_PCM1681
314,MMA9551_CORE
315,SENSORS_ADT7462
316,IBM_ASM
317,SENSORS_LM95241
318,SND_SOC_MTK_BTCVSD
319,SND_SOC_INNO_RK3036
320,SND_SOC_AK4613
321,SND_SOC_WM8524
322,PRIME_NUMBERS
323,SND_SOC_PCM3060_I2C
324,SND_SOC_CS42L51_I2C
325,FB_OPENCORES
326,SENSORS_AD7414
327,SND_SOC_TSCS454
328,SND_SOC_TAS2552
329,SENSORS_LM80
330,SND_SOC_SIGMADSP_I2C
331,SND_SOC_ADAU1701
332,SND_SOC_MAX9860
333,SND_SOC_WM8728
334,I2C_DESIGNWARE_CORE
335,SENSORS_LM63
336,MFD_RDC321X
337,I2C_AMD756
338,SND_SOC_MT6351
339,SND_SOC_CS53L30
340,SND_SOC_STI_SAS
341,SND_SOC_XILINX_SPDIF
342,SND_SOC_TAS2562
343,SENSORS_LM87
344,SENSORS_MAX31790
345,SENSORS_TMP513
346,SENSORS_POWR1220
347,ARCH_USE_MEMREMAP_PROT
348,SND_SOC_MT6358
349,SND_SOC_TAS5720
350,SND_SOC_NAU8540
351,SENSORS_MAX16065
352,SND_SOC_AK5386
353,SND_SOC_AK4554
354,SND_SOC_TAS6424
355,FB_VGA16
356,SND_SOC_BD28623
357,SENSORS_GL520SM
358,HID_WIIMOTE
359,SENSORS_SMSC47M192
360,SND_SOC_STA32X
361,FB_ARC
362,IIO_MS_SENSORS_I2C
363,SND_SOC_MAX98390
364,RAID_ATTRS
365,SENSORS_ADS7828
366,SND_SOC_FSL_ASRC
367,SND_SOC_RT286
368,SENSORS_W83773G
369,SND_SOC_HDAC_HDA
370,INTEL_MEI_HDCP
371,SENSORS_LM90
372,SENSORS_EMC6W201
373,PCI_SW_SWITCHTEC
374,SENSORS_LTC4222
375,SND_SOC_WM8985
376,SENSORS_TC74
377,SND_SEQ_MIDI_EVENT
378,SENSORS_LM75
379,SND_SOC_WM8776
380,SND_SOC_ES7241
381,SND_SOC_RT5660
382,CB710_CORE
383,LPC_ICH
384,FB_HGA
385,SND_SEQUENCER
386,SND_SOC_AK5558
387,SENSORS_HIH6130
388,SENSORS_W83795
389,I2C_ISCH
390,SENSORS_W83791D
391,SND_SEQ_MIDI
392,SENSORS_AD7418
393,RMI4_SMB
394,BACKLIGHT_LV5207LP
395,ACPI_VIDEO
396,REGULATOR_ARIZONA_MICSUPP
397,SENSORS_MAX31730
398,SENSORS_I5K_AMB
399,BACKLIGHT_ADP8870
400,SND_SOC_CS42L73
401,SND_ATMEL_SOC
402,SENSORS_LM95245
403,SENSORS_AMC6821
404,SND_SOC_TSCS42XX
405,SND_SOC_XTFPGA_I2S
406,I2C_MUX_MLXCPLD
407,I2C_I801
408,FB_N411
409,FB_HECUBA
410,SENSORS_LTC2947_I2C
411,SND_SOC_RT298
412,SND_SOC_WM8782
413,REED_SOLOMON
414,SND_SOC_SIMPLE_AMPLIFIER
415,SND_SOC_SI476X
416,SENSORS_JC42
417,SENSORS_ASB100
418,DRM_I2C_CH7006
419,SND_SOC_CROS_EC_CODEC
420,SENSORS_LM93
421,SND_HDA_CODEC_CIRRUS
422,TIFM_7XX1
423,SND_SOC_XILINX_AUDIO_FORMATTER
424,MFD_INTEL_LPSS
425,IOSF_MBI
426,SENSORS_LM73
427,SENSORS_SIS5595
428,LEDS_LP5521
429,RELOCATABLE
430,SENSORS_MAX1619
431,SND_SOC_ES7134
432,SENSORS_TMP108
433,DEBUG_INFO_COMPRESSED
434,SENSORS_G762
435,SENSORS_MAX6639
436,SENSORS_MCP3021
437,I2C_NVIDIA_GPU
438,SENSORS_ADM1025
439,SENSORS_LTC4261
440,I2C_ALI15X3
441,I2C_MUX_PCA9541
442,SENSORS_LINEAGE
443,I2C_ALI1563
444,HID_GYRATION
445,MFD_WM8994
446,SENSORS_THMC50
447,SENSORS_LM83
448,CRC_CCITT
449,LEDS_LM3642
450,HID_PRODIKEYS
451,I2C_PIIX4
452,SENSORS_MAX6697
453,BACKLIGHT_CLASS_DEVICE
454,SND_SOC_RT5640
455,SND_SOC_ADAU7118_HW
456,MANAGER_SBS
457,SENSORS_LTC4215
458,SENSORS_GL518SM
459,AK8975
460,INTEL_MEI
461,I2C_MUX_LTC4306
462,SENSORS_LM77
463,SCSI_SPI_ATTRS
464,SENSORS_INA2XX
465,FB_BOOT_VESA_SUPPORT
466,CRC8
467,SENSORS_MAX6650
468,ZLIB_DEFLATE
469,I2C_ISMT
470,NFC_PN533
471,FB_IBM_GXT4500
472,HID_THINGM
473,SCSI_SAS_ATTRS
474,LEDS_TCA6507
475,BACKLIGHT_LM3639
476,IIO_ST_SENSORS_CORE
477,SND_SOC_RT5670
478,SENSORS_W83792D
479,SENSORS_K8TEMP
480,NET_NSH
481,SND_SOC_RT5651
482,SENSORS_TC654
483,VHOST_RING
484,HID
485,LEDS_LP3944
486,SENSORS_ADT7475
487,SENSORS_LM85
488,BT
489,SENSORS_MAX6621
490,SENSORS_DS1621
491,PINCTRL_SH_PFC_GPIO
492,PINCTRL_SH_FUNC_GPIO
493,HID_TOPSEED
494,HID_LOGITECH
495,I2C_AMD8111
496,HID_CHICONY
497,HID_TWINHAN
498,I2C_MUX_PCA954x
499,LEDS_BD2802
500,CRYPTO_CCM
501,I2C_VIA
502,UIO_SERCOS3
503,VIDEOBUF2_VMALLOC
504,SND_SOC_CS42L56
505,SND_SOC_CS42L52
506,PMBUS
507,I2C_MUX_REG
508,HID_ITE
509,SND_HDA_CODEC_CA0132
510,SND_HDA_CODEC_REALTEK
511,SENSORS_W83L785TS
512,MFD_VX855
513,HWMON_VID
514,SENSORS_FSCHMD
515,SENSORS_LIS3LV02D
516,MEDIA_TUNER_TDA9887
517,MEDIA_TUNER_TDA827X
518,HID_KYE
519,SENSORS_VT8231
520,FB_CARILLO_RANCH
521,FB_MATROX_I2C
522,HID_SPEEDLINK
523,SND_HDA_CODEC_CMEDIA
524,SENSORS_I5500
525,SENSORS_TMP102
526,UIO_NETX
527,FB_METRONOME
528,VIDEOBUF2_V4L2
529,VIDEOBUF2_MEMOPS
530,VIDEOBUF2_CORE
531,SERIO_PCIPS2
532,W1_SLAVE_DS28E17
533,MISC_RTSX
534,LEDS_PCA9532
535,I2C_VIAPRO
536,W1_MASTER_DS2482
537,I2C_NFORCE2
538,SND_SOC_RT5514
539,HID_APPLE
540,HID_SMARTJOYPLUS
541,I2C_SIS5595
542,SENSORS_ADM1026
543,INTEL_ISH_HID
544,LEDS_PCA963X
545,SENSORS_ADT7410
546,LEDS_LP5562
547,SND_SOC_MAX98090
548,UCB1400_CORE
549,SENSORS_F75375S
550,SCSI_ISCSI_ATTRS
551,SENSORS_LM95234
552,LEDS_LM355x
553,CRYPTO_CMAC
554,HID_PRIMAX
555,HID_ZYDACRON
556,SENSORS_NPCM7XX
557,SENSORS_APPLESMC
558,SENSORS_LTC2945
559,MEDIA_TUNER_TDA18271
560,LEDS_LP3952
561,LEDS_LP5523
562,I2C_AMD756_S4882
563,SENSORS_PCF8591
564,HID_WALTOP
565,SENSORS_MC13783_ADC
566,LPC_SCH
567,CRYPTO_ECDH
568,SENSORS_SHTC1
569,V4L2_FWNODE
570,I2C_ALI1535
571,RMI4_CORE
572,HWMON
573,LEDS_PCA955X
574,HID_KENSINGTON
575,PERF_EVENTS_INTEL_RAPL
576,SENSORS_AXI_FAN_CONTROL
577,SND_HDA_CODEC_CONEXANT
578,SENSORS_TMP401
579,IIO_BUFFER_CB
580,HID_ZEROPLUS
581,HID_SAMSUNG
582,SND_HDA_CODEC_ANALOG
583,HID_EMS_FF
584,DRM_R128
585,HID_COUGAR
586,HID_SUNPLUS
587,SND_MPU401_UART
588,SND_SOC_MSM8916_WCD_ANALOG
589,HID_SENSOR_HUB
590,IP_SCTP
591,IRQ_FASTEOI_HIERARCHY_HANDLERS
592,USB4
593,FB_S1D13XXX
594,LEDS_LM3532
595,I2C_DESIGNWARE_PCI
596,SCSI_SRP_ATTRS
597,BMC150_MAGN
598,MEDIA_TUNER
599,UIO_PCI_GENERIC
600,HID_MULTITOUCH
601,REGULATOR_ARIZONA_LDO1
602,HID_ORTEK
603,I2C_MUX_GPIO
604,DRM_VIA
605,HID_RMI
606,DRM_MGA
607,REGMAP_SOUNDWIRE
608,SENSORS_IT87
609,SND_SOC_WM8996
610,I2C_SIS96X
611,SND_SOC_WM1250_EV1
612,SENSORS_DELL_SMM
613,SENSORS_LTC4260
614,SND_SOC_AMD_ACP3x
615,VIDEO_V4L2
616,SND_SOC_WM_ADSP
617,SND_SOC_RT1011
618,LEDS_LP8501
619,SND_SOC_WM8983
620,SND_SOC_WM8900
621,SND_SOC_WM8988
622,SND_SOC_WM8995
623,SND_SOC_DA7210
624,LEDS_BLINKM
625,SND_SOC_RT1015
626,CRYPTO_DEFLATE
627,SND_SOC_AD193X
628,SND_SOC_ADAU1781
629,SND_SOC_ADAU1977
630,SND_SOC_ADAV80X
631,SND_SOC_MAX9877
632,SND_SOC_RT5665
633,SND_SOC_MAX9768
634,SND_SOC_MAX98371
635,SND_SOC_TLV320DAC33
636,SND_SOC_DA732X
637,SND_SOC_DA9055
638,SND_SOC_STA529
639,SND_SOC_RT1308
640,SND_SOC_ADAV803
641,SND_SOC_ADAU1781_I2C
642,SND_SOC_DA7218
643,SND_SOC_MAX98925
644,SND_SOC_RT5668
645,SND_SOC_SSM2518
646,SND_SOC_WM9090
647,SND_SOC_WM8990
648,SND_SOC_WM8961
649,SND_SOC_WM8955
650,SND_SOC_AK4641
651,SND_SOC_ML26124
652,SND_SOC_WM2200
653,SND_SOC_ADAU1373
654,SND_SOC_AK4535
655,SND_SOC_LM49453
656,SND_SOC_WM8971
657,SND_SOC_ISABELLE
658,SND_SOC_ADAU1977_I2C
659,SND_SOC_MAX98926
660,SND_SOC_UDA1380
661,SND_SOC_WM8940
662,SND_SOC_RT274
663,SND_SOC_RT1305
664,SND_SOC_RT5659
665,SND_SOC_AK4671
666,SND_SOC_LM4857
667,SND_SOC_WM2000
668,SND_SOC_WM8991
669,SND_SOC_WM8993
670,SND_SOC_AD193X_I2C
671,SND_SOC_MAX9850
672,WIMAX
673,BACKLIGHT_QCOM_WLED
674,SENSORS_SMSC47B397
675,MEDIA_TUNER_SI2157
676,SND_SOC_AMD_RENOIR
677,HID_MAYFLASH
678,VIDEO_CX25840
679,BMI160
680,SND_HDA_CODEC_SI3054
681,SND_SOC_WL1273
682,SND_SOC_CS47L90
683,SND_SOC_PCM3008
684,SND_SOC_CS47L92
685,SND_SOC_ICS43432
686,SND_SOC_CQ0093VC
687,SND_SOC_MADERA
688,SND_SOC_WM8727
689,SND_SOC_CS47L85
690,SND_SOC_AD73311
691,SND_SOC_ADS117X
692,SND_SOC_ALL_CODECS
693,SND_SOC_CS47L15
694,SND_SOC_PCM5102A
695,SND_SOC_CS47L35
696,SND_SOC_L3
697,SND_SOC_UDA134X
698,I2C_SIS630
699,BMC150_MAGN_I2C
700,HID_STEAM
701,HID_THRUSTMASTER
702,AGP
703,GPIO_ML_IOH
704,DRM_SAVAGE
705,RMI4_I2C
706,MEDIA_TUNER_QM1D1C0042
707,AD5592R_BASE
708,INV_MPU6050_IIO
709,SENSORS_NTC_THERMISTOR
710,W1_MASTER_MATROX
711,MPL115
712,EXTCON_FSA9480
713,SND_SOC_WM9081
714,HID_PLANTRONICS
715,SND_HDA_CODEC_VIA
716,UIO_AEC
717,HID_CMEDIA
718,GPIO_ICH
719,SND_SOC_WM5100
720,HID_NTI
721,LEDS_LM3530
722,HID_MONTEREY
723,DRM_TDFX
724,MMC_CQHCI
725,SENSORS_MAX197
726,VIRTIO_VSOCKETS_COMMON
727,SND_SOC_ALC5632
728,HID_TIVO
729,SND_SEQ_DEVICE
730,MXM_WMI
731,AD5686
732,IIO_CONFIGFS
733,HID_GFRM
734,HID_XINMO
735,HID_MACALLY
736,HID_GLORIOUS
737,HID_CHERRY
738,COMMON_CLK_SI5341
739,VIDEO_MSP3400
740,MCP4018
741,HID_BELKIN
742,I2C_EMEV2
743,UIO_CIF
744,VIDEO_WM8775
745,HID_AUREAL
746,COMMON_CLK_CDCE706
747,MPL3115
748,CRYPTO_CRC32
749,BACKLIGHT_SAHARA
750,HID_MAGICMOUSE
751,MEDIA_TUNER_TDA18212
752,I2C_ALGOPCA
753,HW_RANDOM_INTEL
754,SENSORS_HMC5843
755,BACKLIGHT_GPIO
756,HID_GREENASIA
757,KUNIT_TEST
758,ADXL372
759,SND_HDA_CODEC_SIGMATEL
760,GPIO_WM8994
761,SENSORS_LIS3_I2C
762,HID_LCPOWER
763,KUNIT_EXAMPLE_TEST
764,HID_PANTHERLORD
765,VIDEO_SAA711X
766,BCH
767,SND_HDA_CODEC_CA0110
768,HW_RANDOM_AMD
769,CRYPTO_LIB_BLAKE2S
770,SND_SOC_MAX98095
771,HID_STEELSERIES
772,SND_HDA_CODEC_HDMI
773,CRYPTO_GCM
774,MTD_NAND_ECC_SW_HAMMING
775,SND_SOC_RT5677
776,HID_VIEWSONIC
777,ABP060MG
778,HID_DRAGONRISE
779,VL6180
780,TMP007
781,SX9310
782,SENSORS_W83627EHF
783,SENSORS_ASPEED
784,SND_SOC_WM_HUBS
785,SND_SOC_WM8994
786,FAILOVER
787,APDS9300
788,LEDS_GPIO
789,FXAS21002C_I2C
790,MEDIA_TUNER_QT1010
791,MMA7455
792,HID_CYPRESS
793,I2C_CHARDEV
794,KXCJK1013
795,TPL0102
796,HID_JABRA
797,HID_PICOLCD
798,LV0104CS
799,SCSI_SAS_LIBSAS
800,COMMON_CLK_SI5351
801,DRM_GM12U320
802,MEDIA_TUNER_MXL5005S
803,NVME_CORE
804,SOUND
805,HID_MALTRON
806,DRM_DEBUG_MM
807,HID_ALPS
808,HID_SAITEK
809,LEDS_MC13783
810,STP
811,MFD_JANZ_CMODIO
812,EXT4_KUNIT_TESTS
813,INTEL_MIC_BUS
814,SENSORS_MENF21BMC_HWMON
815,CRYPTO_LIB_ARC4
816,HID_A4TECH
817,SRF08
818,AMD_NB
819,MEDIA_TUNER_MT2063
820,VLAN_8021Q
821,NFC
822,HID_LOGITECH_HIDPP
823,CONNECTOR
824,FB_VIRTUAL
825,CM32181
826,HID_KEYTOUCH
827,HID_PETALYNX
828,HID_EZKEY
829,SENSORS_AMD_ENERGY
830,SENSORS_F71805F
831,HP206C
832,REGULATOR_MC13XXX_CORE
833,SENSORS_NCT6683
834,AD5272
835,INPUT_SPARSEKMAP
836,ALTERA_STAPL
837,DLHL60D
838,MMA9551
839,LIDAR_LITE_V2
840,MEDIA_TUNER_R820T
841,GPIO_RDC321X
842,INTEL_MEI_TXE
843,HABANA_AI
844,GENWQE
845,HID_GEMBIRD
846,REGMAP_I2C
847,I2C
848,SENSORS_F71882FG
849,HID_UDRAW_PS3
850,CRYPTO_LIB_CURVE25519
851,VIDEO_SAA717X
852,APDS9960
853,UIO_MF624
854,VMWARE_VMCI
855,SENSORS_PC87360
856,HID_GENERIC
857,SND_INTEL_DSP_CONFIG
858,SENSIRION_SGP30
859,ATLAS_PH_SENSOR
860,BACKLIGHT_LM3533
861,IPMI_SI
862,VIDEO_CS53L32A
863,LEDS_TLC591XX
864,SENSORS_W83627HF
865,SENSORS_VT1211
866,AD799X
867,CRYPTO_GHASH
868,TORTURE_TEST
869,HID_ICADE
870,SENSORS_RM3100
871,MMA7660
872,STK8BA50
873,IIO_ST_GYRO_I2C_3AXIS
874,HID_MICROSOFT
875,MFD_MT6360
876,REGMAP_SLIMBUS
877,MS5637
878,AL3010
879,COMMON_CLK_CS2000_CP
880,MTD_INTEL_VR_NOR
881,HTS221_I2C
882,VIDEO_SAA7127
883,BACKLIGHT_GENERIC
884,FXOS8700
885,BT_HCIVHCI
886,MEDIA_TUNER_TUA9001
887,BOARD_TPCI200
888,UHID
889,VEML6070
890,NOA1305
891,COMMON_CLK_SI544
892,AGP_AMD64
893,I2C_CROS_EC_TUNNEL
894,MEDIA_TUNER_MT2060
895,MFD_WL1273_CORE
896,HID_SENSOR_IIO_TRIGGER
897,HID_SENSOR_IIO_COMMON
898,BMC150_ACCEL_I2C
899,MMA8452
900,PHANTOM
901,IIO_ST_MAGN_I2C_3AXIS
902,UNIX
903,GAMEPORT_FM801
904,SI7020
905,FXAS21002C
906,MMC_TIFM_SD
907,HID_REDRAGON
908,TSYS02D
909,LLC
910,SENSORS_VIA_CPUTEMP
911,W1_SLAVE_DS2780
912,MEDIA_TUNER_MXL5007T
913,LTC2497
914,MMC_TOSHIBA_PCI
915,VCNL4000
916,MFD_INTEL_QUARK_I2C_GPIO
917,CHARGER_BQ24190
918,M62332
919,MEDIA_TUNER_XC5000
920,AD5696_I2C
921,APPLICOM
922,CHARGER_LP8727
923,SND_SOC_FSL_MQS
924,CLKSRC_MMIO
925,MEDIA_TUNER_XC2028
926,TIMER_PROBE
927,TIMER_OF
928,AD5380
929,MPL115_I2C
930,NVME_FABRICS
931,DA280
932,BMP280_I2C
933,MFD_TPS65086
934,SI7005
935,AM2315
936,SENSORS_PC87427
937,W1_SLAVE_DS2781
938,MXC6255
939,RAID6_PQ
940,BLK_DEV_SD
941,VIDEO_TVAUDIO
942,BH1780
943,MAX5432
944,TSL2772
945,HID_ACRUX
946,SENSORS_SMSC47M1
947,TSL4531
948,PSAMPLE
949,SENSORS_AS370
950,AFE4404
951,SENSORS_CORETEMP
952,ATLAS_EZO_SENSOR
953,LTC2485
954,GPIO_PCI_IDIO_16
955,INV_MPU6050_I2C
956,MAX9611
957,AD5593R
958,HP_ILO
959,MAX1363
960,MTD_RAM
961,TCS3472
962,PINCTRL_PXA
963,HID_ELECOM
964,BMI160_I2C
965,SENSORS_TSL2563
966,GP2AP020A00F
967,GAMEPORT_EMU10K1
968,SENSORS_NCT6775
969,SENSORS_MAX34440
970,MFD_MAX14577
971,FB_UVESA
972,TSL2583
973,MAX44009
974,SENSORS_INSPUR_IPSPS
975,I2C_HID
976,SI1133
977,SCIF_BUS
978,MFD_MAX77693
979,PCI_ENDPOINT_TEST
980,RPR0521
981,CHARGER_BQ24735
982,MFD_INTEL_LPSS_PCI
983,MLX90632
984,ACPI_BUTTON
985,GPIO_TPS65912
986,LMP91000
987,SENSORS_XDPE122
988,TI_ADC081C
989,BMG160_I2C
990,DNS_RESOLVER
991,HP03
992,GPIO_TPS65086
993,MMC_VIA_SDMMC
994,REGMAP_W1
995,BATTERY_MAX1721X
996,BATTERY_MAX17040
997,VIDEO_WM8739
998,RAPIDIO
999,CHARGER_SBS
1000,SENSORS_IIO_HWMON
1001,SENSORS_IBMPEX
1002,VIDEO_TDA9840
1003,LEDS_CLASS
1004,VIDEO_CS3308
1005,SENSORS_ISL29018
1006,ISL29125
1007,SI1145
1008,APPLE_GMUX
1009,MFD_MAX8907
1010,VIDEO_DEV
1011,MAX30100
1012,VIDEO_TDA7432
1013,CHARGER_BD99954
1014,TSYS01
1015,MB1232
1016,ICP10100
1017,SENSORS_MAX20730
1018,MAG3110
1019,AGP_SIS
1020,MEDIA_SUPPORT
1021,MEDIA_TUNER_MXL301RF
1022,NTB
1023,GPIO_SCH
1024,SERIO_I8042
1025,LIBCRC32C
1026,SENSORS_ZL6100
1027,XOR_BLOCKS
1028,MLX90614
1029,DMARD09
1030,VIDEO_SAA6588
1031,HTU21
1032,IIO_BUFFER_HW_CONSUMER
1033,BT_MRVL
1034,I2C_SIMTEC
1035,HTS221
1036,TI_DAC5571
1037,MTD_NAND_DENALI
1038,VIDEO_TW2804
1039,LTC2471
1040,MAX30102
1041,TCS3414
1042,JBD2
1043,IIO_ST_LSM6DSX_I2C
1044,AGP_INTEL
1045,MEDIA_TUNER_MC44S803
1046,IIO_ST_GYRO_3AXIS
1047,LEDS_AS3645A
1048,MTD_NAND_CORE
1049,INPUT_LEDS
1050,MAX44000
1051,LEDS_TI_LMU_COMMON
1052,MEDIA_TUNER_TDA8290
1053,ZPA2326_I2C
1054,PCI_STUB
1055,MTD_PMC551
1056,TPS65010
1057,DMARD10
1058,HID_SENSOR_CUSTOM_SENSOR
1059,PUNIT_ATOM_DEBUG
1060,ISL29501
1061,MMA9553
1062,NET_IFE
1063,VZ89X
1064,EEPROM_AT24
1065,VCNL4035
1066,MEDIA_TUNER_TEA5761
1067,W1_SLAVE_DS28E04
1068,EXTCON_PTN5150
1069,VIDEO_TVP7002
1070,GPIO_MAX730X
1071,BMA400_I2C
1072,LEDS_MENF21BMC
1073,TI_ADS1015
1074,TMP006
1075,LAPB
1076,SENSORS_TPS40422
1077,XFS_FS
1078,SND_SOC_STAC9766
1079,SND_SOC_WM9713
1080,SND_SOC_WM9705
1081,SND_SOC_AD1980
1082,MFD_PCF50633
1083,BRIDGE
1084,MMA7455_I2C
1085,MCP4725
1086,BACKLIGHT_PCF50633
1087,I2C_CBUS_GPIO
1088,SENSORS_MAX20751
1089,MFD_DA9150
1090,MDIO_BCM_UNIMAC
1091,EXTCON_SM5502
1092,UBSAN_SANITIZE_ALL
1093,IAQCORE
1094,MAX517
1095,DVB_NXT200X
1096,AD7091R5
1097,MMC_CB710
1098,ADXL372_I2C
1099,MEDIA_TUNER_TEA5767
1100,CHARGER_BQ2415X
1101,RAPIDIO_TSI568
1102,ADI_AXI_ADC
1103,IIO_BUFFER_DMAENGINE
1104,IIO_BUFFER_DMA
1105,MEDIA_TUNER_FC0012
1106,NFC_DIGITAL
1107,REGMAP_AC97
1108,SND_SOC_WM9712
1109,VIDEO_TW9906
1110,CHARGER_BQ25890
1111,LTR501
1112,MXC4005
1113,ISL29020
1114,GPIO_BT8XX
1115,VIDEO_SAA6752HS
1116,SCSI_FC_ATTRS
1117,APDS9802ALS
1118,MISC_ALCOR_PCI
1119,HDC100X
1120,MCP4531
1121,MEMSTICK_JMICRON_38X
1122,FIREWIRE_OHCI
1123,VIDEO_TLV320AIC23B
1124,TCG_TIS_ST33ZP24
1125,GPIO_JANZ_TTL
1126,DRM_TTM_DMA_PAGE_POOL
1127,FPGA_MGR_ALTERA_CVP
1128,W1_SLAVE_DS2408
1129,EXT4_FS
1130,SENSORS_PXE1610
1131,MISC_RTSX_PCI
1132,I2C_XILINX
1133,ST_UVIS25_I2C
1134,KMX61
1135,AD5446
1136,GPIO_VX855
1137,SENSORS_SHT15
1138,AK09911
1139,SND_OXYGEN_LIB
1140,FPGA_REGION
1141,W1_SLAVE_DS2438
1142,BATTERY_SBS
1143,RFD77402
1144,SENSORS_UCD9000
1145,I2C_PCA_PLATFORM
1146,SENSORS_MAX16601
1147,RAPIDIO_CHMAN
1148,BACKLIGHT_SKY81452
1149,SENSORS_BEL_PFE
1150,NAU7802
1151,MEDIA_TUNER_FC0013
1152,STK8312
1153,MEDIA_TUNER_TDA18250
1154,SENSORS_LTC3815
1155,MTD_CFI
1156,US5182D
1157,RAPIDIO_RXS_GEN3
1158,VIDEO_TVP514X
1159,SENSORS_PMBUS
1160,FB_SM501
1161,VIDEO_TW9903
1162,SENSORS_HMC5843_I2C
1163,MEDIA_TUNER_MT2266
1164,MFD_DA9062
1165,MEDIA_TUNER_MT2131
1166,CHR_DEV_SG
1167,VEML6030
1168,SENSORS_DRIVETEMP
1169,AL3320A
1170,CM3232
1171,MEDIA_TUNER_IT913X
1172,MEDIA_TUNER_MAX2165
1173,USB_CHIPIDEA
1174,SENSORS_RM3100_I2C
1175,SPS30
1176,RAPIDIO_TSI57X
1177,I2C_NFORCE2_S4985
1178,GPIO_PCF857X
1179,VIDEO_TW9910
1180,HID_LENOVO
1181,EEPROM_LEGACY
1182,SAMSUNG_LAPTOP
1183,CM3323
1184,VCNL3020
1185,SENSORS_IR35221
1186,SENSORS_MAX16064
1187,CRYPTO_USER_API
1188,INET6_TUNNEL
1189,NTB_SWITCHTEC
1190,DRM_KOMEDA
1191,BH1750
1192,LEDS_MT6323
1193,DLM
1194,DRM_UDL
1195,IIO_ST_MAGN_3AXIS
1196,REGULATOR_WM8994
1197,MCB_PCI
1198,FIREWIRE_NOSY
1199,BMP280
1200,AD7291
1201,MEDIA_TUNER_M88RS6000T
1202,NFC_PN533_I2C
1203,VIDEO_VP27SMPX
1204,ITG3200
1205,EXTCON_MAX14577
1206,MPU3050
1207,MPU3050_I2C
1208,RMI4_F03_SERIO
1209,IKHEADERS
1210,MEDIA_TUNER_XC4000
1211,SND_SOC_WCD9335
1212,VIDEO_ADV7604
1213,NTB_TRANSPORT
1214,GPIO_PCIE_IDIO_24
1215,CCS811
1216,PERF_EVENTS_AMD_POWER
1217,MEDIA_TUNER_E4000
1218,GPIO_ADP5588
1219,MEDIA_TUNER_SIMPLE
1220,CAIF
1221,DRM_MXSFB
1222,INTEL_PCH_THERMAL
1223,VIDEO_UPD64083
1224,OPT3001
1225,NOTIFIER_ERROR_INJECTION
1226,EXTCON_RT8973A
1227,VIDEO_ADV7170
1228,LEDS_USER
1229,AGP_VIA
1230,IPV6_TUNNEL
1231,CRYPTO_ECC
1232,MCP3422
1233,BMG160
1234,MFD_ARIZONA_I2C
1235,BATMAN_ADV
1236,MODULE_SIG_FORCE
1237,W1_SLAVE_DS2405
1238,CHARGER_RT9455
1239,MEDIA_TUNER_FC2580
1240,VIDEO_UPD64031A
1241,SENSORS_LM25066
1242,PA12203001
1243,VIDEO_AD9389B
1244,MFD_88PM805
1245,MEDIA_TUNER_TDA18218
1246,I2C_GPIO
1247,SENSORS_LTC2978
1248,AD7606
1249,SND_SOC_AMD_CZ_RT5645_MACH
1250,MEDIA_TUNER_QM1D1B0004
1251,CHARGER_SMB347
1252,JSA1212
1253,BME680_I2C
1254,DA311
1255,DRM_SII902X
1256,CHARGER_ADP5061
1257,LEDS_TPS6105X
1258,VIDEO_TEA6415C
1259,RAPIDIO_MPORT_CDEV
1260,MMC35240
1261,FXOS8700_I2C
1262,VIDEO_CS5345
1263,VIDEO_UDA1342
1264,DRM_PANEL_ASUS_Z00T_TM5P5_NT35596
1265,W1_SLAVE_THERM
1266,EEPROM_MAX6875
1267,ICS932S401
1268,VIDEO_SONY_BTF_MPX
1269,DVB_LGDT330X
1270,BATTERY_GAUGE_LTC2941
1271,MEDIA_TUNER_MT20XX
1272,GPIO_MAX732X
1273,INTEL_ISH_FIRMWARE_DOWNLOADER
1274,DRM_DW_HDMI
1275,MFD_SEC_CORE
1276,NET_MPLS_GSO
1277,VSOCKETS
1278,COMMON_CLK_MAX9485
1279,DVB_TS2020
1280,SENSORS_TSL2550
1281,RAPIDIO_CPS_XX
1282,MFD_BD9571MWV
1283,BATTERY_BQ27XXX_I2C
1284,CHARGER_PCF50633
1285,SENSORS_UCD9200
1286,VIDEO_THS8200
1287,DVB_TDA1004X
1288,VIDEO_BT866
1289,SENSORS_ADM1275
1290,TPS6507X
1291,BATTERY_MAX17042
1292,VIDEO_TVEEPROM
1293,MEDIA_TUNER_FC0011
1294,VIDEO_I2C
1295,LEDS_LM3601X
1296,XFRM_IPCOMP
1297,LEDS_TRIGGER_AUDIO
1298,DRM_PANEL_SIMPLE
1299,SENSORS_IRPS5401
1300,SND_SOC_AMD_CZ_DA7219MX98357_MACH
1301,VIDEO_ADV7842
1302,SND_SOC_ARIZONA
1303,DVB_AU8522
1304,CRYPTO_ECHAINIV
1305,EXTCON_MAX77693
1306,T5403
1307,IIO_SW_TRIGGER
1308,I2C_KEMPLD
1309,NTB_INTEL
1310,X86_DECODER_SELFTEST
1311,HW_RANDOM_VIRTIO
1312,LEDS_SGM3140
1313,XFRM_AH
1314,MFD_SI476X_CORE
1315,VIDEO_TEA6420
1316,BT_INTEL
1317,ATALK
1318,MFD_TPS65912
1319,I2C_PARPORT
1320,DVB_PLL
1321,YENTA
1322,CHARGER_MAX77693
1323,VIDEO_BT856
1324,I2C_OCORES
1325,REGULATOR_PV88090
1326,DVB_M88DS3103
1327,CAN_VCAN
1328,W1_SLAVE_DS250X
1329,GPIO_MAX7300
1330,CRYPTO_LZO
1331,MFD_TI_LMU
1332,DS1682
1333,ATM
1334,PCF50633_GPIO
1335,INET_SCTP_DIAG
1336,SENSORS_TPS53679
1337,GPIO_PCA953X
1338,IEEE802154
1339,NTB_PINGPONG
1340,VIDEO_M52790
1341,RESET_HISI
1342,BMC150_ACCEL
1343,SCSI
1344,PERF_EVENTS_INTEL_CSTATE
1345,SENSORS_IBM_CFFPS
1346,MC3230
1347,CHR_DEV_ST
1348,STK3310
1349,NET_9P
1350,W1_MASTER_SGI
1351,BCM7XXX_PHY
1352,DS4424
1353,REGULATOR_PCF50633
1354,IIO_ST_LSM6DSX
1355,W1_SLAVE_DS2406
1356,X25
1357,COMMON_CLK_MEDIATEK
1358,SENSORS_IR38064
1359,GPIO_AMD8111
1360,MFD_TI_LP873X
1361,MTD_CFI_INTELEXT
1362,SND_SEQ_DUMMY
1363,RPMSG_CHAR
1364,GNSS_SERIAL
1365,NTB_AMD
1366,NTB_TOOL
1367,CRYPTO_BLAKE2B
1368,MODULE_SIG_ALL
1369,CRYPTO_USER
1370,DRM_PANEL_LVDS
1371,INGENIC_CGU_COMMON
1372,PERF_EVENTS_INTEL_UNCORE
1373,CHARGER_BQ24257
1374,SCSI_ENCLOSURE
1375,ST_UVIS25
1376,REGULATOR_LP8755
1377,MFD_MC13XXX
1378,INTEL_TH_PCI
1379,AD5064
1380,SATA_AHCI
1381,BATTERY_CW2015
1382,SND_SOC_SOF
1383,SND_SOC_MC13783
1384,REGMAP_SCCB
1385,VL53L0X_I2C
1386,W1_MASTER_GPIO
1387,REGULATOR_ACT8865
1388,VIDEO_VPX3220
1389,VIDEO_KS0127
1390,W1_SLAVE_DS2413
1391,CROS_EC_I2C
1392,SND_SOC_TI_SDMA_PCM
1393,SENSORS_APDS990X
1394,FB_IMSTT
1395,NFC_HCI
1396,COMMON_CLK_IPROC
1397,TCG_TIS_ST33ZP24_I2C
1398,VIDEO_ADV7175
1399,REGULATOR_SLG51000
1400,PPS_CLIENT_KTIMER
1401,DVB_ZL10353
1402,SND_SOC_FSL_EASRC
1403,REGULATOR_AD5398
1404,MFD_TPS65912_I2C
1405,DRM_RCAR_DW_HDMI
1406,DVB_S5H1420
1407,RAPIDIO_CPS_GEN2
1408,CHR_DEV_SCH
1409,BATTERY_BQ27XXX_HDQ
1410,W1_SLAVE_DS2423
1411,TRIM_UNUSED_KSYMS
1412,SX9500
1413,BATTERY_DS2760
1414,INTEL_SOC_DTS_IOSF_CORE
1415,FUJITSU_LAPTOP
1416,NTB_PERF
1417,VIDEO_ADV7180
1418,DVB_TDA10023
1419,DRM_PANEL_SAMSUNG_S6E63J0X03
1420,DVB_STV090x
1421,SND_MESON_CODEC_GLUE
1422,NLS_UTF8
1423,SM_FTL
1424,GP2AP002
1425,DPS310
1426,FB_UDL
1427,GPIO_TPIC2810
1428,PCF50633_ADC
1429,SENSORS_IBMAEM
1430,PING
1431,DVB_AF9013
1432,DRM_PANEL_PANASONIC_VVX10F034N00
1433,DVB_VES1820
1434,LEDS_REGULATOR
1435,BLK_DEV_NVME
1436,SND_OPL3_LIB
1437,CC10001_ADC
1438,VITESSE_PHY
1439,DVB_STV0299
1440,VIDEO_OV7670
1441,ADJD_S311
1442,CRYPTO_LIB_CURVE25519_GENERIC
1443,VIDEO_ADV7393
1444,DS1803
1445,DVB_RTL2832
1446,OPENVSWITCH
1447,UNIX_DIAG
1448,DRM_PANEL_ELIDA_KD35T133
1449,SENSORS_ISL29028
1450,NET_UDP_TUNNEL
1451,ADUX1020
1452,RFD_FTL
1453,SND_MESON_AXG_TDM_INTERFACE
1454,SND_MESON_AXG_TDM_FORMATTER
1455,DRM_PANEL_SAMSUNG_S6D16D0
1456,MFD_IQS62X
1457,MDIO_THUNDER
1458,MTD_RAW_NAND
1459,MAC802154
1460,RFKILL
1461,USB_CHIPIDEA_MSM
1462,BME680
1463,MTD_SLRAM
1464,EEPROM_IDT_89HPESX
1465,HSR
1466,BATTERY_RT5033
1467,INFINIBAND
1468,INPUT_POLLDEV
1469,MEMSTICK_R592
1470,INFTL
1471,TPS6105X
1472,SENSORS_BH1770
1473,MEMSTICK_TIFM_MS
1474,DVB_CXD2841ER
1475,W1_MASTER_DS1WM
1476,NTB_IDT
1477,ZOPT2201
1478,W1_SLAVE_DS2433
1479,MFD_MC13XXX_I2C
1480,EXTCON_ADC_JACK
1481,MTD_BLKDEVS
1482,SND_SOC_TI_EDMA_PCM
1483,DVB_TDA18271C2DD
1484,DRM_PANEL_SHARP_LQ101R1SX01
1485,CRYPTO_LZ4HC
1486,LZ4HC_COMPRESS
1487,SENSORS_MAX8688
1488,REGULATOR_BD9571MWV
1489,FB_SMSCUFX
1490,DVB_MT352
1491,GPIO_UCB1400
1492,IPV6
1493,INET_TUNNEL
1494,DVB_CX24116
1495,CEPH_LIB
1496,CAN
1497,ZSTD_COMPRESS
1498,NETDEV_NOTIFIER_ERROR_INJECT
1499,CRYPTO_USER_API_RNG
1500,BATTERY_DA9150
1501,QCOM_VADC_COMMON
1502,DVB_STV0910
1503,REGULATOR_FAN53555
1504,NVME_TARGET_FC
1505,MFD_DA9063
1506,SERIO_PS2MULT
1507,VIDEO_TVP5150
1508,EEPROM_93CX6
1509,BACKLIGHT_CARILLO_RANCH
1510,MFD_SUN6I_PRCM
1511,DRM_PANEL_XINPENG_XPP055C272
1512,VSOCKETS_LOOPBACK
1513,MFD_MENF21BMC
1514,ASUS_LAPTOP
1515,CAIF_USB
1516,DRM_PANEL_FEIYANG_FY07024DI26A30D
1517,CEC_CORE
1518,DRM_SII9234
1519,PHONET
1520,NETLINK_DIAG
1521,NFC_NCI
1522,DRM_PANEL_OSD_OSD101T2587_53TS
1523,XFRM_ESP
1524,DRM_NWL_MIPI_DSI
1525,VIDEO_SAA7110
1526,CAIF_NETDEV
1527,PACKET
1528,INPUT_MOUSEDEV
1529,DRM_TI_TPD12S015
1530,MFD_LM3533
1531,MMC_MTK
1532,HMC425
1533,DRM_SIL_SII8620
1534,DVB_STV6110x
1535,INPUT_EVDEV
1536,ZSTD_DECOMPRESS
1537,PPS_CLIENT_GPIO
1538,MFD_88PM800
1539,REGULATOR_PFUZE100
1540,REGULATOR_TPS6507X
1541,DVB_DS3000
1542,SENSORS_ISL68137
1543,SND_VX_LIB
1544,SRF04
1545,DVB_S5H1411
1546,DRM_ANALOGIX_ANX6345
1547,MTD_CFI_STAA
1548,MTD_PHYSMAP
1549,HX711
1550,DRM_PANEL_RAYDIUM_RM68200
1551,VIDEO_BT819
1552,CFG80211
1553,DRM_PARADE_PS8640
1554,DRM_PANEL_ORISETECH_OTM8009A
1555,IIO_HRTIMER_TRIGGER
1556,DVB_ISL6423
1557,MFD_AXP20X_I2C
1558,MFD_AXP20X
1559,PCI_DOMAINS
1560,PCI_LOCKLESS_CONFIG
1561,PCI_DIRECT
1562,PMC_ATOM
1563,PCI
1564,EXTCON_ARIZONA
1565,GPIO_BD9571MWV
1566,DRM_SIS
1567,DRM_NXP_PTN3460
1568,DVB_STV0288
1569,REALTEK_PHY
1570,REGULATOR_S2MPA01
1571,REGULATOR_MP8859
1572,DA9150_GPADC
1573,HP_WMI
1574,GPIO_LP873X
1575,DRM_ARCPGU
1576,QRTR
1577,VIDEO_THS7303
1578,VIDEO_TUNER
1579,GENERIC_ADC_THERMAL
1580,MTD_SM_COMMON
1581,MTD_NAND_RICOH
1582,REGULATOR_LP3972
1583,HMC6352
1584,DVB_STB0899
1585,MTD_PCI
1586,DVB_TDA826X
1587,UIO_DMEM_GENIRQ
1588,VIDEO_ADV7343
1589,DRM_PANEL_RAYDIUM_RM67191
1590,CM36651
1591,TCM_PSCSI
1592,DRM_PANEL_TRULY_NT35597_WQXGA
1593,BMA400
1594,DRM_CHRONTEL_CH7033
1595,DVB_ISL6421
1596,DRM_PANEL_SITRONIX_ST7701
1597,DRM_CDNS_DSI
1598,NVME_TARGET
1599,MSI_WMI
1600,DRM_RCAR_LVDS
1601,MS5611
1602,REGULATOR_MAX14577
1603,IIO_ST_PRESS_I2C
1604,EEPROM_EE1004
1605,CHARGER_MAX14577
1606,DVB_MT312
1607,SERIO_CT82C710
1608,DRM_LVDS_CODEC
1609,DVB_CX24123
1610,DRM_PANEL_OLIMEX_LCD_OLINUXINO
1611,L2TP
1612,DRM_PARADE_PS8622
1613,DRM_PANEL_RONBO_RB070D30
1614,REGULATOR_TPS65912
1615,SERIO_GPIO_PS2
1616,CAN_BCM
1617,NXP_TJA11XX_PHY
1618,SND_SOC_ES8328_SPI
1619,DVB_CX24120
1620,DVB_TC90522
1621,DVB_ZL10039
1622,AD525X_DPOT_I2C
1623,DRM_THINE_THC63LVD1024
1624,MFD_LP3943
1625,ATM_LANE
1626,CRYPTO_GF128MUL
1627,IPV6_FOU
1628,I2C_AMD_MP2
1629,REGULATOR_MC13783
1630,NLS_CODEPAGE_869
1631,PACKET_DIAG
1632,I2C_DESIGNWARE_PLATFORM
1633,USERIO
1634,DRM_PANEL_INNOLUX_P079ZCA
1635,FS_MBCACHE
1636,BLK_MQ_PCI
1637,IIO_KFIFO_BUF
1638,DRM_TOSHIBA_TC358764
1639,CROS_EC_DEBUGFS
1640,CROS_EC_SENSORHUB
1641,MTD_BLOCK2MTD
1642,IIO_TRIGGERED_BUFFER
1643,IIO
1644,DVB_TDA10086
1645,REGULATOR_DA9211
1646,FIXED_PHY
1647,SENSORS_MAX31785
1648,TCG_TIS_I2C_INFINEON
1649,REGULATOR_ROHM
1650,VIDEO_ML86V7667
1651,IIO_SYSFS_TRIGGER
1652,DELL_SMBIOS
1653,FB_SSD1307
1654,BLK_DEV_RZ1000
1655,BTRFS_FS
1656,DRM_PANEL_KINGDISPLAY_KD097D04
1657,DRM_PANEL_BOE_TV101WUM_NL6
1658,MTD_NAND_DENALI_PCI
1659,REGULATOR_TPS51632
1660,COMMON_CLK_SAMSUNG
1661,GFS2_FS
1662,DRM_PANEL_SONY_ACX424AKP
1663,I2C_MLXCPLD
1664,DVB_TUNER_ITD1000
1665,VIRTIO_VSOCKETS
1666,DVB_CX22702
1667,INPUT_JOYDEV
1668,VIDEO_AK881X
1669,IIO_INTERRUPT_TRIGGER
1670,SND_SUN8I_ADDA_PR_REGMAP
1671,ZPA2326
1672,DVB_LNBP21
1673,BACKLIGHT_LP855X
1674,DRM_PANEL_SAMSUNG_S6E8AA0
1675,DVB_STV0297
1676,DVB_SI2168
1677,DVB_MB86A20S
1678,AF_RXRPC
1679,LOCK_TORTURE_TEST
1680,NET_IP_TUNNEL
1681,NET_IPVTI
1682,LEDS_LM3533
1683,BACKLIGHT_RAVE_SP
1684,DRM_PANEL_FEIXIN_K101_IM2BA02
1685,MMC_SDHCI_PCI
1686,XILINX_PR_DECOUPLER
1687,TCG_TIS_I2C_ATMEL
1688,DVB_TUNER_CX24113
1689,REGULATOR_TPS6105X
1690,ACPI_WMI
1691,VIDEO_APTINA_PLL
1692,LEDS_MLXREG
1693,DRM_TOSHIBA_TC358768
1694,LZO_COMPRESS
1695,MMC_USDHI6ROL0
1696,VIDEO_TDA1997X
1697,MFD_SKY81452
1698,DVB_TDA8083
1699,DRM_MIPI_DBI
1700,DVB_STV6111
1701,X86_MSR
1702,DECNET
1703,DRM_I2C_ADV7511
1704,VIDEOBUF2_DMA_CONTIG
1705,VSOCKETS_DIAG
1706,GPIO_AMD_FCH
1707,DVB_A8293
1708,I82092
1709,HID_SENSOR_GYRO_3D
1710,W1_SLAVE_DS2430
1711,XILLYBUS
1712,DVB_STV0900
1713,RC_CORE
1714,DRM_MEGACHIPS_STDPXXXX_GE_B850V3_FW
1715,DVB_DRXK
1716,SND_MESON_CARD_UTILS
1717,ISL29003
1718,REGULATOR_TPS65023
1719,AD7606_IFACE_PARALLEL
1720,BATTERY_DS2782
1721,NET_FOU
1722,SND_SOC_ACPI
1723,REGULATOR_LP3971
1724,PCI_PF_STUB
1725,RCU_PERF_TEST
1726,MTD_CMDLINE_PARTS
1727,BLK_DEV_IT821X
1728,SATA_SIL24
1729,DMABUF_SELFTESTS
1730,MFD_BCM590XX
1731,IOMMU_IO_PGTABLE
1732,SND_SOC_ACPI_INTEL_MATCH
1733,USB_CHIPIDEA_GENERIC
1734,SERIO_ALTERA_PS2
1735,FPGA_BRIDGE
1736,VIDEO_SR030PC30
1737,REGULATOR_MAX77826
1738,INPUT_FF_MEMLESS
1739,KXSD9
1740,DVB_LG2160
1741,VIDEO_SAA7185
1742,DELL_WMI_AIO
1743,DRM_PANEL_SHARP_LS043T1LE01
1744,DHT11
1745,DRM_SIMPLE_BRIDGE
1746,UIO_PRUSS
1747,CAN_DEV
1748,SATA_ACARD_AHCI
1749,DRM_PANEL_NOVATEK_NT35510
1750,DVB_ZL10036
1751,MTD_REDBOOT_PARTS
1752,DVB_ATBM8830
1753,W1_SLAVE_DS2805
1754,NLS_CODEPAGE_855
1755,BT_HCIBTSDIO
1756,SND_MESON_AXG_FIFO
1757,BLK_DEV_JMICRON
1758,DVB_CXD2099
1759,DRM_PANEL_SAMSUNG_S6E88A0_AMS452EF01
1760,NLS_MAC_GREEK
1761,DVB_SI2165
1762,NET_9P_VIRTIO
1763,CROS_EC_ISHTP
1764,REGULATOR_TPS65086
1765,DRM_PANEL_SAMSUNG_S6E3HA2
1766,MTD_ROM
1767,DRM_PANEL_BOE_HIMAX8279D
1768,MMU_NOTIFIER
1769,VIDEO_ADV7183
1770,DRM_TI_TFP410
1771,CAN_GW
1772,DVB_S5H1432
1773,REGULATOR_88PG86X
1774,ALIENWARE_WMI
1775,BLK_DEV_OPTI621
1776,DVB_LGDT3305
1777,DVB_S5H1409
1778,INTEL_SPEED_SELECT_INTERFACE
1779,NLS_CODEPAGE_1251
1780,REGULATOR_DA9210
1781,MSPRO_BLOCK
1782,DVB_TDA10021
1783,MTD_CFI_AMDSTD
1784,VIDEO_TC358743
1785,NVME_TARGET_LOOP
1786,VOP
1787,DVB_TDA10071
1788,SSFDC
1789,REGULATOR_MAX77693
1790,MTD_UBI
1791,NLS_ISO8859_4
1792,HID_SENSOR_ACCEL_3D
1793,RDS
1794,MFD_RETU
1795,MFD_RT5033
1796,INT3406_THERMAL
1797,LEDS_CLASS_FLASH
1798,DVB_STB6000
1799,CROS_USBPD_NOTIFY
1800,MTD_DOCG3
1801,REGULATOR_PV88080
1802,DVB_DIB3000MC
1803,LLC2
1804,CRYPTO_MD4
1805,W1_SLAVE_SMEM
1806,VIDEO_ST_MIPID02
1807,DRM_PANEL_LEADTEK_LTK500HD1829
1808,SERIO_RAW
1809,NLS_ISO8859_13
1810,CROS_EC_CHARDEV
1811,IOMMU_IO_PGTABLE_LPAE
1812,AXP288_ADC
1813,NFC_ST_NCI
1814,FTL
1815,PINCTRL_MCP23S08_I2C
1816,DRM_PANEL_ILITEK_ILI9881C
1817,DVB_TDA10048
1818,BACKLIGHT_LM3630A
1819,IIO_SW_DEVICE
1820,DVB_LGDT3306A
1821,PWM_LPSS
1822,FPGA_DFL_FME
1823,DRM_TI_SN65DSI86
1824,LG_LAPTOP
1825,BT_MTKSDIO
1826,ATA
1827,REGULATOR_MAX8952
1828,BLK_DEV_IT8213
1829,MTD_CFI_UTIL
1830,MTD_GEN_PROBE
1831,AQUANTIA_PHY
1832,SERIO_ARC_PS2
1833,REGULATOR_ISL9305
1834,COMMON_CLK_BD718XX
1835,F2FS_FS
1836,GPIO_LP3943
1837,CRYPTO_USER_API_AEAD
1838,NLS_MAC_TURKISH
1839,EDAC_I5000
1840,REGULATOR_S5M8767
1841,SOC_BRCMSTB
1842,DRM_PANEL_JDI_LT070ME05000
1843,DVB_BCM3510
1844,MDIO_I2C
1845,SFP
1846,MMC_HSQ
1847,REGULATOR_DA9062
1848,RC_MAP
1849,CRYPTO_CAMELLIA_AESNI_AVX_X86_64
1850,MTD_ABSENT
1851,AXP20X_POWER
1852,REGULATOR_ISL6271A
1853,DVB_CORE
1854,INPUT_EVBUG
1855,CRYPTO_USER_API_SKCIPHER
1856,SND_SOC_WSA881X
1857,BLK_DEV_SLC90E66
1858,DRM_DISPLAY_CONNECTOR
1859,MP2629_ADC
1860,VIDEOBUF2_DMA_SG
1861,NLS_CODEPAGE_950
1862,CRYPTO_FCRYPT
1863,REGULATOR_TPS65132
1864,MICROCHIP_PHY
1865,DRM_PANEL_VISIONOX_RM69299
1866,REGULATOR_LM363X
1867,DVB_EC100
1868,CAN_RAW
1869,DVB_L64781
1870,NLS_KOI8_R
1871,SERIO_PARKBD
1872,LEDS_INTEL_SS4200
1873,BLK_DEV_ALI15X3
1874,DRM_PANEL_SEIKO_43WVF1G
1875,WMI_BMOF
1876,INTEL_WMI_SBL_FW_UPDATE
1877,CRC4
1878,ALTERA_FREEZE_BRIDGE
1879,DVB_ASCOT2E
1880,NTFS_FS
1881,CRYPTO_LZ4
1882,NVRAM
1883,IIO_ST_PRESS
1884,VIDEO_S5K5BAF
1885,CRYPTO_CAST6
1886,DRM_PANEL_ROCKTECH_JH057N00900
1887,MFD_MP2629
1888,INET6_IPCOMP
1889,INET6_XFRM_TUNNEL
1890,NFTL
1891,DVB_TUNER_DIB0070
1892,DRM_TOSHIBA_TC358767
1893,REGULATOR_FIXED_VOLTAGE
1894,PPS
1895,BLK_DEV_PIIX
1896,MTD_PLATRAM
1897,BCM_NET_PHYLIB
1898,KUNIT_ALL_TESTS
1899,DVB_STV0367
1900,NOP_USB_XCEIV
1901,BLK_DEV_PDC202XX_OLD
1902,CRYPTO_XXHASH
1903,LEDS_LM36274
1904,EXTCON_USBC_CROS_EC
1905,XFRM_ALGO
1906,CRYPTO_USER_API_HASH
1907,CRYPTO_MD5
1908,QRTR_TUN
1909,BLK_DEV_AMD74XX
1910,MFD_MADERA_I2C
1911,BLK_DEV_TC86C001
1912,BT_MTKUART
1913,DVB_RTL2830
1914,CRYPTO_LIB_BLAKE2S_GENERIC
1915,W1_SLAVE_DS2431
1916,REGULATOR_S2MPS11
1917,SND_SOC_RT711
1918,SND_SOC_RT711_SDW
1919,DVB_DIB7000P
1920,DVB_AF9033
1921,BCM54140_PHY
1922,BLK_DEV_HPT366
1923,SND_AUDIO_GRAPH_CARD
1924,NLS_CODEPAGE_936
1925,PWM_LPSS_PCI
1926,DVB_M88RS2000
1927,XILINX_XADC
1928,IPMI_WATCHDOG
1929,STM_DUMMY
1930,DRM_PANEL_LEADTEK_LTK050H3146W
1931,PANEL
1932,NLS_CODEPAGE_864
1933,TCM_IBLOCK
1934,FB_ASILIANT
1935,DVB_LNBH25
1936,DVB_LGS8GXX
1937,DVB_CXD2820R
1938,SND_LAYLA20
1939,MTD_MTDRAM
1940,GAMEPORT_L4
1941,BLK_DEV_VIA82CXXX
1942,REGULATOR_MAX8907
1943,MS_BLOCK
1944,REGULATOR_LP872X
1945,UIO
1946,NLS_ISO8859_6
1947,DVB_MN88472
1948,CAN_VXCAN
1949,SND_SOC_RT1308_SDW
1950,AD525X_DPOT
1951,SND_SOC_RT5682_SDW
1952,PINCTRL_DA9062
1953,LOOPBACK_TARGET
1954,PCI_ATS
1955,SATA_INIC162X
1956,DVB_SP8870
1957,NET_IPGRE_DEMUX
1958,FPGA_DFL
1959,CRYPTO_NHPOLY1305
1960,HID_SENSOR_HUMIDITY
1961,INTEL_PMC_CORE
1962,DVB_DIB3000MB
1963,DRM_PANEL_ARM_VERSATILE
1964,MTD_OOPS
1965,UIO_PDRV_GENIRQ
1966,MQ_IOSCHED_KYBER
1967,TCG_ATMEL
1968,REGULATOR_AXP20X
1969,XFRM_INTERFACE
1970,PCI_LABEL
1971,SND_SOC_AMD_RENOIR_MACH
1972,BLK_DEV_GENERIC
1973,REGULATOR_LTC3676
1974,IPMB_DEVICE_INTERFACE
1975,REGULATOR_MAX8649
1976,BLK_DEV_PLATFORM
1977,INTEL_XWAY_PHY
1978,DVB_TDA665x
1979,INTEL_TH_PTI
1980,NLS_ASCII
1981,MMC_ALCOR
1982,HW_RANDOM_VIA
1983,PPP
1984,GRO_CELLS
1985,EXT3_FS
1986,SERIAL_8250_PCI
1987,AUTOFS_FS
1988,DP83TC811_PHY
1989,VIDEO_VS6624
1990,GAMEPORT_NS558
1991,VIDEO_OV7251
1992,CRYPTO_SEQIV
1993,BQL
1994,DQL
1995,NLS_CODEPAGE_857
1996,MMC_TEST
1997,FAT_FS
1998,CROS_EC_SYSFS
1999,NLS_MAC_GAELIC
2000,AF_KCM
2001,TCG_TIS_I2C_NUVOTON
2002,IPMI_SSIF
2003,DVB_MN88473
2004,MOST
2005,NLS_MAC_ROMANIAN
2006,HID_SENSOR_DEVICE_ROTATION
2007,BLK_DEV_AEC62XX
2008,DVB_HORUS3A
2009,IDE_GD
2010,CRYPTO_PCBC
2011,SND_ICE1724
2012,MTD_NAND_CAFE
2013,MTD_BLOCK
2014,XIAOMI_WMI
2015,DVB_LNBP22
2016,INPUT_MATRIXKMAP
2017,PARPORT_PANEL
2018,NET
2019,NET_RX_BUSY_POLL
2020,NLATTR
2021,HW_RANDOM_TIMERIOMEM
2022,NILFS2_FS
2023,MDIO_XPCS
2024,NLS_ISO8859_14
2025,SND_SOC_RT700_SDW
2026,SND_SOC_RT700
2027,VIDEO_MT9V032
2028,REGULATOR_MC13892
2029,BLK_DEV_SVWKS
2030,VIDEO_MT9M001
2031,MMC_SDHCI
2032,NLS_ISO8859_8
2033,INTEL_ATOMISP2_PM
2034,NLS_MAC_CYRILLIC
2035,DVB_TDA8261
2036,HID_SENSOR_MAGNETOMETER_3D
2037,MTD_SCB2_FLASH
2038,DVB_DIB7000M
2039,DVB_CX24117
2040,PHYLINK
2041,ARCNET
2042,INFINIBAND_USER_ACCESS
2043,REGULATOR_PV88060
2044,SND_INTEL8X0
2045,VIDEO_MT9T001
2046,CRYPTO_NHPOLY1305_SSE2
2047,REGULATOR_MT6311
2048,IOSCHED_BFQ
2049,GENERIC_ADC_BATTERY
2050,CRC_ITU_T
2051,6LOWPAN
2052,I2C_ROBOTFUZZ_OSIF
2053,TLS
2054,IEEE802154_SOCKET
2055,HID_CORSAIR
2056,PEAQ_WMI
2057,CACHEFILES
2058,BACKLIGHT_APPLE
2059,DVB_SP2
2060,INTEL_TH_GTH
2061,DVB_VES1X93
2062,GPIO_KEMPLD
2063,INTEL_WMI_THUNDERBOLT
2064,PPPOE
2065,MTD_NAND_NANDSIM
2066,CAN_J1939
2067,SND_SOC_RT715_SDW
2068,SND_SOC_RT715
2069,SND_SOC_OMAP_MCBSP
2070,SND_SOC_ZL38060
2071,SND_SOC_OMAP_DMIC
2072,MS5611_I2C
2073,MTD_LPDDR
2074,MTD_QINFO_PROBE
2075,DVB_STB6100
2076,SATA_AHCI_PLATFORM
2077,DVB_LNBH29
2078,DVB_TUNER_DIB0090
2079,DVB_AU8522_DTV
2080,REGULATOR_MAX1586
2081,INET6_AH
2082,LXT_PHY
2083,INTEGRATOR_AP_TIMER
2084,VIDEO_SMIAPP_PLL
2085,VIDEO_SMIAPP
2086,MFD_WCD934X
2087,NLS_CODEPAGE_861
2088,DVB_SP887X
2089,XFRM_USER
2090,VIDEO_OV9640
2091,DEV_APPLETALK
2092,CROS_EC_LIGHTBAR
2093,TINYDRM_ST7735R
2094,AXP288_FUEL_GAUGE
2095,ISO9660_FS
2096,BCM84881_PHY
2097,PARPORT_PC
2098,DRM_PANEL_SHARP_LS037V7DW01
2099,MICROSEMI_PHY
2100,PD6729
2101,SND_ENS1370
2102,MMC_REALTEK_PCI
2103,RAVE_SP_CORE
2104,TOSHIBA_WMI
2105,CRYPTO_POLY1305
2106,IPMI_POWEROFF
2107,NLS_CODEPAGE_850
2108,BACKLIGHT_LED
2109,CUSE
2110,LEDS_AN30259A
2111,RFKILL_GPIO
2112,SMSC_PHY
2113,SLHC
2114,CRYPTO_BLOWFISH_COMMON
2115,RCU_TORTURE_TEST
2116,ACPI_THERMAL_REL
2117,INT340X_THERMAL
2118,DVB_SI21XX
2119,FDDI
2120,ACPI_FAN
2121,DVB_CX22700
2122,BLK_DEV_SIIMAGE
2123,RDS_TCP
2124,NFC_PN532_UART
2125,DVB_ZD1301_DEMOD
2126,IDE_GENERIC
2127,DVB_ISL6405
2128,REGMAP_SPMI
2129,EDAC_X38
2130,IIO_SIMPLE_DUMMY
2131,SND_MIA
2132,PHY_TUSB1210
2133,VIDEO_OV5670
2134,SENSORS_ACPI_POWER
2135,SND_SOC_CS4271_SPI
2136,MMC_SDHCI_PLTFM
2137,EXTCON_GPIO
2138,SND_SEQ_VIRMIDI
2139,NLS_CODEPAGE_866
2140,GNSS_MTK_SERIAL
2141,BLK_DEV_SIS5513
2142,IPV6_MIP6
2143,EDAC_I5100
2144,SND_RME32
2145,USB_SISUSBVGA
2146,PPP_MPPE
2147,BLK_DEV_TRIFLEX
2148,REGULATOR_RT5033
2149,HID_SENSOR_INCLINOMETER_3D
2150,VIDEOBUF_GEN
2151,MTD_PHRAM
2152,VIDEO_OV5647
2153,HID_SENSOR_PROX
2154,NET_FAILOVER
2155,I2C_DIOLAN_U2C
2156,ACER_WMI
2157,HID_SENSOR_ALS
2158,SENSORS_LM3533
2159,NLS_ISO8859_2
2160,STACKDEPOT
2161,TRUSTED_KEYS
2162,NET_DROP_MONITOR
2163,DVB_CX24110
2164,NET_IPIP
2165,TINYDRM_REPAPER
2166,HID_SENSOR_TEMP
2167,SMS_SIANO_MDTV
2168,ALTERA_PR_IP_CORE
2169,PHY_QCOM_USB_HS
2170,LEDS_NIC78BX
2171,RDMA_SIW
2172,BROADCOM_PHY
2173,SND_BT87X
2174,SND_SOC_CX20442
2175,INFINIBAND_USER_MAD
2176,WATCHDOG_PRETIMEOUT_GOV_SEL
2177,C2PORT_DURAMAR_2150
2178,NLS_ISO8859_9
2179,USB_GPIO_VBUS
2180,MTD_NAND_ARASAN
2181,VIDEO_OV2640
2182,MODULE_FORCE_UNLOAD
2183,SND_VIA82XX_MODEM
2184,DST_CACHE
2185,INET
2186,XFRM
2187,W1
2188,V4L2_FLASH_LED_CLASS
2189,VIDEO_IMX219
2190,SND_RME96
2191,TCM_FILEIO
2192,IPV6_VTI
2193,MDIO
2194,SND_SOC_OMAP_MCPDM
2195,REGULATOR_BCM590XX
2196,VIDEO_AD5820
2197,INET_DIAG
2198,INET_TCP_DIAG
2199,DVB_NXT6000
2200,SND_ATIIXP
2201,BLK_DEV_PDC202XX_NEW
2202,PPDEV
2203,IBM_RTL
2204,BLK_DEV_CMD640
2205,FPGA_DFL_PCI
2206,VIDEO_OV2685
2207,PMS7003
2208,BLK_DEV_TRM290
2209,STM_SOURCE_CONSOLE
2210,QCOM_EBI2
2211,GPIO_MADERA
2212,MDIO_CAVIUM
2213,INTEL_SOC_DTS_THERMAL
2214,DVB_HELENE
2215,NLS_CODEPAGE_1250
2216,VIDEO_SAA7146
2217,MMC_BLOCK
2218,SND_HDSPM
2219,DVB_OR51132
2220,DVB_DRXD
2221,KXSD9_I2C
2222,REGULATOR_LTC3589
2223,MMC
2224,CRYPTO_ZSTD
2225,GPIO_SIOX
2226,USB_HSIC_USB3503
2227,INTEL_SOC_PMIC_CHTDC_TI
2228,SND_INDIGOIOX
2229,BLK_DEV_IT8172
2230,SND_OPL3_LIB_SEQ
2231,MEMSTICK_REALTEK_PCI
2232,VIDEO_MT9V011
2233,CRC7
2234,MTD_NAND_MXIC
2235,SND_SEQ_MIDI_EMUL
2236,VIDEO_ADP1653
2237,STM_PROTO_BASIC
2238,SLIM_QCOM_CTRL
2239,BLK_DEV_NS87415
2240,SND_SOC_SSM2602_SPI
2241,DCA
2242,INTEL_IOATDMA
2243,MARVELL_10G_PHY
2244,BACKLIGHT_PWM
2245,SND_VIRTUOSO
2246,UDF_FS
2247,NET_KEY
2248,BLK_DEV_ATIIXP
2249,CRYPTO_CRC32C_INTEL
2250,SND_LAYLA24
2251,MDIO_MSCC_MIIM
2252,SND_SOC_WM8770
2253,SND_SOC_TLV320AIC23_SPI
2254,CHARGER_ISP1704
2255,LZ4_COMPRESS
2256,VIDEO_CX2341X
2257,MAC80211
2258,SND_SST_IPC
2259,SND_SST_ATOM_HIFI2_PLATFORM
2260,SND_SOC_PCM186X_SPI
2261,SENSORS_ATK0110
2262,VIDEO_NOON010PC30
2263,DVB_S921
2264,VIDEO_OV7640
2265,INET_AH
2266,IIO_ST_LSM6DSX_I3C
2267,REGMAP_I3C
2268,REGULATOR_SKY81452
2269,MESON_MX_SOCINFO
2270,PANASONIC_LAPTOP
2271,SND_CMIPCI
2272,VIDEO_HI556
2273,SERIAL_8250_LPSS
2274,REGULATOR_TPS62360
2275,MTD
2276,MUX_ADG792A
2277,CAN_CC770
2278,SND_RIPTIDE
2279,REGULATOR_MAX8660
2280,REISERFS_FS
2281,TCG_VTPM_PROXY
2282,EDAC_I5400
2283,VIDEO_OV13858
2284,SERIAL_DEV_BUS
2285,NLS_CODEPAGE_437
2286,SND_VIA82XX
2287,LSI_ET1011C_PHY
2288,HID_SENSOR_PRESS
2289,DP83822_PHY
2290,TINYDRM_ILI9225
2291,IPV6_SIT
2292,DVB_DIB8000
2293,I2C_SLAVE_EEPROM
2294,MTD_AR7_PARTS
2295,KUNIT_DRIVER_PE_TEST
2296,TARGET_CORE
2297,CRYPTO_SM4
2298,VIDEO_OV2659
2299,PM_NOTIFIER_ERROR_INJECT
2300,BCM2835_TIMER
2301,VIDEO_MT9P031
2302,IPMI_DEVICE_INTERFACE
2303,SND_ASIHPI
2304,TINYDRM_HX8357D
2305,LEDS_IS31FL32XX
2306,NATIONAL_PHY
2307,RAW_DRIVER
2308,MDIO_BUS
2309,SND_PXA2XX_SOC
2310,SND_PXA2XX_LIB
2311,DELL_WMI_LED
2312,SND_CTXFI
2313,AMD_PHY
2314,SENSORS_DA9052_ADC
2315,VIDEO_ET8EK8
2316,BT1_AXI
2317,GPIO_MENZ127
2318,TI_AM335X_ADC
2319,VIDEO_IMX214
2320,EDAC_I7300
2321,MICREL_PHY
2322,SND_CS4281
2323,HSI_CHAR
2324,SND_AU8830
2325,TINYDRM_ST7586
2326,CRYPTO_SEED
2327,SND_SOC_CYGNUS
2328,TCM_USER2
2329,VIDEO_IR_I2C
2330,AX88796B_PHY
2331,TERANETICS_PHY
2332,MTD_CK804XROM
2333,SND_SOC_STM32_I2S
2334,ARM_INTEGRATOR_LM
2335,EXTCON_USB_GPIO
2336,USB_HCD_SSB
2337,BLK_DEV_CMD64X
2338,INTEL_TH_MSU
2339,NLS_CODEPAGE_932
2340,SND_FM801
2341,LEDS_IS31FL319X
2342,ASM9260_TIMER
2343,SND_LX6464ES
2344,SND_YMFPCI
2345,CRC64
2346,VIDEO_OV8856
2347,VIDEO_OV9650
2348,LOCALVERSION_AUTO
2349,CRYPTO_ARCH_HAVE_LIB_CURVE25519
2350,CRYPTO_CURVE25519_X86
2351,CRYPTO_CRCT10DIF_PCLMUL
2352,STM_PROTO_SYS_T
2353,PPS_CLIENT_PARPORT
2354,SND_SOC_IMG_PISTACHIO_INTERNAL_DAC
2355,LOONGSON_PCH_PIC
2356,EDAC_E752X
2357,NLS_ISO8859_1
2358,USB_WDM
2359,SND_KORG1212
2360,SND_HDA_INTEL
2361,CRYPTO_ARCH_HAVE_LIB_POLY1305
2362,CRYPTO_POLY1305_X86_64
2363,ICPLUS_PHY
2364,MTD_HYPERBUS
2365,REGULATOR_88PM800
2366,PPP_BSDCOMP
2367,VIDEO_OV772X
2368,PPP_DEFLATE
2369,PHY_INTEL_EMMC
2370,ATLAS7_TIMER
2371,INET6_ESP
2372,USB_ULPI_BUS
2373,AUTOFS4_FS
2374,JFS_FS
2375,COMMON_CLK_RK808
2376,SENSORS_ABITUGURU3
2377,EDAC_I3200
2378,QSEMI_PHY
2379,INET_IPCOMP
2380,INET_XFRM_TUNNEL
2381,INFINIBAND_MTHCA
2382,CRYPTO_SERPENT_AVX_X86_64
2383,NLS_CODEPAGE_852
2384,VIDEO_S5K4ECGX
2385,CRYPTO_CHACHA20POLY1305
2386,DVB_MB86A16
2387,QCOM_SPMI_ADC5
2388,CRYPTO_STREEBOG
2389,SND_SOC_AK4104
2390,NLS_MAC_ICELAND
2391,DVB_DIB9000
2392,SOC_TEGRA20_VOLTAGE_COUPLER
2393,MTD_ONENAND
2394,VIDEO_IMX355
2395,SND_CA0106
2396,IP_DCCP
2397,SND_AW2
2398,BCM87XX_PHY
2399,LCD_PLATFORM
2400,SND_MIXER_OSS
2401,DAVICOM_PHY
2402,I2C_TINY_USB
2403,AXP20X_ADC
2404,INFINIBAND_OPA_VNIC
2405,MTD_UBI_GLUEBI
2406,VIDEO_LM3560
2407,IIO_TIGHTLOOP_TRIGGER
2408,USB_U_AUDIO
2409,TINYDRM_ILI9486
2410,VIDEO_ADV7511
2411,QRTR_SMD
2412,SND_ECHO3G
2413,VIDEO_MT9T112
2414,LEDS_TRIGGER_NETDEV
2415,ACPI_HOTPLUG_IOAPIC
2416,L2TP_DEBUGFS
2417,SKB_EXTENSIONS
2418,SND_MONA
2419,SND_SOC_ROCKCHIP_I2S
2420,SND_SOC_PCM512x_SPI
2421,SND_ATIIXP_MODEM
2422,USB_F_ECM
2423,TCG_NSC
2424,SERIAL_8250_EXAR
2425,SND_NM256
2426,ATMEL_ST
2427,SND_INDIGODJX
2428,VIDEO_IMX274
2429,NPCM7XX_TIMER
2430,CRYPTO_TWOFISH_X86_64_3WAY
2431,FW_CFG_SYSFS
2432,CORTINA_PHY
2433,I2C_DLN2
2434,CRYPTO_CAST5
2435,IMX_IRQSTEER
2436,DVB_OR51211
2437,MLX_PLATFORM
2438,DVB_IX2505V
2439,NET_DSA_TAG_MTK
2440,CRYPTO_CAMELLIA_X86_64
2441,EDAC_I82975X
2442,SSB
2443,USB_HSIC_USB4604
2444,SND_INDIGODJ
2445,SND_CS46XX
2446,SND_EP93XX_SOC
2447,OCFS2_FS
2448,CNIC
2449,VIDEO_MT9V111
2450,VIDEO_MT9M111
2451,VIDEO_M5MOLS
2452,NLS_CODEPAGE_865
2453,SND_VX222
2454,NET_DEVLINK
2455,NET_DSA_TAG_LAN9303
2456,SND_AU8810
2457,DVB_B2C2_FLEXCOP
2458,SOC_RENESAS
2459,SYSC_RCAR
2460,NLS_CODEPAGE_862
2461,STREAM_PARSER
2462,MTD_NAND_DISKONCHIP
2463,SMC
2464,DVB_TUA6100
2465,NLS_KOI8_U
2466,SOC_IMX8M
2467,SCSI_MPT3SAS
2468,SND_INDIGOIO
2469,W1_MASTER_DS2490
2470,SENSORS_WM831X
2471,ACPI_CMPC
2472,SND_INDIGO
2473,VIDEO_OV2680
2474,MARVELL_PHY
2475,RENESAS_RZA1_IRQC
2476,HISILICON_LPC
2477,GNSS_SIRF_SERIAL
2478,NFC_ST_NCI_I2C
2479,NFC_S3FWRN5
2480,NFC_S3FWRN5_I2C
2481,USB_HUB_USB251XB
2482,CAN_M_CAN
2483,TCG_TIS_CORE
2484,DVB_DRX39XYJ
2485,INET_ESP
2486,NFC_SIM
2487,ISCSI_BOOT_SYSFS
2488,USB_LINK_LAYER_TEST
2489,COMMON_CLK_SI514
2490,INTEL_IDXD
2491,PHYLIB
2492,DIMLIB
2493,SND_BCM2835_SOC_I2S
2494,CRYPTO_SHA3
2495,STM_SOURCE_HEARTBEAT
2496,DVB_MXL5XX
2497,NLS_MAC_CENTEURO
2498,PHY_CPCAP_USB
2499,ARCNET_RIM_I
2500,SND_MESON_AIU
2501,SND_AU8820
2502,ZX_SPDIF
2503,VIDEO_OV7740
2504,SND_SOC_IMG_I2S_OUT
2505,VIDEO_IMX319
2506,SND_SOC_IMG_I2S_IN
2507,QCOM_SPMI_IADC
2508,HID_ELAN
2509,DVB_MN88443X
2510,DW_DMAC_PCI
2511,Z3FOLD
2512,SERIAL_8250_MID
2513,XILINX_GMII2RGMII
2514,I2C_SCMI
2515,CRYPTO_TEA
2516,SND_SUN4I_I2S
2517,INTERVAL_TREE
2518,TINYDRM_MI0283QT
2519,CLKSRC_DBX500_PRCMU
2520,USB_XHCI_PLATFORM
2521,SND_SOC_WCD934X
2522,PRINTER
2523,VIDEO_OV2740
2524,CRYPTO_RMD128
2525,NET_DSA_TAG_DSA
2526,SUN4I_TIMER
2527,SND_SOC_SIRF
2528,SND_DARLA20
2529,VIDEO_RJ54N1
2530,PCMCIA
2531,MFD_TI_AM335X_TSCADC
2532,CONFIGFS_FS
2533,DRM_DW_HDMI_CEC
2534,VIDEO_IMX290
2535,SND_LOLA
2536,NET_IPGRE
2537,VIDEO_S5K6AA
2538,BACKLIGHT_DA9052
2539,SND_HDSP
2540,BATTERY_BQ27XXX
2541,CRYPTO_SALSA20
2542,SND_SUN8I_CODEC_ANALOG
2543,USB_EHCI_HCD_PLATFORM
2544,TINYDRM_ILI9341
2545,BLK_DEV_IDETAPE
2546,BATTERY_DS2781
2547,OVERLAY_FS
2548,LEDS_TRIGGER_TRANSIENT
2549,MTD_NAND_PLATFORM
2550,SND_RME9652
2551,ACPI_TOSHIBA
2552,INTEL_MID_POWER_BUTTON
2553,GNSS_UBX_SERIAL
2554,842_COMPRESS
2555,842_DECOMPRESS
2556,CRYPTO_842
2557,I2C_DEMUX_PINCTRL
2558,CAN_IFI_CANFD
2559,NLS_CODEPAGE_737
2560,TTPCI_EEPROM
2561,SND_SOC_SPRD
2562,ARCNET_COM90xxIO
2563,NET_DSA_TAG_BRCM
2564,NLS_CODEPAGE_949
2565,VFAT_FS
2566,DVB_STV6110
2567,STE10XP
2568,SND_SOC_PCM179X_SPI
2569,FPGA_DFL_AFU
2570,SND_MESON_AXG_SPDIFOUT
2571,SND_SOC_UNIPHIER
2572,NLS_ISO8859_3
2573,SND_KIRKWOOD_SOC
2574,H8300_TPU
2575,SND_GINA20
2576,ZX_I2S
2577,BATTERY_DS2780
2578,NET_DSA_TAG_BRCM_PREPEND
2579,SND_SOC_TEGRA20_DAS
2580,CDNS_I3C_MASTER
2581,VIDEO_LM3646
2582,NLS_CODEPAGE_863
2583,NET_DSA_TAG_KSZ
2584,SND_SOC_ROCKCHIP
2585,ARMV7M_SYSTICK
2586,CRYPTO_AES_NI_INTEL
2587,COMMON_CLK_SI570
2588,VIDEO_OV5675
2589,SND_SOC_WM8804_SPI
2590,CRYPTO_CFB
2591,CRYPTO_NHPOLY1305_AVX2
2592,PVPANIC
2593,SND_MTPAV
2594,NFC_MEI_PHY
2595,SND_DUMMY
2596,PINCTRL_MCP23S08
2597,SND_SOC_PCM3168A_SPI
2598,PARPORT_AX88796
2599,NET_DSA_TAG_BRCM_COMMON
2600,VIDEO_OV6650
2601,DVB_AU8522_V4L
2602,MSDOS_FS
2603,SND_ALOOP
2604,B53
2605,USB_STORAGE
2606,DP83869_PHY
2607,NLS_MAC_ROMAN
2608,MFD_CROS_EC_DEV
2609,CRYPTO_CHACHA20
2610,CAN_C_CAN
2611,COMMON_CLK_VC5
2612,SND_MIXART
2613,VIRTIO_FS
2614,CHARGER_MAX8903
2615,EXTCON_MAX3355
2616,QCOM_SPMI_VADC
2617,NLS_MAC_INUIT
2618,NVMEM_SPMI_SDAM
2619,PHY_QCOM_USB_HSIC
2620,VIDEO_DW9807_VCM
2621,SND_SOC_TI_UDMA_PCM
2622,SND_SOC_DAVINCI_MCASP
2623,SND_MESON_AXG_FRDDR
2624,MTD_NAND_GPIO
2625,DP83848_PHY
2626,LEDS_LP8860
2627,SND_GINA24
2628,SCTP_DEFAULT_COOKIE_HMAC_MD5
2629,SCTP_COOKIE_HMAC_MD5
2630,SND_INTEL8X0M
2631,BACKLIGHT_TPS65217
2632,ACER_WIRELESS
2633,I2C_VIPERBOARD
2634,USB_MICROTEK
2635,SND_MESON_AXG_TDMOUT
2636,AT91_SOC_ID
2637,VIDEOBUF_VMALLOC
2638,USB_U_ETHER
2639,BT_HCIBFUSB
2640,SND_SOC_TEGRA
2641,TOPSTAR_LAPTOP
2642,NET_DSA
2643,NET_DSA_TAG_GSWIP
2644,EXFAT_FS
2645,VIDEO_AK7375
2646,SCSI_FDOMAIN
2647,SCSI_FDOMAIN_PCI
2648,DIGICOLOR_TIMER
2649,INET_RAW_DIAG
2650,PRIMA2_TIMER
2651,INET_UDP_DIAG
2652,SND_SOC_PCM3060_SPI
2653,CARDMAN_4040
2654,HID_BIGBEN_FF
2655,MTD_L440GX
2656,INTEL_HID_EVENT
2657,CRYPTO_ANSI_CPRNG
2658,CAN_SJA1000
2659,NFC_FDP
2660,SND_SOC_STM32_SAI
2661,EXT2_FS
2662,MTK_TIMER
2663,NLS_CODEPAGE_874
2664,RENESAS_H8S_INTC
2665,PM_GENERIC_DOMAINS
2666,ARCNET_RAW
2667,NVME_FC
2668,CRC32_SELFTEST
2669,INTEL_RAPL_CORE
2670,SCSI_SNIC
2671,EDAC_I3000
2672,REGULATOR_MT6397
2673,MDIO_DEVICE
2674,DVB_DUMMY_FE
2675,USB_F_MIDI
2676,LEDS_TRIGGER_CAMERA
2677,DVB_LGS8GL5
2678,GPIO_WINBOND
2679,SND_SOC_TLV320AIC32X4_SPI
2680,DELL_WMI_DESCRIPTOR
2681,REGULATOR_MT6323
2682,FB_SM750
2683,SOC_ZTE
2684,DRM_EXPORT_FOR_TESTS
2685,DW_I3C_MASTER
2686,SERIAL_JSM
2687,SND_SUN50I_CODEC_ANALOG
2688,ARCNET_COM20020
2689,SND_SOC_ADAU1761_SPI
2690,PCI_HOST_GENERIC
2691,SND_SAMSUNG_I2S
2692,CRYPTO_RNG_DEFAULT
2693,MTD_ESB2ROM
2694,CRYPTO_CHACHA20_X86_64
2695,CRYPTO_ARCH_HAVE_LIB_CHACHA
2696,MDIO_BITBANG
2697,FIREWIRE_SBP2
2698,H8300_TMR8
2699,SND_SOC_OMAP_HDMI
2700,INTEL_VBTN
2701,CRYPTO_ARC4
2702,TAHVO_USB
2703,MFD_KEMPLD
2704,EM_TIMER_STI
2705,EDAC_IE31200
2706,SND_SOC_RCAR
2707,CICADA_PHY
2708,SND_SOC_UNIPHIER_AIO
2709,ATM_CLIP
2710,SND_SOC_IMG_SPDIF_OUT
2711,RDA_TIMER
2712,TEST_POWER
2713,SND_IMX_SOC
2714,RESET_PISTACHIO
2715,NLS_ISO8859_5
2716,SCSI_AIC79XX
2717,QRTR_MHI
2718,LEDS_LM3692X
2719,ASYNC_TX_ENABLE_CHANNEL_SWITCH
2720,SND_MESON_G12A_TOHDMITX
2721,RENESAS_PHY
2722,CRYPTO_TWOFISH_X86_64
2723,INFINIBAND_RDMAVT
2724,ATMEL_PIT
2725,RAVE_SP_EEPROM
2726,SND_AD1889
2727,SND_MXS_SOC
2728,H8300_TMR16
2729,RADIO_TEA575X
2730,CRYPTO_CAMELLIA
2731,MII
2732,MTK_SCPSYS
2733,SND_SERIAL_U16550
2734,CORDIC
2735,NLS_MAC_CELTIC
2736,MD_RAID0
2737,SND_SOC_SH4_FSI
2738,QCOM_RPMH
2739,VIDEOBUF_DMA_SG
2740,SND_MESON_GX_SOUND_CARD
2741,SIOX_BUS_GPIO
2742,AK8974
2743,CRYPTO_MICHAEL_MIC
2744,SSB_PCIHOST_POSSIBLE
2745,IRQ_UNIPHIER_AIDET
2746,FEALNX
2747,SND_MESON_AXG_TDMIN
2748,GPIO_ADNP
2749,SCSI_AM53C974
2750,DAVINCI_TIMER
2751,SCSI_INIA100
2752,NLS_CODEPAGE_775
2753,RENESAS_OSTM
2754,USB_ISP1301
2755,FSCACHE
2756,GPIO_MB86S7X
2757,CHARGER_GPIO
2758,ASYNC_PQ
2759,ASYNC_RAID6_RECOV
2760,ASYNC_MEMCPY
2761,MD_RAID456
2762,USB_XHCI_PCI_RENESAS
2763,GPIO_DWAPB
2764,VIDEO_OV5695
2765,HID_MCP2221
2766,NET_DSA_TAG_EDSA
2767,XZ_DEC_TEST
2768,AT803X_PHY
2769,TEE
2770,SDR_MAX2175
2771,INGENIC_TCU_IRQ
2772,GPIO_PXA
2773,MFD_RK808
2774,INTEL_TH_STH
2775,DEBUG_MUTEXES
2776,USB_F_MASS_STORAGE
2777,SOUNDWIRE
2778,SND_SOC_STM32_SPDIFRX
2779,CLKSRC_ST_LPC
2780,RESET_ZYNQ
2781,INTEL_IPS
2782,THINKPAD_ACPI
2783,HW_RANDOM
2784,LOCKDEP
2785,DEBUG_LOCK_ALLOC
2786,VIDEO_SAA7146_VV
2787,VMWARE_VMCI_VSOCKETS
2788,JME
2789,USB_SL811_HCD
2790,HTC_PASIC3
2791,SND_SOC_MESON_T9015
2792,SND_SOC_SAMSUNG
2793,DEBUG_RT_MUTEXES
2794,SND_MESON_AXG_SPDIFIN
2795,INTEL_CHTDC_TI_PWRBTN
2796,SG_SPLIT
2797,ATM_BR2684
2798,NFC_NXP_NCI
2799,TIPC
2800,TYPEC_HD3SS3220
2801,USB_AUDIO
2802,HP_WIRELESS
2803,SND_MESON_AXG_SOUND_CARD
2804,IDE
2805,TYPEC_TCPM
2806,USBIP_CORE
2807,SND_DARLA24
2808,EDD
2809,CAN_PEAK_PCIEFD
2810,WARN_MISSING_DOCUMENTS
2811,USB_R8A66597_HCD
2812,USB_F_SUBSET
2813,SND_SOC_WM0010
2814,VIDEO_S5K6A3
2815,CLKSRC_PISTACHIO
2816,NET_DSA_SMSC_LAN9303
2817,NET_DSA_TAG_QCA
2818,SND_MESON_G12A_TOACODEC
2819,SPI_PXA2XX_PCI
2820,GREYBUS
2821,RESET_SOCFPGA
2822,SND_ENS1371
2823,MEGARAID_SAS
2824,MEMSTICK
2825,MEN_Z188_ADC
2826,USB_PRINTER
2827,NLS_MAC_CROATIAN
2828,BCMA
2829,COMMON_CLK_CDCE925
2830,SND_MPU401
2831,NLS_ISO8859_15
2832,VIDEO_IMX258
2833,KUNIT
2834,BT_HCIBTUSB
2835,MICROCHIP_T1_PHY
2836,ARCNET_CAP
2837,DEBUG_SPINLOCK
2838,INLINE_SPIN_UNLOCK_IRQ
2839,UNINLINE_SPIN_UNLOCK
2840,INLINE_WRITE_UNLOCK_IRQ
2841,INLINE_READ_UNLOCK
2842,INLINE_READ_UNLOCK_IRQ
2843,INLINE_WRITE_UNLOCK
2844,SND_SOC_IMG_PARALLEL_OUT
2845,TCP_CONG_CUBIC
2846,IPV6_GRE
2847,MFD_DLN2
2848,SND_SUN4I_CODEC
2849,SND_SOC_ADI
2850,SCSI_ACARD
2851,SND_MESON_AXG_TODDR
2852,HUAWEI_WMI
2853,GPIO_F7188X
2854,OWL_TIMER
2855,CHARGER_CROS_USBPD
2856,ADIN_PHY
2857,NETDEVSIM
2858,TCG_TIS
2859,ARCNET_COM90xx
2860,MAX5821
2861,MD_RAID1
2862,SND_OXYGEN
2863,SND_SOC_DAVINCI_VCIF
2864,SND_HRTIMER
2865,DP83867_PHY
2866,MESON6_TIMER
2867,ARCNET_1201
2868,TIMER_IMX_SYS_CTR
2869,USB_EZUSB_FX2
2870,SND_SOC_QCOM
2871,SND_SOC_ADAV801
2872,SND_SOC_ADAU1781_SPI
2873,SND_SOC_TLV320AIC26
2874,SND_SOC_AD193X_SPI
2875,SND_SOC_AD1836
2876,SND_SOC_ADAU1977_SPI
2877,USB_XHCI_HCD
2878,SND_SOC_STI
2879,ADXL345
2880,SH_TIMER_CMT
2881,REGULATOR_USERSPACE_CONSUMER
2882,USB_STORAGE_KARMA
2883,BNX2
2884,I8K
2885,I2C_MULTI_INSTANTIATE
2886,CARDMAN_4000
2887,TEGRA_TIMER
2888,GPIO_XILINX
2889,BCM_KONA_TIMER
2890,REGULATOR_MT6358
2891,CRYPTO_AES_TI
2892,I2C_RK3X
2893,CAN_SOFTING
2894,COUNTER
2895,GREYBUS_ES2
2896,ECRYPT_FS
2897,NET_DSA_MICROCHIP_KSZ_COMMON
2898,MCB_LPC
2899,CLKSRC_PXA
2900,ENCLOSURE_SERVICES
2901,OXNAS_RPS_TIMER
2902,VT8500_TIMER
2903,CRYPTO_AUTHENC
2904,SND_PCXHR
2905,SND_SST_IPC_PCI
2906,SND_SST_ATOM_HIFI2_PLATFORM_PCI
2907,NET_DSA_TAG_8021Q
2908,NET_DSA_TAG_SJA1105
2909,MESON_CLK_MEASURE
2910,BACKLIGHT_PANDORA
2911,GPIO_ZX
2912,SCSI_ISCI
2913,SND_SOC_TEGRA20_AC97
2914,CRYPTO_CAST6_AVX_X86_64
2915,MMC_USHC
2916,CLPS711X_TIMER
2917,RESET_SUNXI
2918,MESON_GX_SOCINFO
2919,MFD_RN5T618
2920,HID_ACCUTOUCH
2921,CRYPTO_SERPENT_AVX2_X86_64
2922,SND_SOC_SOF_PCI
2923,SURFACE_3_POWER_OPREGION
2924,PINCTRL_AS3722
2925,SCSI_AACRAID
2926,CRYPTO_LRW
2927,NET_DSA_TAG_TRAILER
2928,GPIO_IT87
2929,HID_ELO
2930,HP_ACCEL
2931,INTEL_TH
2932,IIO_CROS_EC_SENSORS_CORE
2933,CRYPTO_SHA256_SSSE3
2934,CRYPTO_TWOFISH_AVX_X86_64
2935,HID_HOLTEK
2936,CLKSRC_SAMSUNG_PWM
2937,ASUS_WIRELESS
2938,SURFACE_PRO3_BUTTON
2939,SCSI_VIRTIO
2940,USB_EHSET_TEST_FIXTURE
2941,SND_SOC_DAVINCI_ASP
2942,SCSI_DC395x
2943,CHARGER_DA9150
2944,CHARGER_LT3651
2945,BINFMT_SCRIPT
2946,MCB
2947,CRYPTO_ESSIV
2948,UX500_SOC_ID
2949,SERIO
2950,SND_SOC_IMG_SPDIF_IN
2951,LEDS_AW2013
2952,MFD_TPS65218
2953,SKFP
2954,LEDS_TRIGGER_GPIO
2955,SCSI_WD719X
2956,MDIO_GPIO
2957,CRYPTO_CTS
2958,DRM_DW_HDMI_I2S_AUDIO
2959,VIDEO_DW9714
2960,CRYPTO_XCBC
2961,CAN_KVASER_PCIEFD
2962,MFD_CROS_EC
2963,CRYPTO_SM3
2964,MTD_AMD76XROM
2965,NET_DSA_TAG_AR9331
2966,ASYNC_CORE
2967,ASYNC_XOR
2968,USB_MIDI_GADGET
2969,SCSI_AIC94XX
2970,CRYPTO_RMD160
2971,FSL_FTM_TIMER
2972,GPIO_DLN2
2973,SND_SOC_AMD_RV_RT5682_MACH
2974,SENSORS_GSC
2975,GPIO_BD71828
2976,CHARGER_DETECTOR_MAX14656
2977,SOC_SAMSUNG
2978,USB_IOWARRIOR
2979,USB_F_NCM
2980,SND_MESON_AXG_PDM
2981,MD_RAID10
2982,CRYPTO_BLOWFISH_X86_64
2983,SCSI_IPS
2984,PM_QOS_KUNIT_TEST
2985,PTP_1588_CLOCK_IDT82P33
2986,VF610_ADC
2987,CRYPTO_OFB
2988,SND_SOC_WM8400
2989,EXTCON_INTEL_INT3496
2990,KALLSYMS_ALL
2991,ACERHDF
2992,WW_MUTEX_SELFTEST
2993,QUOTA_TREE
2994,MXS_TIMER
2995,SENSORS_FTSTEUTATES
2996,USB_HID
2997,BT_HCIUART
2998,SCSI_MYRB
2999,IRQ_BYPASS_MANAGER
3000,USB_IDMOUSE
3001,BCM47XX_NVRAM
3002,NET_SOCK_MSG
3003,HID_PENMOUNT
3004,MISC_RTSX_USB
3005,IFCVF
3006,HID_BETOP_FF
3007,DRM_I810
3008,INET_ESP_OFFLOAD
3009,MFD_ROHM_BD71828
3010,CRYPTO_AEGIS128_AESNI_SSE2
3011,SIOX
3012,NOZOMI
3013,FUJITSU_TABLET
3014,SENSORS_GPIO_FAN
3015,CRYPTO_BLAKE2S_X86
3016,CRYPTO_ARCH_HAVE_LIB_BLAKE2S
3017,SND_PCM_OSS
3018,HT16K33
3019,SYSTEM76_ACPI
3020,LEDS_LT3593
3021,RPMSG_VIRTIO
3022,VIDEO_MT9M032
3023,CB710_DEBUG_ASSUMPTIONS
3024,CRYPTO_ECRDSA
3025,HID_U2FZERO
3026,USB_EHCI_HCD
3027,SND_SOC_IMX_PCM_DMA
3028,RPS
3029,NET_FLOW_LIMIT
3030,RFS_ACCEL
3031,CPU_RMAP
3032,CRYPTO_CAMELLIA_AESNI_AVX2_X86_64
3033,NLS_ISO8859_7
3034,PARPORT
3035,MFD_TQMX86
3036,CRYPTO_CRC32C
3037,IPDDP
3038,SND_SOC_AB8500_CODEC
3039,PHY_PXA_28NM_HSIC
3040,ROCKCHIP_PHY
3041,SENSORS_ABITUGURU
3042,DELL_SMO8800
3043,HID_NTRIG
3044,RESET_BERLIN
3045,SND_SOC_RT5677_SPI
3046,CRYPTO_SHA512_SSSE3
3047,TYPEC_TPS6598X
3048,MFD_GATEWORKS_GSC
3049,LEDS_TRIGGER_DEFAULT_ON
3050,USB_C67X00_HCD
3051,ACPI_ALS
3052,CRYPTO_VMAC
3053,SND_SOC_TEGRA30_AHUB
3054,HID_SONY
3055,USB_APPLEDISPLAY
3056,MMC_SDRICOH_CS
3057,USB_CHAOSKEY
3058,ECHO
3059,REGULATOR_BD718XX
3060,SERIAL_8250_MEN_MCB
3061,GNSS
3062,CRYPTO_GHASH_CLMUL_NI_INTEL
3063,SCSI_DMX3191D
3064,NFC_MICROREAD
3065,6LOWPAN_NHC
3066,OLPC_XO175
3067,LEDS_TRIGGER_PATTERN
3068,XPS
3069,SCSI_MOD
3070,VDPA
3071,MTD_ONENAND_GENERIC
3072,CRYPTO_KHAZAD
3073,MMC_VUB300
3074,USB_ISIGHTFW
3075,NFC_PN533_USB
3076,NFC_MRVL
3077,C2PORT
3078,XILINX_SDFEC
3079,CRYPTO_SHA1_SSSE3
3080,PLIP
3081,BT_BCM
3082,GPIO_LP87565
3083,SND_SOC_88PM860X
3084,NFC_PN544
3085,RADIO_MAXIRADIO
3086,GPIO_TPS65218
3087,MFD_INTEL_LPSS_ACPI
3088,HID_RETRODE
3089,SOC_TEGRA30_VOLTAGE_COUPLER
3090,STM
3091,CHARGER_TPS65217
3092,USBIP_HOST
3093,PLX_DMA
3094,RENESAS_DMA
3095,MFD_STPMIC1
3096,USB_CDNS3
3097,MFD_VIPERBOARD
3098,FPGA_DFL_FME_REGION
3099,VOP_BUS
3100,USB_F_FS
3101,SENSORS_NCT7904
3102,ZSMALLOC
3103,MFD_TPS65217
3104,SONY_LAPTOP
3105,SCSI_3W_9XXX
3106,RESET_LPC18XX
3107,HID_GT683R
3108,LEDS_PWM
3109,GPIO_SCH311X
3110,USB_F_UVC
3111,TCG_TPM
3112,PINCTRL_ICELAKE
3113,BT_HCIBPA10X
3114,HID_ROCCAT
3115,TOSHIBA_BT_RFKILL
3116,MTD_SBC_GXX
3117,EXYNOS_IRQ_COMBINER
3118,SCSI_QLOGIC_1280
3119,DRM_VC4
3120,RESET_LANTIQ
3121,TEST_LOCKUP
3122,FTTMR010_TIMER
3123,MHI_BUS
3124,SCSI_ESAS2R
3125,BT_HCIBCM203X
3126,INET_DCCP_DIAG
3127,SH_TIMER_MTU2
3128,MTD_ICHXROM
3129,GPIO_VIPERBOARD
3130,RESET_IMX7
3131,SOUNDWIRE_INTEL
3132,SOUNDWIRE_CADENCE
3133,USB_TRANCEVIBRATOR
3134,MFD_ROHM_BD718XX
3135,NETDEVICES
3136,CRYPTO_BLOWFISH
3137,DEBUG_KERNEL
3138,USB_STORAGE_SDDR09
3139,IKCONFIG
3140,MOUSE_CYAPA
3141,SCSI_ADVANSYS
3142,BACKLIGHT_WM831X
3143,PINCTRL_LEWISBURG
3144,USB_YUREX
3145,REGULATOR_MCP16502
3146,RDMA_RXE
3147,IPMI_HANDLER
3148,PWM_PCA9685
3149,FPGA_DFL_FME_BRIDGE
3150,SND_SAMSUNG_PCM
3151,V4L2_MEM2MEM_DEV
3152,SCSI_SYM53C8XX_2
3153,ITCO_WDT
3154,ACPI_AC
3155,USB_MON
3156,VIDEO_ADV748X
3157,RESET_ATH79
3158,USB_CYTHERM
3159,SND_SOC_LPASS_CPU
3160,SND_SOC_LPASS_PLATFORM
3161,VMWARE_PVSCSI
3162,ARCNET_1051
3163,USB_STORAGE_SDDR55
3164,GPIO_GENERIC_PLATFORM
3165,SCSI_3W_SAS
3166,IOMMU_IO_PGTABLE_ARMV7S
3167,ACPI_EC_DEBUGFS
3168,USB_FOTG210_HCD
3169,CRYPTO_WP512
3170,REGULATOR_LP87565
3171,SCSI_GDTH
3172,NF_DUP_IPV4
3173,ZLIB_INFLATE
3174,PDA_POWER
3175,QNX4FS_FS
3176,ACPI_SBS
3177,CRYPTO_DEV_QAT_DH895xCCVF
3178,I2C_FSI
3179,CRC_T10DIF
3180,SCSI_MVSAS
3181,PINCTRL_JASPERLAKE
3182,SCSI_SMARTPQI
3183,CRYPTO_TGR192
3184,LEDS_TRIGGER_ACTIVITY
3185,SCSI_MYRS
3186,GPIO_GW_PLD
3187,SND_SAMSUNG_SPDIF
3188,IPACK_BUS
3189,GPIO_MOCKUP
3190,INTEL_RAPL
3191,INTEL_SCU_PLATFORM
3192,LEDS_AAT1290
3193,HID_UCLOGIC
3194,JFFS2_FS
3195,CAN_CC770_PLATFORM
3196,NSPIRE_TIMER
3197,REGULATOR_MPQ7920
3198,XILINX_VCU
3199,MMC_SDHCI_ACPI
3200,SCR24X
3201,LEDS_CLEVO_MAIL
3202,USB_EMI62
3203,TIPC_DIAG
3204,PSTORE_DEFLATE_COMPRESS
3205,SENSORS_HDAPS
3206,MFD_TI_LP87565
3207,NET_SCH_GRED
3208,VGA_ARB
3209,IEEE802154_DRIVERS
3210,MFD_MT6397
3211,CHARGER_UCS1002
3212,USB_STORAGE_DATAFAB
3213,OCFS2_FS_O2CB
3214,IQS620AT_TEMP
3215,ADXL345_I2C
3216,STRING_SELFTEST
3217,TYPEC_UCSI
3218,HID_ASUS
3219,SCSI_HPSA
3220,SCSI_ARCMSR
3221,HID_APPLEIR
3222,RESET_NPCM
3223,NF_DUP_IPV6
3224,USB_TMC
3225,USB_LCD
3226,BNXT
3227,REGULATOR_VIRTUAL_CONSUMER
3228,CRYPTO_AEGIS128
3229,ACPI_IPMI
3230,CRYPTO_KEYWRAP
3231,SWPHY
3232,BLK_DEV_INTEGRITY_T10
3233,TOUCHSCREEN_WM97XX
3234,USB_EHCI_FSL
3235,BLK_DEV_PMEM
3236,SND_SOC_TWL4030
3237,BT_MRVL_SDIO
3238,CRYPTO_ANUBIS
3239,XILLYBUS_PCIE
3240,MAPPING_DIRTY_HELPERS
3241,USB_F_RNDIS
3242,VMD
3243,REGULATOR_RK808
3244,LEDS_TRIGGER_TIMER
3245,PINCTRL_STMFX
3246,ATCPIT100_TIMER
3247,USB_ISP1760
3248,SND_SOC_TWL6040
3249,USB_F_PRINTER
3250,USB_STORAGE_REALTEK
3251,SCSI_PM8001
3252,VIDEOBUF2_DVB
3253,EEEPC_LAPTOP
3254,MEGARAID_LEGACY
3255,ROMFS_FS
3256,SCSI_MVUMI
3257,USB_U132_HCD
3258,RESET_MESON
3259,LEDS_BCM6358
3260,UBIFS_FS
3261,USB_ADUTUX
3262,ACPI_CUSTOM_METHOD
3263,REGULATOR_STM32_PWR
3264,UNISYS_VISORBUS
3265,MFD_AS3722
3266,USB_UAS
3267,LEDS_TRIGGER_ONESHOT
3268,SCSI_MPT2SAS
3269,USB_MV_U3D
3270,CHROMEOS_TBMC
3271,RENESAS_IRQC
3272,USB_STORAGE_ENE_UB6250
3273,CRYPTO_CAST5_AVX_X86_64
3274,MPLS
3275,GPIO_MPC8XXX
3276,FPGA_DFL_FME_MGR
3277,CHARGER_BD70528
3278,SCSI_STEX
3279,HID_CREATIVE_SB0540
3280,TELCLOCK
3281,PSTORE_BLK
3282,PSTORE_ZONE
3283,MTK_MMSYS
3284,PCI_IOV
3285,ENVELOPE_DETECTOR
3286,KEYBOARD_TM2_TOUCHKEY
3287,CRYPTO_DES3_EDE_X86_64
3288,SMS_SDIO_DRV
3289,ORANGEFS_FS
3290,LEDS_LM3697
3291,AMILO_RFKILL
3292,PINCTRL_SUNRISEPOINT
3293,INTEL_MIC_X100_DMA
3294,USB_HCD_BCMA
3295,VF610_DAC
3296,RESET_STM32MP157
3297,CRYPTO_DEV_QAT_C3XXX
3298,GCC_PLUGIN_STRUCTLEAK_BYREF_ALL
3299,GCC_PLUGIN_STRUCTLEAK
3300,INIT_STACK_NONE
3301,INTEL_SCU_IPC_UTIL
3302,NET_DSA_BCM_SF2
3303,SDIO_UART
3304,SERIAL_RP2
3305,DEFXX
3306,SND_SOC_INTEL_SST
3307,BACKLIGHT_88PM860X
3308,PWM_LP3943
3309,CPU_SUP_AMD
3310,VBOXGUEST
3311,BINFMT_MISC
3312,USB_ISP116X_HCD
3313,TI_DMA_CROSSBAR
3314,X86_CPUID
3315,INTEL_MEI_WDT
3316,I3C
3317,TCG_CRB
3318,CRYPTO_ADIANTUM
3319,USB_FTDI_ELAN
3320,REGULATOR_ACT8945A
3321,INET6_ESP_OFFLOAD
3322,BMA180
3323,USB_LD
3324,PINCTRL_CHERRYVIEW
3325,USB_FUNCTIONFS
3326,INPUT_DRV2667_HAPTICS
3327,TYPEC_DP_ALTMODE
3328,REGULATOR_BD71828
3329,CRYPTO_CRC32_PCLMUL
3330,USB_G_NCM
3331,USB_F_HID
3332,LEDS_TRIGGER_HEARTBEAT
3333,HANGCHECK_TIMER
3334,SH_TIMER_TMU
3335,NLS_CODEPAGE_860
3336,NF_REJECT_IPV6
3337,MUX_GPIO
3338,MTD_OF_PARTS
3339,PINCTRL_PFC_R8A7744
3340,BATTERY_AXP20X
3341,REGULATOR_MP5416
3342,GAMEPORT
3343,USB_F_SS_LB
3344,USB_STORAGE_JUMPSHOT
3345,NET_DSA_QCA8K
3346,BCM_KONA_USB2_PHY
3347,BT_HCIBLUECARD
3348,CHELSIO_T4
3349,USB_STORAGE_ONETOUCH
3350,SCSI_BNX2_ISCSI
3351,SCSI_INITIO
3352,BLK_DEV_3W_XXXX_RAID
3353,PTP_1588_CLOCK_IDTCM
3354,APPLE_MFI_FASTCHARGE
3355,NET_DSA_MT7530
3356,USB_SEVSEG
3357,INPUT_APANEL
3358,MD_FAULTY
3359,SND_USB_LINE6
3360,BACKLIGHT_AS3711
3361,KEYBOARD_LM8323
3362,FIB_RULES
3363,MFD_ROHM_BD70528
3364,REGULATOR_STW481X_VMMC
3365,ISCSI_TARGET
3366,TYPEC_MUX_PI3USB30532
3367,FUSION_SAS
3368,CRYPTO_BLAKE2S
3369,SCSI_DPT_I2O
3370,MEDIA_TUNER_MSI001
3371,IXP4XX_TIMER
3372,BLK_DEV_IDECS
3373,NVME_TARGET_TCP
3374,RESET_AXS10X
3375,PINCTRL_PFC_R8A77980
3376,INTEL_TH_ACPI
3377,HID_WACOM
3378,CRYPTO_CURVE25519
3379,INPUT
3380,MMC_SDHCI_XENON
3381,BFS_FS
3382,FUSE_FS
3383,CRYPTO_SERPENT_SSE2_X86_64
3384,USB_CONFIGFS
3385,SMC_DIAG
3386,INTEL_RST
3387,SCSI_AIC7XXX
3388,MMC_SDHCI_F_SDH30
3389,CM3605
3390,DUMMY_IRQ
3391,RENESAS_INTC_IRQPIN
3392,USB_OHCI_HCD
3393,REGULATOR_RN5T618
3394,HAVE_NET_DSA
3395,GPD_POCKET_FAN
3396,UCSI_CCG
3397,USB_DWC3
3398,SCSI_QLA_ISCSI
3399,BT_HCIBT3C
3400,NET_DSA_VITESSE_VSC73XX
3401,TYPEC_TCPCI
3402,ROCKCHIP_MBOX
3403,KS0108
3404,BT_HCIDTL1
3405,NET_DSA_MICROCHIP_KSZ8795
3406,CHARGER_MP2629
3407,CRYPTO_PCRYPT
3408,ALTERA_TSE
3409,DRM_DW_HDMI_AHB_AUDIO
3410,LEDS_BCM6328
3411,SND_SOC_SOF_ACPI
3412,FSI_SCOM
3413,USB_STORAGE_CYPRESS_ATACB
3414,LEDS_TRIGGER_BACKLIGHT
3415,PINCTRL_CEDARFORK
3416,IQS621_ALS
3417,MTD_JEDECPROBE
3418,B53_SRAB_DRIVER
3419,LEDS_MAX77693
3420,SND_SOC_WM5110
3421,USB_DWC2
3422,MTD_NETtel
3423,INTEL_POWERCLAMP
3424,INTEL_OAKTRAIL
3425,PINCTRL_PFC_SH7724
3426,IQS624_POS
3427,LEDS_DA9052
3428,CX_ECAT
3429,SLIMBUS
3430,TCG_INFINEON
3431,NET_SCH_RED
3432,RTC_DRV_DA9063
3433,PPPOATM
3434,SPRD_TIMER
3435,NET_SCH_FQ
3436,GPIO_WS16C48
3437,I2C_MUX_GPMUX
3438,USB_MDC800
3439,USB_STORAGE_FREECOM
3440,PWM_CROS_EC
3441,REGULATOR_TPS65217
3442,CHARGER_AXP20X
3443,SND_SOC_WM8350
3444,USB_NET_DRIVERS
3445,COMMON_CLK_WM831X
3446,HFS_FS
3447,NET_SWITCHDEV
3448,SND_SOC_INTEL_SKYLAKE_COMMON
3449,SND_SOC_INTEL_SKYLAKE_FAMILY
3450,DEBUG_WW_MUTEX_SLOWPATH
3451,NF_DEFRAG_IPV4
3452,USB_FOTG210_UDC
3453,PINCTRL_PFC_R8A77970
3454,BACKLIGHT_DA903X
3455,DPOT_DAC
3456,PWRSEQ_SIMPLE
3457,USB_LEGOTOWER
3458,NET_CLS_BASIC
3459,CRYPTO_DEV_QAT_C3XXXVF
3460,BT1_APB
3461,PSTORE_LZ4HC_COMPRESS
3462,SCSI_DEBUG
3463,CRYPTO_RMD320
3464,INPUT_MMA8450
3465,FB_GOLDFISH
3466,NET_DSA_TAG_OCELOT
3467,PWRSEQ_EMMC
3468,PTP_1588_CLOCK
3469,DVB_PT1
3470,USB_LEDS_TRIGGER_USBPORT
3471,VHOST
3472,TOUCHSCREEN_TPS6507X
3473,TOSHIBA_HAPS
3474,MTD_NAND_DENALI_DT
3475,OF_FPGA_REGION
3476,NET_SCH_ETF
3477,USB_ETH
3478,SOUNDWIRE_QCOM
3479,COMPAL_LAPTOP
3480,SCSI_HPTIOP
3481,USB_NET_CDCETHER
3482,CYPRESS_FIRMWARE
3483,TYPEC_FUSB302
3484,USB_SNP_CORE
3485,VIDEO_GS1662
3486,VFIO_VIRQFD
3487,VFIO_PCI
3488,QCOM_IPCC
3489,PINCTRL_PFC_R8A7791
3490,FUSION_SPI
3491,NET_SCH_CODEL
3492,SPMI
3493,BE2NET
3494,CAN_CC770_ISA
3495,JOYSTICK_AS5011
3496,MFD_ACT8945A
3497,GPIO_AGGREGATOR
3498,REGULATOR_LP873X
3499,ACPI_CONFIGFS
3500,ACPI_THERMAL
3501,TOUCHSCREEN_STMFTS
3502,CRYPTO_DEV_QAT_C62XVF
3503,ACPI_PROCESSOR_AGGREGATOR
3504,CAN_M_CAN_PLATFORM
3505,VMWARE_BALLOON
3506,CROS_USBPD_LOGGER
3507,CROS_KBD_LED_BACKLIGHT
3508,USB_STORAGE_USBAT
3509,USB_USS720
3510,PINCTRL_GEMINILAKE
3511,CRYPTO_RMD256
3512,INTEL_SMARTCONNECT
3513,MLXREG_HOTPLUG
3514,PINCTRL_PFC_R8A77965
3515,PINCTRL_PFC_SH7757
3516,USB_M66592
3517,REGULATOR_DA9063
3518,USB_DUMMY_HCD
3519,CRYPTO_CAST_COMMON
3520,USB_STORAGE_ALAUDA
3521,MDIO_MVUSB
3522,SND_SOC_MIKROE_PROTO
3523,ZPOOL
3524,COMEDI_ADDI_WATCHDOG
3525,USB_MV_UDC
3526,RAPIDIO_TSI721
3527,SND_FIREWIRE_LIB
3528,NET_DSA_SMSC_LAN9303_I2C
3529,TI_ST
3530,ACPI_BATTERY
3531,LEDS_MAX8997
3532,VIDEO_SAA7134
3533,ZBUD
3534,SENSORS_DA9055
3535,NET_DSA_LOOP
3536,DELL_LAPTOP
3537,CRYPTO_CRCT10DIF
3538,FPGA
3539,USB_EMI26
3540,SND_SOC_SMARTQ
3541,REGULATOR_STPMIC1
3542,PCIPCWATCHDOG
3543,DM_MULTIPATH
3544,I2C_TAOS_EVM
3545,GARP
3546,SCIF
3547,USB_F_TCM
3548,BATTERY_LEGO_EV3
3549,REGULATOR_AS3722
3550,USB_F_UAC2
3551,PCCARD
3552,SD_ADC_MODULATOR
3553,HSI
3554,SND_SOC_RK3288_HDMI_ANALOG
3555,USB_BDC_UDC
3556,SERIO_APBPS2
3557,NF_SOCKET_IPV4
3558,SBP_TARGET
3559,I2C_MUX_PINCTRL
3560,RADIO_TEF6862
3561,USB_MASS_STORAGE
3562,MD_LINEAR
3563,NET_SCH_PIE
3564,MDIO_BUS_MUX_MULTIPLEXER
3565,RTS5208
3566,SND_SOC_WM8997
3567,VME_FAKE
3568,NET_SCH_SFB
3569,PINCTRL_PFC_R8A7778
3570,I2C_SI4713
3571,NF_TPROXY_IPV4
3572,PINCTRL_CANNONLAKE
3573,USB4_NET
3574,USBIP_VHCI_HCD
3575,DLN2_ADC
3576,SND_SOC_WM5102
3577,DM_RAID
3578,INPUT_DRV2665_HAPTICS
3579,SND_SOC_ROCKCHIP_PDM
3580,CAN_JANZ_ICAN3
3581,DVB_BUDGET_CORE
3582,FSI_MASTER_ASPEED
3583,NET_CLS_FLOW
3584,DM_BIO_PRISON
3585,DW_DMAC_CORE
3586,XILLYBUS_OF
3587,RTC_DRV_SD3078
3588,BACKLIGHT_ADP5520
3589,SND_SOC_UNIPHIER_EVEA_CODEC
3590,PCI_EPF_TEST
3591,USB_TEST
3592,SND_SOC_SIRF_USP
3593,USB_G_WEBCAM
3594,BE2ISCSI
3595,CRYPTO_DRBG_MENU
3596,CRYPTO_DRBG
3597,N_GSM
3598,ETHOC
3599,MLX5_CORE
3600,CRC16
3601,SYSCTL_KUNIT_TEST
3602,PSTORE_RAM
3603,FUSION_CTL
3604,QNX6FS_FS
3605,IDEAPAD_LAPTOP
3606,REGULATOR_HI6421
3607,PSTORE_LZ4_COMPRESS
3608,KEYBOARD_LM8333
3609,SND_ES1938
3610,DVB_PT3
3611,MTD_PCMCIA
3612,ARCNET_COM20020_PCI
3613,LEDS_KTD2692
3614,IE6XX_WDT
3615,SND_AZT3328
3616,PINCTRL_RK805
3617,BCMA_HOST_PCI_POSSIBLE
3618,RTC_DRV_BQ32K
3619,USB_PXA27X
3620,SND_PORTMAN2X4
3621,B53_MMAP_DRIVER
3622,BLK_DEV_IDEPNP
3623,INTEL_INT0002_VGPIO
3624,GLOB_SELFTEST
3625,NETFILTER_XT_TARGET_TCPMSS
3626,CAN_MCBA_USB
3627,LEDS_WM831X_STATUS
3628,SND_MTS64
3629,SND_SEQUENCER_OSS
3630,CROS_EC_VBC
3631,PINCTRL_TIGERLAKE
3632,NET_SCH_CAKE
3633,USB_GADGETFS
3634,IIO_ST_SENSORS_SPI
3635,HID_GOOGLE_HAMMER
3636,ALIM7101_WDT
3637,BIG_KEYS
3638,LEDS_DA903X
3639,UFS_FS
3640,VME_TSI148
3641,MEMSTICK_REALTEK_USB
3642,NET_DSA_MV88E6XXX
3643,NET_SB1000
3644,FB_MB862XX_PCI_GDC
3645,SCSI_PMCRAID
3646,LP8788_ADC
3647,CROS_EC_LPC
3648,RN5T618_ADC
3649,DRM_PANEL_ILITEK_IL9322
3650,PINCTRL_MSM
3651,USB_MUSB_HDRC
3652,COMEDI_MITE
3653,USB_OXU210HP_HCD
3654,SND_SOC_IMX_AUDMIX
3655,SND_ALS300
3656,LWTUNNEL
3657,RTC_DRV_M41T80
3658,RMI4_SPI
3659,SENSORS_LTC2947_SPI
3660,DMARD06
3661,SND_SOC_WM8998
3662,DVB_PLUTO2
3663,RESET_HSDK
3664,USB_G_PRINTER
3665,SND_SOC_TEGRA_MAX98090
3666,TOUCHSCREEN_MAX11801
3667,CRYPTO_DEV_QAT_DH895xCC
3668,WILCO_EC
3669,GPIO_BD70528
3670,LEDS_MLXCPLD
3671,INPUT_PCF8574
3672,COMEDI_NI_TIOCMD
3673,MFD_SM501
3674,SND_SOC_SOF_OF
3675,COMMON_CLK_PWM
3676,DM_LOG_WRITES
3677,SND_SOC_ROCKCHIP_RT5645
3678,USB_NET2272
3679,SND_SOC_ROCKCHIP_MAX98090
3680,SND_SOC_TEGRA_SGTL5000
3681,SND_SOC_TEGRA_WM8753
3682,PPS_CLIENT_LDISC
3683,CAN_PEAK_USB
3684,NETFILTER_XT_NAT
3685,6LOWPAN_GHC_UDP
3686,DVB_FIREDTV
3687,TI_ADS7950
3688,NET_SCH_TAPRIO
3689,SCSI_IPR
3690,PINCTRL_PFC_R8A7794
3691,INTEL_UNCORE_FREQ_CONTROL
3692,ARM_SCMI_PROTOCOL
3693,LIST_KUNIT_TEST
3694,NET_DSA_SMSC_LAN9303_MDIO
3695,RADIO_SI470X
3696,USB_CYPRESS_CY7C63
3697,TOUCHSCREEN_SX8654
3698,NET_CLS_MATCHALL
3699,REGULATOR_TPS65218
3700,TOUCHSCREEN_AD7879_I2C
3701,VME_CA91CX42
3702,GPIO_EXAR
3703,RTC_DRV_RX8010
3704,NF_DEFRAG_IPV6
3705,PPP_ASYNC
3706,USB_RAW_GADGET
3707,USB_NET_CDC_NCM
3708,NET_SCH_TBF
3709,SND_SOC_APQ8016_SBC
3710,SND_SOC_LPASS_APQ8016
3711,CRYPTO_DES
3712,PINCTRL_PFC_SH7722
3713,AHCI_QORIQ
3714,DM_SNAPSHOT
3715,TOUCHSCREEN_EXC3000
3716,REGULATOR_BD70528
3717,NET_CLS_U32
3718,NET_SCH_SFQ
3719,I2C_ARB_GPIO_CHALLENGE
3720,PINCTRL_MADERA
3721,MADERA_IRQ
3722,MFD_MADERA
3723,CAN_F81601
3724,PINCTRL_PFC_SH7785
3725,NF_TPROXY_IPV6
3726,AD9467
3727,PINCTRL_AXP209
3728,USB_USBNET
3729,USB_STORAGE_ISD200
3730,USB_G_HID
3731,RADIO_TEA5764
3732,DPTF_POWER
3733,TOUCHSCREEN_SILEAD
3734,TYPEC_NVIDIA_ALTMODE
3735,EVENT_TRACING
3736,TRACEPOINTS
3737,CONTEXT_SWITCH_TRACER
3738,NOP_TRACER
3739,TRACING
3740,BINARY_PRINTF
3741,USB_R8A66597
3742,LZO_DECOMPRESS
3743,USB_CHIPIDEA_IMX
3744,NF_SOCKET_IPV6
3745,NF_NAT
3746,CAN_PLX_PCI
3747,AD5761
3748,TIGON3
3749,CAN_UCAN
3750,CIO_DAC
3751,SYSV_FS
3752,INPUT_IQS269A
3753,NF_LOG_IPV6
3754,SCSI_DH_EMC
3755,INPUT_DRV260X_HAPTICS
3756,SND_ES1968
3757,SND_SOC_INTEL_GLK
3758,RTC_DRV_PCF2127
3759,DM_CRYPT
3760,DRM_PANEL_TPO_TD028TTEC1
3761,SND_SOC_SIRF_AUDIO
3762,SND_SOC_SIRF_AUDIO_PORT
3763,HFSPLUS_FS
3764,DRM_MIPI_DSI
3765,RTC_DRV_ABX80X
3766,IPV6_SEG6_BPF
3767,SND_SOC_TEGRA_WM9712
3768,TRACE_ROUTER
3769,CHARGER_MANAGER
3770,GPIO_AMDPT
3771,SND_SOC_CS47L24
3772,INTEL_PUNIT_IPC
3773,VIDEO_OV5640
3774,CAN_C_CAN_PLATFORM
3775,PINCTRL_PFC_R8A7743
3776,USB_GR_UDC
3777,LEDS_APU
3778,NETFILTER_XT_MATCH_POLICY
3779,MAX1027
3780,INTEL_SOC_PMIC_MRFLD
3781,KEYBOARD_ADC
3782,USB_OHCI_HCD_PLATFORM
3783,PINCTRL_PFC_R8A77995
3784,LEDS_MAX77650
3785,PINCTRL_PFC_R8A7740
3786,CRYPTO_SERPENT
3787,PINCTRL_DENVERTON
3788,HP_WATCHDOG
3789,NFC_PORT100
3790,SENSORS_WM8350
3791,EFS_FS
3792,HPFS_FS
3793,SND_VIRMIDI
3794,MINIX_FS
3795,PINCTRL_LYNXPOINT
3796,DM_FLAKEY
3797,AD7766
3798,DRM_PANEL_SAMSUNG_S6E63M0
3799,DM_PERSISTENT_DATA
3800,DMA_VIRT_OPS
3801,NET_DSA_MV88E6060
3802,SENSORS_MAX1111
3803,PINCTRL_PFC_R8A77990
3804,STAGING_APEX_DRIVER
3805,NET_SCH_MULTIQ
3806,PSTORE_LZO_COMPRESS
3807,RTC_DRV_PCF85363
3808,SENSORS_ADT7310
3809,SND_EMU10K1
3810,CRYPTO_SHA512
3811,ASYMMETRIC_TPM_KEY_SUBTYPE
3812,SND_SOC_INTEL_CFL
3813,SND_SOC_IMX_SPDIF
3814,MRP
3815,SERIAL_MEN_Z135
3816,BLK_DEV_SR
3817,TOUCHSCREEN_HIDEEP
3818,NET_DSA_AR9331
3819,TOUCHSCREEN_ELAN
3820,TOUCHSCREEN_ST1232
3821,SND_SOC_TEGRA30_I2S
3822,USB_RTL8150
3823,ND_BLK
3824,SND_KIRKWOOD_SOC_ARMADA370_DB
3825,PINCTRL_PFC_R8A774B1
3826,PINCTRL_BROXTON
3827,EROFS_FS
3828,MD_MULTIPATH
3829,NET_DSA_LANTIQ_GSWIP
3830,OCFS2_FS_USERSPACE_CLUSTER
3831,6LOWPAN_NHC_UDP
3832,PROC_EVENTS
3833,SND_SONICVIBES
3834,USB_ATM
3835,SND_SOC_INTEL_KBL
3836,VIA_WDT
3837,PINCTRL_PFC_SH7786
3838,PINCTRL_PFC_R8A7792
3839,INTEL_SCU_IPC
3840,6LOWPAN_GHC_EXT_HDR_ROUTE
3841,RTC_DRV_PCF50633
3842,IPV6_MULTIPLE_TABLES
3843,RTC_DRV_FM3130
3844,NET_SCH_TEQL
3845,BLK_DEV_UMEM
3846,KEYBOARD_QT1050
3847,CAN_SJA1000_PLATFORM
3848,AD7949
3849,NET_SCH_SKBPRIO
3850,CRYPTO_DEV_QAT_C62X
3851,SND_SOC_SPRD_MCDT
3852,INFINIBAND_QIB
3853,VIDEO_V4L2_TPG
3854,PINCTRL_PFC_R8A774C0
3855,SENSORS_ADS7871
3856,SND_SOC_SAMSUNG_SMDK_WM8994
3857,RADIO_SAA7706H
3858,OF_RECONFIG_NOTIFIER_ERROR_INJECT
3859,NET_SCH_DRR
3860,PINCTRL_PFC_R8A77951
3861,COMEDI_PCI_DRIVERS
3862,XFRM_MIGRATE
3863,NVME_TARGET_FCLOOP
3864,NET_PTP_CLASSIFY
3865,JOYSTICK_DB9
3866,DNET
3867,INV_MPU6050_SPI
3868,SND_SOC_UNIPHIER_PXS2
3869,6LOWPAN_GHC_EXT_HDR_HOP
3870,PINCTRL_PFC_SH73A0
3871,BEFS_FS
3872,TOUCHSCREEN_WACOM_I2C
3873,PINCTRL_PFC_SH7264
3874,SND_SOC_TEGRA_ALC5632
3875,UNIX_SCM
3876,SCSI_DH_ALUA
3877,GPIO_DA9052
3878,XFRM_OFFLOAD
3879,SPI_DW_PCI
3880,SENSORS_MAX31722
3881,TOUCHSCREEN_ROHM_BU21023
3882,SND_SOC_MXS_SGTL5000
3883,USB_ZERO
3884,USB_LIBCOMPOSITE
3885,TCP_CONG_VEGAS
3886,LEDS_ADP5520
3887,SENSORS_LM70
3888,NET_SCH_HTB
3889,TOUCHSCREEN_BU21013
3890,RPMSG
3891,CIFS
3892,SND_SOC_TEGRA_WM8903
3893,NET_SCH_PRIO
3894,IP6_NF_IPTABLES
3895,SND_SOC_TEGRA_TRIMSLICE
3896,MFD_INTEL_PMC_BXT
3897,INTEL_SCU
3898,INPUT_DA9063_ONKEY
3899,TOUCHSCREEN_IQS5XX
3900,SND_SOC_INTEL_APL
3901,PINCTRL_PFC_SHX3
3902,TI_DAC082S085
3903,PINCTRL_PFC_R8A77960
3904,DM_VERITY
3905,MDIO_BUS_MUX
3906,TOUCHSCREEN_CYTTSP_I2C
3907,INPUT_ARIZONA_HAPTICS
3908,SND_MAESTRO3
3909,TOUCHSCREEN_CY8CTMA140
3910,NET_SCH_CBQ
3911,SCSI_DH_RDAC
3912,PINCTRL_PFC_R8A77961
3913,CAN_8DEV_USB
3914,BMG160_SPI
3915,OWL_PM_DOMAINS_HELPER
3916,OWL_PM_DOMAINS
3917,SND_TRIDENT
3918,CHELSIO_LIB
3919,NETFILTER_XT_TARGET_MASQUERADE
3920,LIBFC
3921,FSI_MASTER_GPIO
3922,B53_MDIO_DRIVER
3923,SND_SOC_STORM
3924,SND_SOC_LPASS_IPQ806X
3925,RTC_DRV_PCF85063
3926,VIPERBOARD_ADC
3927,USB_F_UAC1
3928,TI_ADC0832
3929,AHCI_CEVA
3930,NET_DSA_MICROCHIP_KSZ9477
3931,REGULATOR_GPIO
3932,6LOWPAN_GHC_ICMPV6
3933,MOUSE_SYNAPTICS_I2C
3934,VIDEO_CX25821
3935,FSI_SBEFIFO
3936,AD7791
3937,SND_SOC_INTEL_SKL
3938,NET_SCH_HFSC
3939,SPI_INTEL_SPI
3940,BLK_DEV_MD
3941,CAN_SJA1000_ISA
3942,RTC_DRV_RX8025
3943,SP5100_TCO
3944,GPIO_GRGPIO
3945,6LOWPAN_NHC_FRAGMENT
3946,TI_ADC161S626
3947,USB_NET_RNDIS_HOST
3948,INPUT_BMA150
3949,TOUCHSCREEN_GOODIX
3950,NET_SCH_MQPRIO
3951,6LOWPAN_NHC_IPV6
3952,STAGING_GASKET_FRAMEWORK
3953,CRYPTO_DEV_ATMEL_ECC
3954,NET_CLS_BPF
3955,ADF4350
3956,BT_ATH3K
3957,RADIO_SI4713
3958,SAMSUNG_Q10
3959,CEPH_FS
3960,JOYSTICK_COBRA
3961,USB_IPHETH
3962,IIO_ST_MAGN_SPI_3AXIS
3963,BLK_DEV_SX8
3964,CAN_PEAK_PCI
3965,RTC_DRV_ISL12022
3966,INTEL_SCU_PCI
3967,CHROMEOS_PSTORE
3968,EXTCON_INTEL_MRFLD
3969,SND_SOC_ARNDALE
3970,TOUCHSCREEN_MC13783
3971,MMC_REALTEK_USB
3972,TOUCHSCREEN_AUO_PIXCIR
3973,OMFS_FS
3974,CRYPTO_CBC
3975,VIDEO_OV5645
3976,ETHERNET
3977,RTC_DRV_DS1307
3978,B53_SERDES
3979,RTC_DRV_PCF8583
3980,TOUCHSCREEN_BU21029
3981,DM_EBS
3982,VMIVME_7805
3983,DRM_PANEL_SAMSUNG_LD9040
3984,RTC_DRV_S35390A
3985,AS3935
3986,CRYPTO_TWOFISH
3987,NET_SCH_CBS
3988,USB_KAWETH
3989,SND_SOC_SMDK_WM8994_PCM
3990,NET_SCH_QFQ
3991,MQ_IOSCHED_DEADLINE
3992,CAN_FLEXCAN
3993,BLK_DEV_IDEPCI
3994,BLK_DEV_IDEDMA_SFF
3995,BLK_DEV_IDEDMA
3996,BLK_DEV_IDEDMA_PCI
3997,ACPI_HED
3998,DRM_I915_WERROR
3999,CFAG12864B
4000,INTEL_MRFLD_PWRBTN
4001,SND_FIREFACE
4002,CDROM
4003,CAN_SLCAN
4004,I6300ESB_WDT
4005,IIO_ST_GYRO_SPI_3AXIS
4006,DRM_PANEL_LG_LG4573
4007,TOUCHSCREEN_EKTF2127
4008,SND_SOC_TEGRA_RT5677
4009,DM_ERA
4010,RTC_DRV_RV3029C2
4011,RTC_DRV_RS5C372
4012,DVB_NGENE
4013,SND_SOC_TEGRA_RT5640
4014,BNX2X
4015,NET_SCH_FQ_CODEL
4016,ALTERA_PR_IP_CORE_PLAT
4017,CRYPTO_DEV_ATMEL_I2C
4018,RTC_DRV_RX8581
4019,INPUT_MC13783_PWRBUTTON
4020,SCSI_DH_HP_SW
4021,TOUCHSCREEN_CY8CTMG110
4022,VXFS_FS
4023,PINCTRL_PFC_R8A774A1
4024,KEYBOARD_QT1070
4025,SQUASHFS
4026,NFC_NXP_NCI_I2C
4027,VGA_SWITCHEROO
4028,PPP_SYNC_TTY
4029,DCDBAS
4030,VHOST_NET
4031,CRYPTO_LIB_DES
4032,PINCTRL_PFC_SH7269
4033,TCP_CONG_ILLINOIS
4034,FB_CARMINE_DRAM_EVAL
4035,COMEDI_RTD520
4036,KEYBOARD_DLINK_DIR685
4037,BT_RTL
4038,NFC_MICROREAD_MEI
4039,DRM_PANEL_SONY_ACX565AKM
4040,HW_RANDOM_CCTRNG
4041,NFC_MRVL_USB
4042,PINCTRL_PFC_R8A73A4
4043,RTC_DRV_88PM80X
4044,BLK_DEV_PCIESSD_MTIP32XX
4045,FB_SIMPLE
4046,SND_ATMEL_SOC_CLASSD
4047,SENSORS_AD7314
4048,MAX1118
4049,HTS221_SPI
4050,ALIM1535_WDT
4051,SND_SOC_UNIPHIER_LD11
4052,MDIO_BUS_MUX_MMIOREG
4053,IIO_CROS_EC_SENSORS_LID_ANGLE
4054,SCSI_UFSHCD
4055,INFINIBAND_HFI1
4056,PINCTRL_PFC_R8A7790
4057,JOYSTICK_TURBOGRAFX
4058,PCI_PASID
4059,TOUCHSCREEN_PIXCIR
4060,CAN_KVASER_USB
4061,SERIAL_SC16IS7XX
4062,MFD_HI6421_PMIC
4063,COMEDI_MF6X4
4064,BACKLIGHT_AAT2870
4065,SBITMAP
4066,TOUCHSCREEN_EETI
4067,BACKLIGHT_MAX8925
4068,AD5421
4069,NFC_PN544_MEI
4070,NETFILTER_XTABLES
4071,KEYBOARD_MPR121
4072,AFE4403
4073,COMEDI_NI_ROUTING
4074,COMEDI_NI_TIO
4075,REGULATOR_HI6421V530
4076,NFC_FDP_I2C
4077,SND_USB_HIFACE
4078,USB_SERIAL_WWAN
4079,SND_SOC_SAMSUNG_SMDK_WM8580
4080,RTC_DRV_X1205
4081,DVB_DDBRIDGE
4082,DM_WRITECACHE
4083,NET_SCH_HHF
4084,SND_SB_COMMON
4085,AD2S90
4086,ROCKCHIP_PM_DOMAINS
4087,SND_SOC_TEGRA20_SPDIF
4088,NET_CLS_FW
4089,TOUCHSCREEN_RM_TS
4090,QFMT_V2
4091,NET_DSA_VITESSE_VSC73XX_PLATFORM
4092,AD5624R_SPI
4093,FXAS21002C_SPI
4094,NF_REJECT_IPV4
4095,MDIO_IPQ8064
4096,SCSI_QLA_FC
4097,DVB_B2C2_FLEXCOP_PCI
4098,KEYBOARD_TCA6416
4099,NETFILTER_NETLINK_LOG
4100,GREYBUS_AUDIO
4101,RTC_DRV_DS1672
4102,PCI_DEBUG
4103,VMXNET3
4104,FB_VESA
4105,AD5791
4106,USB_GADGET
4107,TOUCHSCREEN_MMS114
4108,NET_DSA_REALTEK_SMI
4109,PINCTRL_PFC_R8A7745
4110,PINCTRL_PFC_SH7734
4111,KEYBOARD_MCS
4112,ADIS16080
4113,NETFILTER_XT_MATCH_ADDRTYPE
4114,TOUCHSCREEN_MELFAS_MIP4
4115,MSI_LAPTOP
4116,ADFS_FS
4117,LTC2632
4118,CAN_C_CAN_PCI
4119,DRM_PANEL_SITRONIX_ST7789V
4120,CRYPTO_TWOFISH_COMMON
4121,SENSORS_HMC5843_SPI
4122,GREYBUS_HID
4123,PINCTRL_PFC_SH7720
4124,CRYPTO_DEV_QAT
4125,TI_TLC4541
4126,USB_CHIPIDEA_PCI
4127,FB_TILEBLITTING
4128,IIO_CROS_EC_BARO
4129,SND_SOC_TEGRA20_I2S
4130,KEYBOARD_ADP5588
4131,HDMI_LPE_AUDIO
4132,BLK_MQ_RDMA
4133,PINCTRL_PFC_R8A7742
4134,TCP_CONG_DCTCP
4135,INFINIBAND_IPOIB
4136,OF_MDIO
4137,SND_SOC_ADI_AXI_SPDIF
4138,6LOWPAN_NHC_HOP
4139,SCSI_LPFC
4140,ZPA2326_SPI
4141,IP_SET
4142,SND_SOC_JZ4770_CODEC
4143,ATA_OVER_ETH
4144,SCA3000
4145,MAX5487
4146,VIRTIO_VDPA
4147,BMI160_SPI
4148,PHY_PXA_28NM_USB2
4149,BLK_DEV_RSXX
4150,USB_GADGET_TARGET
4151,DM_UNSTRIPED
4152,TYPEC_MUX_INTEL_PMC
4153,EXTCON_MAX8997
4154,FB_HYPERV
4155,NET_VENDOR_EMULEX
4156,SCSI_BFA_FC
4157,LEDS_88PM860X
4158,IIO_CROS_EC_LIGHT_PROX
4159,COMEDI_CB_PCIMDAS
4160,VIRTIO_BLK
4161,SND_SOC_LOWLAND
4162,GPIO_ARIZONA
4163,SND_SOC_SAMSUNG_SMDK_SPDIF
4164,KEYBOARD_MAX7359
4165,MISDN_IPAC
4166,IDEPCI_PCIBUS_ORDER
4167,GPIO_WCD934X
4168,INPUT_ADXL34X_I2C
4169,NETFILTER_XT_MARK
4170,PINCTRL_PFC_EMEV2
4171,SND_SOC_INTEL_CNL
4172,ROSE
4173,SND_SOC_QDSP6_AFE
4174,SND_SOC_QDSP6
4175,SND_SOC_QDSP6_ASM_DAI
4176,SND_SOC_QDSP6_ROUTING
4177,SND_SOC_QDSP6_AFE_DAI
4178,SND_SOC_QDSP6_CORE
4179,SND_SOC_QDSP6_ASM
4180,SND_SOC_QDSP6_ADM
4181,SND_SOC_QDSP6_COMMON
4182,TOUCHSCREEN_TSC2007
4183,BMP280_SPI
4184,TYPEC_RT1711H
4185,OPENVSWITCH_GRE
4186,NET_SCH_NETEM
4187,SND_EMU10K1X
4188,WIRELESS
4189,PHY_CADENCE_DPHY
4190,SND_ICE1712
4191,MPL115_SPI
4192,SCSI_CHELSIO_FCOE
4193,NET_CLS_RSVP
4194,MEMORY_NOTIFIER_ERROR_INJECT
4195,YAM
4196,LTC2496
4197,AFS_FS
4198,NET_VENDOR_CHELSIO
4199,CXD2880_SPI_DRV
4200,SND_SOC_ADI_AXI_I2S
4201,SENSORS_SCH56XX_COMMON
4202,USB_F_EEM
4203,USB_F_ACM
4204,SENSORS_MLXREG_FAN
4205,6LOWPAN_NHC_MOBILITY
4206,RTC_DRV_RV3028
4207,SND_SOC_ODROID
4208,MCP320X
4209,SCSI_NETLINK
4210,FIREWIRE_NET
4211,PATA_OPTI
4212,WDTPCI
4213,INPUT_PCF50633_PMU
4214,SND_BCD2000
4215,SND_SOC_SNOW
4216,USB_RTL8152
4217,AD5504
4218,CROS_EC_RPMSG
4219,SND_ISIGHT
4220,DAX
4221,ADIS16480
4222,AD7266
4223,DM_CACHE
4224,IEEE802154_6LOWPAN
4225,COMEDI_ADV_PCI1724
4226,EXTCON_MAX77843
4227,AD7923
4228,NETFILTER_XT_TARGET_REDIRECT
4229,SERIAL_8250_DW
4230,COMMON_CLK_FSL_SAI
4231,COMEDI_ADL_PCI8164
4232,PATA_NS87410
4233,ADIS16209
4234,FSI_MASTER_HUB
4235,DELL_RBTN
4236,SND_ALI5451
4237,BATTERY_DA9052
4238,DM_MIRROR
4239,IPV6_FOU_TUNNEL
4240,6LOWPAN_NHC_DEST
4241,IIO_CROS_EC_ACCEL_LEGACY
4242,AFFS_FS
4243,USB_PEGASUS
4244,WIMAX_I2400M_USB
4245,WIMAX_I2400M
4246,IP_VS
4247,SERIAL_SAMSUNG_UARTS_4
4248,SND_SOC_LITTLEMILL
4249,AD5758
4250,DM_SWITCH
4251,DM_DUST
4252,MAX1241
4253,USB_LAN78XX
4254,NET_SCH_PLUG
4255,PINCTRL_PFC_SH7723
4256,BMC150_ACCEL_SPI
4257,SND_ALS4000
4258,AD_SIGMA_DELTA
4259,COMEDI_CB_PCIDAS64
4260,RTC_DRV_ISL1208
4261,VIDEO_CX88
4262,JOYSTICK_GF2K
4263,DM_MULTIPATH_ST
4264,TYPEC
4265,USB_DWC3_OF_SIMPLE
4266,SND_FIREWIRE_MOTU
4267,BME680_SPI
4268,ADIS16460
4269,USB_XHCI_PCI
4270,AD5592R
4271,BLK_DEV_CRYPTOLOOP
4272,AD7303
4273,NET_SCH_DSMARK
4274,PCIEASPM
4275,PCIEASPM_DEFAULT
4276,NET_CLS_RSVP6
4277,SND_USB_USX2Y
4278,COMEDI_AMPLC_PCI224
4279,GPIO_ALTERA
4280,SND_USB_US122L
4281,TWL4030_MADC
4282,RTC_DRV_ABEOZ9
4283,NF_LOG_COMMON
4284,GPIO_CADENCE
4285,INPUT_AD714X_I2C
4286,KEYBOARD_TCA8418
4287,NVME_TCP
4288,VIRT_WIFI
4289,USB_SERIAL_UPD78F0730
4290,SPI_INTEL_SPI_PCI
4291,ENCRYPTED_KEYS
4292,CAN_ESD_USB2
4293,AX25
4294,SND_SUN4I_SPDIF
4295,SF_PDMA
4296,TOUCHSCREEN_S6SY761
4297,CAN_HI311X
4298,CLK_BCM_63XX_GATE
4299,JOYSTICK_GAMECON
4300,DELL_WMI
4301,DRM_PANEL_LG_LB035Q02
4302,COMEDI_ICP_MULTI
4303,DRM_I915_DEBUG_MMIO
4304,ATM_MPOA
4305,BATTERY_DA9030
4306,RETU_WATCHDOG
4307,LZ4_DECOMPRESS
4308,PHY_MIXEL_MIPI_DPHY
4309,COMEDI_ADV_PCI1723
4310,SND_SOC_ROCKCHIP_SPDIF
4311,HID_HYPERV_MOUSE
4312,IPV6_ILA
4313,DM_INTEGRITY
4314,COMMON_CLK_XGENE
4315,BAYCOM_SER_HDX
4316,NET_SCH_ETS
4317,IOMMU_HELPER
4318,GART_IOMMU
4319,INPUT_KXTJ9
4320,MTD_PSTORE
4321,DRM_AMD_DC_DCN
4322,DRM_AMD_DC
4323,PPPOL2TP
4324,AD7768_1
4325,SND_SOC_JZ4725B_CODEC
4326,NET_SCH_CHOKE
4327,NFC_MRVL_I2C
4328,MFD_TPS68470
4329,ISCSI_TCP
4330,CHARGER_TWL4030
4331,DM_THIN_PROVISIONING
4332,NV_TCO
4333,MMC_WBSD
4334,REGULATOR_PWM
4335,VIDEO_CAFE_CCIC
4336,PINCTRL_PFC_R8A77470
4337,LCD_AMS369FG06
4338,MLX4_CORE
4339,TOUCHSCREEN_TSC200X_CORE
4340,NF_LOG_ARP
4341,DM_ZERO
4342,BLK_DEV_SKD
4343,6LOWPAN_GHC_EXT_HDR_FRAG
4344,PWM_ATMEL_HLCDC_PWM
4345,DM_BUFIO
4346,TCP_CONG_LP
4347,COMEDI_DT3000
4348,COMEDI_CB_PCIDAS
4349,IIO_SSP_SENSORHUB
4350,TOUCHSCREEN_TSC2004
4351,DRM_I915_SELFTEST
4352,FUJITSU_ES
4353,IIO_CROS_EC_SENSORS
4354,DRM_PANEL_NOVATEK_NT39016
4355,PROVE_RCU
4356,PROVE_LOCKING
4357,ADIS16400
4358,KEYBOARD_STOWAWAY
4359,BT1_L2_CTL
4360,RTC_DRV_DS3232
4361,S3C2412_COMMON_CLK
4362,NET_CLS_FLOWER
4363,JOYSTICK_MAGELLAN
4364,I2C_ALGOPCF
4365,ADXRS450
4366,CROS_EC
4367,ADF4371
4368,INTEL_TELEMETRY
4369,AD7298
4370,MOST_COMPONENTS
4371,PHY_CADENCE_TORRENT
4372,GREYBUS_LIGHT
4373,ADT7316
4374,IIO_RESCALE
4375,SND_USB_TONEPORT
4376,NETFILTER_XT_TARGET_NETMAP
4377,AD5755
4378,AD8801
4379,AD5770R
4380,AD5449
4381,PATA_LEGACY
4382,ACPI_TAD
4383,SENSORS_ADCXX
4384,GPIO_TWL4030
4385,VIDEO_SAA7164
4386,NF_LOG_IPV4
4387,CHARGER_TPS65090
4388,NET_SCH_FQ_PIE
4389,SND_USB_POD
4390,AD8366
4391,SND_DICE
4392,SYN_COOKIES
4393,SENSORS_LOCHNAGAR
4394,MOUSE_ELAN_I2C
4395,S3C2410_COMMON_CLK
4396,TOUCHSCREEN_ATMEL_MXT
4397,TOUCHSCREEN_EDT_FT5X06
4398,TOUCHSCREEN_ZFORCE
4399,CHROMEOS_LAPTOP
4400,TCP_CONG_CDG
4401,HI8435
4402,IIO_TRIGGERED_EVENT
4403,BT_QCA
4404,COMEDI_ADDI_APCI_2032
4405,USB_ROLES_INTEL_XHCI
4406,MTD_SST25L
4407,TI_DAC7311
4408,GPIO_MAX77650
4409,ADIS16201
4410,BCMA_PFLASH
4411,BCMA_NFLASH
4412,BCMA_DRIVER_MIPS
4413,PALMAS_GPADC
4414,BPFILTER_UMH
4415,BLK_DEV_RAM
4416,IP6_NF_RAW
4417,MIC_COSM
4418,MFD_AT91_USART
4419,TOUCHSCREEN_SIS_I2C
4420,VIDEO_VIM2M
4421,6LOWPAN_NHC_ROUTING
4422,AD5686_SPI
4423,SYSTEMPORT
4424,SCSI_UFSHCD_PCI
4425,CAN_EMS_USB
4426,SAMSUNG_MC
4427,MLX4_INFINIBAND
4428,COMMON_CLK_MT6797
4429,MDIO_HISI_FEMAC
4430,SND_FIREWORKS
4431,SATA_SX4
4432,DRM_PANEL_TPO_TPG110
4433,KEYBOARD_SAMSUNG
4434,TI_DAC7612
4435,CLK_SUNXI
4436,KEYBOARD_QT2160
4437,JOYSTICK_TMDC
4438,SND_FIREWIRE_DIGI00X
4439,NETFILTER_NETLINK
4440,JOYSTICK_GRIP
4441,SND_USB_AUDIO
4442,KEYBOARD_ADP5589
4443,PHY_OCELOT_SERDES
4444,CHELSIO_T3
4445,NF_CONNTRACK
4446,RTC_DRV_MAX6900
4447,PATA_CMD640_PCI
4448,AD7292
4449,PARPORT_SERIAL
4450,INPUT_88PM80X_ONKEY
4451,PINCTRL_PFC_SH7203
4452,DW_EDMA_PCIE
4453,MAX11100
4454,BACKLIGHT_LP8788
4455,PINCTRL_PFC_R8A77950
4456,SATA_QSTOR
4457,TI_ADC084S021
4458,PDC_ADMA
4459,AD5933
4460,VDPA_SIM
4461,PATA_MPIIX
4462,CHELSIO_T4VF
4463,IMG_ASCII_LCD
4464,BLK_DEV_DM
4465,SND_SOC_INTEL_DA7219_MAX98357A_GENERIC
4466,AD7793
4467,IP_MROUTE_COMMON
4468,AD2S1200
4469,NETROM
4470,COMEDI_ADDI_APCI_3XXX
4471,DVB_RTL2832_SDR
4472,TCP_CONG_HTCP
4473,COMMON_CLK_MT8183
4474,TCP_CONG_BIC
4475,RTC_DRV_DS1374
4476,BAYCOM_SER_FDX
4477,NF_CONNTRACK_BROADCAST
4478,VIDEO_TW68
4479,SND_SOC_LOCHNAGAR_SC
4480,CAN_GRCAN
4481,SENSORS_SCH5627
4482,WM831X_POWER
4483,USB_SERIAL_MOS7840
4484,DW_EDMA
4485,LTC2983
4486,ADIS16136
4487,DM_MULTIPATH_QL
4488,MTD_SPI_NOR
4489,CLK_TWL6040
4490,NET_SCH_ATM
4491,COMEDI_NI_670X
4492,DM_CLONE
4493,CHARGER_LP8788
4494,COMEDI_AMPLC_PC263_PCI
4495,USB_SERIAL_KLSI
4496,EDAC
4497,ADIS16260
4498,TOUCHSCREEN_TOUCHWIN
4499,IR_JVC_DECODER
4500,SPI_SC18IS602
4501,GPIO_74XX_MMIO
4502,SERIAL_8250_CS
4503,CAN_GS_USB
4504,LINEAR_RANGES_TEST
4505,TI_ADC108S102
4506,INPUT_RETU_PWRBUTTON
4507,COMEDI_ADDI_APCI_1516
4508,DVB_AV7110
4509,INPUT_AXP20X_PEK
4510,GOOGLE_MEMCONSOLE_COREBOOT
4511,MMA7455_SPI
4512,AD7887
4513,KEYBOARD_CROS_EC
4514,NET_CLS_TCINDEX
4515,GPIO_WM831X
4516,PCI_PRI
4517,COMMON_CLK_HI3670
4518,JOYSTICK_WARRIOR
4519,NET_DSA_MICROCHIP_KSZ9477_I2C
4520,SSB_PCIHOST
4521,SSB_DRIVER_PCICORE_POSSIBLE
4522,JOYSTICK_SPACEORB
4523,DVB_USB_V2
4524,BMA220
4525,INFINIBAND_RTRS
4526,LEDS_LP8788
4527,ADIS16130
4528,NET_PKTGEN
4529,JOYSTICK_SPACEBALL
4530,USBIP_VUDC
4531,MAXIM_THERMOCOUPLE
4532,SND_USB_6FIRE
4533,GOOGLE_MEMCONSOLE
4534,SENSORS_RM3100_SPI
4535,RTC_DRV_RV8803
4536,USB_CATC
4537,TCP_CONG_HSTCP
4538,COMEDI_NI_660X
4539,USB_SERIAL_QCAUX
4540,DRM_PANEL_NEC_NL8048HL11
4541,X86_PMEM_LEGACY
4542,VIRTIO_PCI
4543,JOYSTICK_SIDEWINDER
4544,VIDEO_CX88_MPEG
4545,COMEDI_GSC_HPDI
4546,PATA_RZ1000
4547,MCP4922
4548,NET_L3_MASTER_DEV
4549,DRM_LIB_RANDOM
4550,ACPI_PROCESSOR
4551,DEBUG_BLOCK_EXT_DEVT
4552,PINCTRL_PFC_R8A7779
4553,ADXL372_SPI
4554,INPUT_UINPUT
4555,TOUCHSCREEN_ZET6223
4556,IP_SET_HASH_NET
4557,XEN_PRIVCMD
4558,LEDS_DAC124S085
4559,SND_ATMEL_SOC_SSC_DMA
4560,RTC_DRV_MC13XXX
4561,BPQETHER
4562,TCP_CONG_BBR
4563,VIDEO_IPU3_CIO2
4564,COMEDI_ME4000
4565,NF_NAT_SIP
4566,SND_ATMEL_SOC_SSC
4567,LTC1660
4568,SUN50I_IOMMU
4569,WM831X_BACKUP
4570,TI_ADC12138
4571,FB_MATROX_MAVEN
4572,USB_ULPI
4573,USB_ULPI_VIEWPORT
4574,FXOS8700_SPI
4575,LEDS_WM8350
4576,USB_DWC2_PCI
4577,VIRTIO_CONSOLE
4578,QFMT_V1
4579,NFT_OBJREF
4580,JOYSTICK_INTERACT
4581,DRM_I915_DEBUG_RUNTIME_PM
4582,AD7124
4583,SND_SYNTH_EMUX
4584,NET_VENDOR_NETERION
4585,MMC_SPI
4586,SENSORS_SCH5636
4587,KEYBOARD_MATRIX
4588,RTC_DRV_PCF8563
4589,SND_SOC_OMAP3_TWL4030
4590,VIRTIO_INPUT
4591,PWM_LPSS_PLATFORM
4592,IIO_ST_LSM6DSX_SPI
4593,COMEDI_DAS08
4594,COMEDI_ADV_PCI_DIO
4595,USB_SERIAL_QUALCOMM
4596,NET_VENDOR_AGERE
4597,MFD_STMFX
4598,TWL6030_GPADC
4599,DLCI
4600,TOUCHSCREEN_CYTTSP4_I2C
4601,BLK_DEV_NBD
4602,TRACE_IRQFLAGS
4603,PREEMPTIRQ_TRACEPOINTS
4604,GPIO_ADP5588_IRQ
4605,TOUCHSCREEN_MCS5000
4606,INGENIC_CGU_JZ4725B
4607,NFC_NCI_SPI
4608,PARPORT_PC_PCMCIA
4609,TEXTSEARCH_KMP
4610,SCSI_UFSHCD_PLATFORM
4611,COMEDI_CB_PCIDDA
4612,USB_NET_SMSC75XX
4613,SUNGEM_PHY
4614,SUNGEM
4615,TOUCHSCREEN_MTOUCH
4616,JOYSTICK_ADI
4617,USB_F_OBEX
4618,TOUCHSCREEN_WDT87XX_I2C
4619,CRYPTO_DEV_PADLOCK_SHA
4620,NFT_SOCKET
4621,COMEDI_NI_PCIMIO
4622,PHY_CADENCE_SALVO
4623,OF_NET
4624,CAN_EMS_PCI
4625,IIO_ADIS_LIB
4626,COMEDI_ADDI_APCI_3501
4627,MTD_DATAFLASH
4628,SND_SOC_TOBERMORY
4629,USB_SPEEDTOUCH
4630,PROVIDE_OHCI1394_DMA_INIT
4631,TCP_CONG_HYBLA
4632,COMMON_CLK_PALMAS
4633,IIO_MUX
4634,IR_XMP_DECODER
4635,AD5360
4636,COMEDI_ADDI_APCI_3120
4637,CRYPTO_DEV_PADLOCK_AES
4638,IPV6_NDISC_NODETYPE
4639,USB_SERIAL_SIMPLE
4640,MTD_NAND_CADENCE
4641,DRM_PANEL_TPO_TD043MTEA1
4642,SYNCLINK_CS
4643,PINCTRL_SH_PFC
4644,AD7150
4645,MTD_SPI_NAND
4646,RTC_DRV_PCF8523
4647,MPTCP
4648,BPFILTER
4649,NET_CLS_CGROUP
4650,RC_LOOPBACK
4651,BMC150_MAGN_SPI
4652,6LOWPAN_GHC_EXT_HDR_DEST
4653,NET_VENDOR_SIS
4654,AD9523
4655,BRIDGE_NF_EBTABLES
4656,VIDEO_HEXIUM_ORION
4657,SND_OXFW
4658,CLK_BCM_SR
4659,SPI_XCOMM
4660,SND_USB_VARIAX
4661,SND_HDA_COMPONENT
4662,PM_GENERIC_DOMAINS_SLEEP
4663,BCMGENET
4664,GCC_PLUGIN_CYC_COMPLEXITY
4665,SND_SOC_JZ4740_CODEC
4666,MAX5481
4667,KEYBOARD_IQS62X
4668,RBTREE_TEST
4669,COMEDI_CB_PCIMDDA
4670,USB_SERIAL_SIERRAWIRELESS
4671,TCP_CONG_ADVANCED
4672,COMMON_CLK_HI3660
4673,CHELSIO_T1
4674,COMMON_CLK_S2MPS11
4675,COMEDI_ADL_PCI6208
4676,AD7476
4677,REED_SOLOMON_TEST
4678,GPIO_SYSCON
4679,DM_CACHE_SMQ
4680,NF_TABLES
4681,MLXREG_IO
4682,JOYSTICK_GUILLEMOT
4683,CHARGER_WILCO
4684,SND_SOC_RT5514_SPI
4685,THUNDER_NIC_RGX
4686,FB_SIS_300
4687,IP_VS_SH
4688,USB_CXACRU
4689,MTD_SWAP
4690,COMEDI_ADDI_APCI_1564
4691,WILCO_EC_TELEMETRY
4692,IP_SET_HASH_NETIFACE
4693,TOUCHSCREEN_ILI210X
4694,ET131X
4695,USB_SERIAL_KEYSPAN
4696,REGULATOR_TPS6586X
4697,COMEDI_ADV_PCI1710
4698,SPI_LM70_LLP
4699,ACPI_PCI_SLOT
4700,DELL_RBU
4701,SND_SOC_INTEL_SKYLAKE_SSP_CLK
4702,COMEDI_NI_LABPC
4703,CLK_BCM_NSP
4704,MDIO_BUS_MUX_GPIO
4705,SCSI_BUSLOGIC
4706,COMMON_CLK_MT2701
4707,PINCTRL_PFC_R8A7793
4708,VIDEO_VICODEC
4709,MMC_SDHCI_MILBEAUT
4710,CLK_BCM_CYGNUS
4711,VIDEO_DT3155
4712,IP_SET_HASH_IPMARK
4713,COMEDI_DYNA_PCI10XX
4714,BCMA_DRIVER_PCI
4715,SERIAL_IPOCTAL
4716,MICREL_KS8995MA
4717,COMEDI_AMPLC_DIO200_PCI
4718,ATM_ZATM
4719,INTEL_SOC_PMIC_BXTWC
4720,INPUT_ATLAS_BTNS
4721,IP6_NF_FILTER
4722,AD7746
4723,CHARGER_MAX8998
4724,BPF_JIT
4725,BPF_JIT_DEFAULT_ON
4726,USB_U_SERIAL
4727,TABLET_SERIAL_WACOM4
4728,VIDEO_HEXIUM_GEMINI
4729,CAN_MCP251X
4730,NF_CONNTRACK_NETBIOS_NS
4731,SND_JZ4740_SOC_I2S
4732,USB_SERIAL_F8153X
4733,NET_VENDOR_SUN
4734,MCP41010
4735,AD7780
4736,USB_NET_DM9601
4737,SND_SOC_CPCAP
4738,NFC_ST95HF
4739,ATM_HORIZON
4740,USB_NET_CDC_MBIM
4741,USB_NET_CX82310_ETH
4742,JOYSTICK_STINGER
4743,INPUT_CMA3000_I2C
4744,DRM_I915_SW_FENCE_DEBUG_OBJECTS
4745,TCP_CONG_YEAH
4746,PWM_FSL_FTM
4747,CRAMFS
4748,I2C_PXA_SLAVE
4749,USB_NET_GL620A
4750,MOST_I2C
4751,NET_VENDOR_BROADCOM
4752,MANTIS_CORE
4753,INPUT_IDEAPAD_SLIDEBAR
4754,MAX31856
4755,IIO_SSP_SENSORS_COMMONS
4756,USB_SERIAL_OPTION
4757,CRYPTO_DEV_ATMEL_SHA204A
4758,CROS_EC_TYPEC
4759,SPI_DW_MMIO
4760,XEN_FRONT_PGDIR_SHBUF
4761,SUNDANCE
4762,EINT_MTK
4763,COMEDI_ADL_PCI7X3X
4764,USB_F_SERIAL
4765,LIBNVDIMM
4766,REGULATOR_MAX77686
4767,USB_NET_SMSC95XX
4768,RTC_DRV_ABB5ZES3
4769,NETFILTER_XT_MATCH_CONNTRACK
4770,AD7192
4771,INGENIC_OST
4772,PCIEPORTBUS
4773,MFD_ATMEL_HLCDC
4774,VIDEO_ASPEED
4775,USB_SERIAL_IPW
4776,MMC_SDHCI_CADENCE
4777,AD5764
4778,USB_SERIAL_MOS7720
4779,NET_CLS_ROUTE4
4780,NF_CONNTRACK_SIP
4781,SND_SOC_INTEL_CML_LP
4782,TCP_MD5SIG
4783,SND_ATMEL_SOC_SSC_PDC
4784,USB_SERIAL_CP210X
4785,SND_SOC_SOF_INTEL_COMMON
4786,SND_SOC_SOF_XTENSA
4787,TOUCHSCREEN_MK712
4788,COMEDI_ADL_PCI9111
4789,MDIO_IPQ4019
4790,TOUCHSCREEN_UCB1400
4791,MLXSW_CORE
4792,JOYSTICK_GRIP_MP
4793,REGULATOR_DA9052
4794,SND_FIREWIRE_TASCAM
4795,CRYPTO_KPP
4796,USB_NET_CDC_SUBSET
4797,COMEDI_AMPLC_PC236_PCI
4798,COMEDI_AMPLC_PCI230
4799,USB_SERIAL_IPAQ
4800,USB_UEAGLEATM
4801,USB_NET_ZAURUS
4802,COMEDI_S626
4803,USB_NET_CDC_SUBSET_ENABLE
4804,TOUCHSCREEN_ADC
4805,DMI_SYSFS
4806,REGULATOR_MAX8998
4807,SPI_BUTTERFLY
4808,VIDEO_VIMC
4809,CAN_KVASER_PCI
4810,VXGE
4811,USB_SERIAL_CH341
4812,REGULATOR_WM8400
4813,RADIO_WL1273
4814,FTM_QUADDEC
4815,CLK_RCAR_GEN2_CPG
4816,PCENGINES_APU2
4817,DRM_AMDGPU_USERPTR
4818,NF_CT_NETLINK
4819,ADT7316_I2C
4820,CRYPTO_DEV_VIRTIO
4821,FSI
4822,RFKILL_LEDS
4823,USB_NET_CH9200
4824,NET_VENDOR_DLINK
4825,IP_VS_WLC
4826,CLK_BCM_KONA
4827,SND_USB_CAIAQ
4828,AD7606_IFACE_SPI
4829,USB_SERIAL_IR
4830,CDROM_PKTCDVD
4831,NFT_FIB
4832,USB_KEENE
4833,NFT_COMPAT
4834,PCI_MSI
4835,PCI_MSI_IRQ_DOMAIN
4836,SND_SUN8I_CODEC
4837,SND_JACK_INPUT_DEV
4838,USB_NET_AX88179_178A
4839,USB_NET_SR9800
4840,TCP_CONG_WESTWOOD
4841,VIDEO_MXB
4842,NF_LOG_NETDEV
4843,TOUCHSCREEN_TI_AM335X_TSC
4844,CLK_RCAR_GEN3_CPG
4845,IR_RC6_DECODER
4846,USB_SERIAL_QT2
4847,VIDEO_MEM2MEM_DEINTERLACE
4848,TEST_LIST_SORT
4849,NFT_LIMIT
4850,AMD8111_ETH
4851,ZRAM
4852,CLK_BCM_HR2
4853,DEBUG_RWSEMS
4854,ST_UVIS25_SPI
4855,IP_SET_HASH_NETNET
4856,USB_NET_AQC111
4857,SLIP
4858,CLK_RENESAS
4859,CLK_RENESAS_DIV6
4860,CLK_RENESAS_CPG_MSSR
4861,LIB80211
4862,PCI_QUIRKS
4863,GREYBUS_RAW
4864,SND_SOC_INTEL_CML_H
4865,DM_MULTIPATH_HST
4866,GPIO_LOGICVC
4867,INTEL_MENLOW
4868,REGULATOR_LP8788
4869,CHARGER_MAX8997
4870,MTD_MCHP23K256
4871,FPGA_MGR_XILINX_SPI
4872,DVB_AS102_FE
4873,DVB_AS102
4874,FSI_OCC
4875,USB_G_ACM_MS
4876,PLATFORM_SI4713
4877,NFT_HASH
4878,COMEDI_NI_LABPC_PCI
4879,USB_SERIAL_METRO
4880,COMEDI_ME_DAQ
4881,USB_SERIAL_FTDI_SIO
4882,INTEL_MFLD_THERMAL
4883,I2C_SI470X
4884,MCP3911
4885,KEYBOARD_GPIO_POLLED
4886,IP_VS_SED
4887,SCSI_IMM
4888,USB_SERIAL_KOBIL_SCT
4889,IP_SET_HASH_NETPORTNET
4890,POWER_RESET_OCELOT_RESET
4891,9P_FS
4892,NOUVEAU_DEBUG_MMU
4893,LIBFCOE
4894,EXTCON_AXP288
4895,DM_DELAY
4896,EFI_BOOTLOADER_CONTROL
4897,SND_USB_PODHD
4898,KEMPLD_WDT
4899,CRYPTO_DEV_NITROX
4900,CRYPTO_DEV_NITROX_CNN55XX
4901,BACKTRACE_SELF_TEST
4902,SND_BEBOB
4903,JOYSTICK_FSIA6B
4904,JOYSTICK_TWIDJOY
4905,CLK_BCM2835
4906,COMMON_CLK_MT2712
4907,SND_SST_ATOM_HIFI2_PLATFORM_ACPI
4908,SND_SST_IPC_ACPI
4909,THUNDER_NIC_VF
4910,SENSORS_BT1_PVT_ALARMS
4911,GPIO_SAMA5D2_PIOBU
4912,ADE7854
4913,TOUCHSCREEN_FUJITSU
4914,DRM_AMDGPU_SI
4915,VIRTIO
4916,IPV6_SEG6_HMAC
4917,POWER_RESET_KEYSTONE
4918,TCP_CONG_SCALABLE
4919,ZIIRAVE_WATCHDOG
4920,USB_CDC_COMPOSITE
4921,COMMON_CLK_HI6220
4922,USB_SERIAL_ARK3116
4923,USB_NET_QMI_WWAN
4924,GREYBUS_VIBRATOR
4925,INTEL_MRFLD_ADC
4926,BLK_DEV_IDECD
4927,TOUCHSCREEN_WACOM_W8001
4928,CODA_FS
4929,COMEDI_ADL_PCI9118
4930,CLK_RENESAS_CPG_MSTP
4931,COMEDI_ADDI_APCI_16XX
4932,BLK_DEV_LOOP
4933,REGULATOR_VCTRL
4934,USB_SERIAL_CYPRESS_M8
4935,USB_EG20T
4936,WILCO_EC_DEBUGFS
4937,RTC_DRV_CROS_EC
4938,NET_SCH_FIFO
4939,NET_SCHED
4940,NET_CLS
4941,MMC_SDHCI_OF_ARASAN
4942,HSA_AMD
4943,PHY_S5PV210_USB2
4944,SYSC_R8A77965
4945,SND_USB_UA101
4946,VIDEO_S5C73M3
4947,SND_SOC_QCOM_COMMON
4948,POWER_RESET_BRCMKONA
4949,MMC_SDHCI_OMAP
4950,NLS
4951,CLK_BCM_63XX
4952,POWER_RESET_BRCMSTB
4953,USB_SERIAL_KEYSPAN_PDA
4954,GOOGLE_VPD
4955,VIDEO_TW5864
4956,WILCO_EC_EVENTS
4957,USB_G_DBGP
4958,VIDEO_EM28XX
4959,B44
4960,MAC80211_HWSIM
4961,CEC_PIN
4962,IEEE802154_FAKELB
4963,SND_EMU10K1_SEQ
4964,IP_SET_BITMAP_IP
4965,SND_SOC_INTEL_SKYLAKE
4966,IOMMU_IO_PGTABLE_LPAE_SELFTEST
4967,COMEDI_KE_COUNTER
4968,DVB_B2C2_FLEXCOP_USB
4969,MISDN_W6692
4970,NETFILTER_XT_MATCH_STATE
4971,IP_SET_HASH_IPMAC
4972,LEDS_EL15203000
4973,DRM_AMD_ACP
4974,MLXSW_PCI
4975,USB_SERIAL_NAVMAN
4976,USB_SERIAL_OMNINET
4977,IP_VS_FO
4978,NFC_ST_NCI_SPI
4979,MISDN
4980,X86_INTEL_LPSS
4981,COMMON_CLK_MT6779
4982,MCP4131
4983,QCOM_HIDMA
4984,RADIO_SHARK
4985,TEXTSEARCH_FSM
4986,TEXTSEARCH_BM
4987,CRYPTO_DH
4988,USB_SERIAL_MCT_U232
4989,IIO_ST_ACCEL_I2C_3AXIS
4990,COMMON_CLK_MT8135
4991,USB_NET_HUAWEI_CDC_NCM
4992,PCIE_PME
4993,IP_VS_DH
4994,IR_RC5_DECODER
4995,IP_SET_HASH_IPPORT
4996,CHARGER_88PM860X
4997,CRYPTO_JITTERENTROPY
4998,CRYPTO_LIB_CHACHA_GENERIC
4999,MTK_IOMMU
5000,MTK_SMI
5001,IP_SET_HASH_IP
5002,BLK_DEV_NULL_BLK
5003,USB_NET_AX8817X
5004,DVB_BUDGET
5005,COMEDI_NI_PCIDIO
5006,IP_VS_LBLC
5007,ATM_ENI
5008,MOST_CDEV
5009,COMEDI_JR3_PCI
5010,USB_XUSBATM
5011,DEVPORT
5012,JOYSTICK_ANALOG
5013,USB_NET_CDC_EEM
5014,USB_UHCI_HCD
5015,USB_SIERRA_NET
5016,VIDEO_CX18
5017,CEC_SECO
5018,USB_SERIAL_VISOR
5019,SYSC_R8A7794
5020,TCP_CONG_NV
5021,PAGE_POOL
5022,USB_SERIAL_DEBUG
5023,SND_PCI
5024,LCD_ILI922X
5025,ATM_FIRESTREAM
5026,OMAP_CONTROL_PHY
5027,TOUCHSCREEN_CHIPONE_ICN8505
5028,COMEDI_ADV_PCI1720
5029,SND_SOC_OMAP_ABE_TWL6040
5030,ADE7854_I2C
5031,IR_SIR
5032,INFINIBAND_RTRS_SERVER
5033,NET_VENDOR_BROCADE
5034,BCACHE
5035,VHOST_VSOCK
5036,NFT_COUNTER
5037,ATL2
5038,SERIAL_FSL_LPUART
5039,IR_RCMM_DECODER
5040,MMC_SDHCI_AM654
5041,DUMMY
5042,VIDEO_SAA7134_DVB
5043,COMEDI_ADDI_APCI_2200
5044,COMEDI_ADDI_APCI_1032
5045,INGENIC_CGU_JZ4770
5046,PHY_FSL_IMX8MQ_USB
5047,THUNDER_NIC_BGX
5048,TCG_TIS_ST33ZP24_SPI
5049,USB_EHCI_PCI
5050,JOYSTICK_IFORCE_232
5051,AUDITSYSCALL
5052,AUDIT
5053,NETXEN_NIC
5054,EFI_CAPSULE_LOADER
5055,TI_ADS8344
5056,SND_INTEL_NHLT
5057,COMMON_CLK_MT8516
5058,LCD_CLASS_DEVICE
5059,HMM_MIRROR
5060,MMC_SDHCI_OF_ASPEED
5061,REGULATOR_MAX8925
5062,CADENCE_TTC_TIMER
5063,MACSEC
5064,INGENIC_CGU_X1830
5065,RTC_DRV_EM3027
5066,MFD_ATMEL_FLEXCOM
5067,BATTERY_88PM860X
5068,MOUSE_VSXXXAA
5069,INPUT_GPIO_ROTARY_ENCODER
5070,USB_SERIAL_TI
5071,TOUCHSCREEN_DYNAPRO
5072,IR_NEC_DECODER
5073,HAPPYMEAL
5074,NFT_TPROXY
5075,TCP_CONG_VENO
5076,SMS_USB_DRV
5077,DVB_CXD2880
5078,IP_NF_RAW
5079,COMEDI_DAS08_PCI
5080,IP6_NF_MATCH_IPV6HEADER
5081,MMC_SDHCI_OF_AT91
5082,TI_ADC128S052
5083,USB_SERIAL_F81232
5084,RING_BUFFER_BENCHMARK
5085,COMEDI_DAQBOARD2000
5086,USB_F_UAC1_LEGACY
5087,IR_SANYO_DECODER
5088,MISDN_AVMFRITZ
5089,COMEDI_AMPLC_PC236
5090,S390_CCW_IOMMU
5091,SIMPLE_PM_BUS
5092,ETHTOOL_NETLINK
5093,LCD_LMS501KF03
5094,TPM_KEY_PARSER
5095,USB_MR800
5096,IP_SET_HASH_IPPORTNET
5097,MDIO_OCTEON
5098,JOYSTICK_IFORCE
5099,USB_SERIAL_SAFE
5100,REGULATOR_TPS65090
5101,SERIAL_ALTERA_UART
5102,COMEDI_ADV_PCI1760
5103,COPS
5104,ATM_SOLOS
5105,USB_SERIAL_SYMBOL
5106,ATM_FORE200E
5107,SYSC_R8A7743
5108,MUX_ADGS1408
5109,FAIL_MAKE_REQUEST
5110,USB_DWC3_HAPS
5111,NF_NAT_FTP
5112,NFC_NCI_UART
5113,USB_SERIAL_OTI6858
5114,FUSION_FC
5115,USB_SERIAL_MXUPORT
5116,ISCSI_IBFT
5117,USB_G_SERIAL
5118,REGULATOR_88PM8607
5119,IR_SHARP_DECODER
5120,USB_NET_KALMIA
5121,BATTERY_TWL4030_MADC
5122,JOYSTICK_A3D
5123,DVB_TTUSB_DEC
5124,MOST_SOUND
5125,TEST_MIN_HEAP
5126,MMC_GOLDFISH
5127,NIU
5128,NET_NCSI
5129,TOUCHSCREEN_EGALAX_SERIAL
5130,DEFAULT_CUBIC
5131,HYPERV_BALLOON
5132,IPMI_KCS_BMC
5133,FS_IOMAP
5134,COMMON_CLK_MT7629
5135,NETWORK_SECMARK
5136,USB_SERIAL_EDGEPORT
5137,TI_ADS124S08
5138,KEYBOARD_ATKBD
5139,PPTP
5140,MOST_NET
5141,STUB_CLK_HI6220
5142,HYPERV_KEYBOARD
5143,NET_VENDOR_ALTEON
5144,USB_NET_SR9700
5145,MLXFW
5146,COMEDI_CONTEC_PCI_DIO
5147,IP_NF_IPTABLES
5148,REGULATOR_RC5T583
5149,BLK_SCSI_REQUEST
5150,INTERVAL_TREE_TEST
5151,VIDEO_VIVID
5152,SND_JACK
5153,USB_NET_INT51X1
5154,GPIO_HLWD
5155,CRYPTO_CTR
5156,USB_NET_PLUSB
5157,REGULATOR_MAX77650
5158,BLOCK
5159,IP_VS_NQ
5160,CLK_ACTIONS
5161,EXTCON_PALMAS
5162,SND_SOC_SOF_INTEL_PCI
5163,IP_VS_MH
5164,USB_SERIAL_OPTICON
5165,USB_DSBR
5166,NETFILTER_XT_TARGET_LOG
5167,NF_CONNTRACK_BRIDGE
5168,QCOM_IOMMU
5169,TOUCHSCREEN_GUNZE
5170,ATM_IA
5171,RTC_DRV_DS1553
5172,INFINIBAND_EFA
5173,MOUSE_GPIO
5174,COMEDI_NI_6527
5175,STUB_CLK_HI3660
5176,SPI_PXA2XX
5177,SIS190
5178,SND_SOC_INTEL_KBL_RT5660_MACH
5179,TOUCHSCREEN_CYTTSP_CORE
5180,SIS900
5181,TOUCHSCREEN_TOUCHRIGHT
5182,TEHUTI
5183,USB_MA901
5184,JOYSTICK_JOYDUMP
5185,REGULATOR_WM831X
5186,USB_SERIAL_WHITEHEAT
5187,COMMON_CLK_MT8173
5188,INPUT_AD714X
5189,INPUT_IMS_PCU
5190,IP_ADVANCED_ROUTER
5191,IP_VS_RR
5192,NFC_TRF7970A
5193,TOUCHSCREEN_AD7879
5194,RTC_DRV_DS1511
5195,CPU_FREQ_GOV_ONDEMAND
5196,SND_SOC_SOF_HDA_COMMON
5197,SND_SOC_SOF_HDA_LINK_BASELINE
5198,DRM_AMDGPU_GART_DEBUGFS
5199,USB_SERIAL_AIRCABLE
5200,QCOM_HIDMA_MGMT
5201,COMMON_CLK_GEMINI
5202,SSB_DRIVER_PCICORE
5203,USB_SERIAL_CYBERJACK
5204,ATL1E
5205,USB_SERIAL_SSU100
5206,FUSION
5207,SND_SOC_INTEL_SKL_NAU88L25_SSM4567_MACH
5208,BNA
5209,SCSI_CXGB3_ISCSI
5210,TOUCHSCREEN_INEXIO
5211,TOUCHSCREEN_HAMPSHIRE
5212,PINCTRL_EQUILIBRIUM
5213,USB_NET_MCS7830
5214,USB_SNP_UDC_PLAT
5215,LCD_OTM3225A
5216,COMMON_CLK_OXNAS
5217,SND_SOC_IMX_ES8328
5218,NET_VENDOR_SILAN
5219,TOUCHSCREEN_TOUCHIT213
5220,IP6_NF_MANGLE
5221,INTEL_IDMA64
5222,IIO_ST_ACCEL_3AXIS
5223,IIO_ST_PRESS_SPI
5224,OF_PMEM
5225,IXGB
5226,PCNET32
5227,SND_SOC_INTEL_SKL_RT286_MACH
5228,INFINIBAND_OCRDMA
5229,USB_SERIAL_BELKIN
5230,TOUCHSCREEN_DA9052
5231,IXGBE
5232,KEYBOARD_LKKBD
5233,IPV6_SEG6_LWTUNNEL
5234,INPUT_MAX77693_HAPTIC
5235,SUNXI_CCU
5236,DYNAMIC_MEMORY_LAYOUT
5237,NFT_QUOTA
5238,IP_SET_BITMAP_IPMAC
5239,VIRTIO_NET
5240,USB_SERIAL_SPCP8X5
5241,PATA_PLATFORM
5242,EFIVAR_FS
5243,BRIDGE_EBT_NFLOG
5244,CLK_BCM_NS2
5245,BATTERY_RX51
5246,REGULATOR_TWL4030
5247,CASSINI
5248,NET_VENDOR_CISCO
5249,NET_VENDOR_PACKET_ENGINES
5250,ADIS16475
5251,B53_SPI_DRIVER
5252,USB_F_PHONET
5253,MISDN_L1OIP
5254,ATM_NICSTAR
5255,SBNI
5256,REGULATOR_MAX77802
5257,I2C_CHT_WC
5258,NFT_XFRM
5259,ISI
5260,IP_VS_LC
5261,GOOGLE_COREBOOT_TABLE
5262,IP_VS_OVF
5263,X86_SPEEDSTEP_LIB
5264,X86_P4_CLOCKMOD
5265,CROS_EC_SPI
5266,SERIAL_SPRD
5267,INGENIC_TIMER
5268,NFT_TUNNEL
5269,GREYBUS_POWER
5270,INFINIBAND_RTRS_CLIENT
5271,VFIO_MDEV
5272,USB
5273,IP_SET_BITMAP_PORT
5274,IP_ROUTE_CLASSID
5275,ARMADA375_USBCLUSTER_PHY
5276,NETFILTER_XT_TARGET_NFLOG
5277,IR_SERIAL
5278,ATM_AMBASSADOR
5279,IP_SET_LIST_SET
5280,TOUCHSCREEN_PENMOUNT
5281,USB_NET_NET1080
5282,SYSC_R8A7790
5283,GREYBUS_GPIO
5284,INGENIC_TCU_CLK
5285,SPI_INTEL_SPI_PLATFORM
5286,INTEL_BXT_PMIC_THERMAL
5287,NFC_ST21NFCA
5288,NFC_ST21NFCA_I2C
5289,SND_MCHP_SOC_I2S_MCC
5290,NET_VENDOR_NVIDIA
5291,ATM_DUMMY
5292,ASUS_WMI
5293,DRM_NOUVEAU_BACKLIGHT
5294,CPUMASK_OFFSTACK
5295,IP_NF_FILTER
5296,KEYBOARD_SUNKBD
5297,COMEDI_NI_65XX
5298,XEN_PCIDEV_FRONTEND
5299,COMEDI_AMPLC_DIO200
5300,S2IO
5301,RTC_DRV_RC5T619
5302,BLK_DEV_RBD
5303,SND_VXPOCKET
5304,VFIO_MDEV_DEVICE
5305,DEV_DAX
5306,SERIAL_OF_PLATFORM
5307,RTC_DRV_M48T35
5308,ATM_HE
5309,IP_VS_WRR
5310,DRM_RADEON_USERPTR
5311,ACPI_APEI_EINJ
5312,DVB_DM1105
5313,FS_ENCRYPTION_ALGS
5314,COMMON_CLK_ASPEED
5315,IP_VS_LBLCR
5316,SYSC_R8A77990
5317,VHOST_VDPA
5318,LCD_ILI9320
5319,NF_CONNTRACK_FTP
5320,PINCTRL_SINGLE
5321,INPUT_GPIO_VIBRA
5322,S3C2443_COMMON_CLK
5323,MV_XOR
5324,GREYBUS_LOOPBACK
5325,USB_SERIAL_IUU
5326,NET_VENDOR_TEHUTI
5327,IP_PNP
5328,DVB_SMIPCIE
5329,TAP
5330,IR_SONY_DECODER
5331,ALTERA_MSGDMA
5332,USB_CONN_GPIO
5333,SND_SOC_INTEL_BYTCR_RT5640_MACH
5334,QED
5335,NFC_MICROREAD_I2C
5336,SUN5I_HSTIMER
5337,TEST_SORT
5338,KEYBOARD_MTK_PMIC
5339,AD525X_DPOT_SPI
5340,SND_SOC_INTEL_KBL_RT5663_MAX98927_MACH
5341,DRM_I915_GVT
5342,USB_GOKU
5343,ATM_LANAI
5344,SCSI_UFS_DWC_TC_PCI
5345,ENIC
5346,ATL1
5347,COMEDI_KCOMEDILIB
5348,GPIO_MAX732X_IRQ
5349,EQUALIZER
5350,IOMMU_DMA
5351,IRQ_MSI_IOMMU
5352,MISDN_HFCMULTI
5353,SND_AT91_SOC_SAM9X5_WM8731
5354,KEYBOARD_OPENCORES
5355,COMEDI_ADDI_APCI_1500
5356,SG_POOL
5357,USB_AMD5536UDC
5358,RTC_DRV_DS1286
5359,GPIO_XRA1403
5360,KEYBOARD_XTKBD
5361,GENEVE
5362,SYSC_R8A77960
5363,TOUCHSCREEN_ELO
5364,KSZ884X_PCI
5365,NFT_REJECT
5366,I40E
5367,INPUT_REGULATOR_HAPTIC
5368,TRACE_SINK
5369,SND_SOC_INTEL_KBL_DA7219_MAX98357A_MACH
5370,MTK_CMDQ_MBOX
5371,ATL1C
5372,TASKS_TRACE_RCU
5373,TASKS_RCU
5374,IIO_DUMMY_EVGEN
5375,GPIO_WHISKEY_COVE
5376,HAVE_CLK
5377,HAVE_CLK_PREPARE
5378,CLKDEV_LOOKUP
5379,COMMON_CLK
5380,USB_SERIAL_EMPEG
5381,SND_SOC_INTEL_CHT_BSW_MAX98090_TI_MACH
5382,TYPHOON
5383,E100
5384,INGENIC_CGU_JZ4780
5385,INPUT_E3X0_BUTTON
5386,AXP288_CHARGER
5387,MACVLAN
5388,XFRM_SUB_POLICY
5389,CHARGER_MAX77650
5390,CLK_SP810
5391,WEXT_CORE
5392,INPUT_ADXL34X
5393,FPGA_MGR_ALTERA_PS_SPI
5394,NATSEMI
5395,RTC_DRV_RP5C01
5396,XEN_FBDEV_FRONTEND
5397,PARIDE
5398,INGENIC_CGU_X1000
5399,CLK_SIFIVE
5400,MISDN_ISAR
5401,MISDN_SPEEDFAX
5402,WIREGUARD
5403,NF_CONNTRACK_IRC
5404,CLK_BAIKAL_T1
5405,MS5611_SPI
5406,INPUT_GPIO_DECODER
5407,MISDN_DSP
5408,USB_SERIAL_GARMIN
5409,REGULATOR_MAX8997
5410,NFT_LOG
5411,ATM_IDT77252
5412,USBPCWATCHDOG
5413,REGULATOR_AAT2870
5414,SND_SOC_INTEL_KBL_DA7219_MAX98927_MACH
5415,SND_VMASTER
5416,EFI_TEST
5417,COMEDI_8255_PCI
5418,MMCONF_FAM10H
5419,NET_TEAM_MODE_ROUNDROBIN
5420,STM32_DMAMUX
5421,CAIF_HSI
5422,BAYCOM_PAR
5423,R8169
5424,PCIE_CADENCE
5425,PCIE_CADENCE_PLAT
5426,EFI_VARS
5427,SYSC_R8A77470
5428,GREYBUS_LOG
5429,SFC
5430,PCI_ENDPOINT
5431,SND_ATMEL_SOC_PDMIC
5432,SCSI_PPA
5433,COMMON_CLK_MT7622
5434,GREYBUS_BRIDGED_PHY
5435,BLK_DEV_BSG
5436,SCSI_UFS_DWC_TC_PLATFORM
5437,USB_SERIAL_XIRCOM
5438,INTEL_BXTWC_PMIC_TMU
5439,IP_SET_HASH_MAC
5440,E1000
5441,INPUT_GPIO_BEEPER
5442,DVB_USB_AF9035
5443,INGENIC_CGU_JZ4740
5444,AQTION
5445,LIB80211_CRYPT_TKIP
5446,LIB80211_CRYPT_WEP
5447,LIB80211_CRYPT_CCMP
5448,PCI200SYN
5449,NET_VENDOR_MELLANOX
5450,SPI_AXI_SPI_ENGINE
5451,USB_SERIAL_WISHBONE
5452,MLX4_EN
5453,SND_SOC_MSM8996
5454,SCSI_SIM710
5455,BRIDGE_EBT_REDIRECT
5456,DVB_USB_ZD1301
5457,FAULT_INJECTION
5458,USB_SERIAL_DIGI_ACCELEPORT
5459,HSU_DMA
5460,INFINIBAND_ISER
5461,SERIO_SERPORT
5462,SYSC_R8A7792
5463,USB_SL811_CS
5464,IP_NF_MANGLE
5465,BRCMUTIL
5466,KEYBOARD_NEWTON
5467,TOUCHSCREEN_TSC_SERIO
5468,SYSTEM_DATA_VERIFICATION
5469,NF_NAT_IRC
5470,NOUVEAU_LEGACY_CTX_SUPPORT
5471,MPLS_ROUTING
5472,IMX_SCU
5473,SYSC_R8A7795
5474,FPGA_MGR_MACHXO2_SPI
5475,LCD_LMS283GF05
5476,VIDEO_EM28XX_V4L2
5477,IP_MULTICAST
5478,IP_NF_NAT
5479,ICST
5480,KEYBOARD_GPIO
5481,FORCEDETH
5482,EARLY_PRINTK_USB
5483,LCD_HX8357
5484,USB_STKWEBCAM
5485,GPIO_ADP5520
5486,REGULATOR_WM8350
5487,MWAVE
5488,DRM_I915_DEBUG_GUC
5489,VXLAN
5490,ACPI_NFIT
5491,SYSC_R8A77995
5492,B44_PCI_AUTOSELECT
5493,B44_PCI
5494,B44_PCICORE_AUTOSELECT
5495,SND_SOC_GENERIC_DMAENGINE_PCM
5496,DM_LOG_USERSPACE
5497,HID_CP2112
5498,INPUT_CMA3000
5499,R6040
5500,MOUSE_SERIAL
5501,BRIDGE_EBT_VLAN
5502,BRIDGE_EBT_LIMIT
5503,DVB_BUDGET_AV
5504,HOTPLUG_PCI
5505,MOUSE_PS2
5506,PHY_MAPPHONE_MDM6600
5507,PSTORE
5508,LCD_L4F00242T03
5509,SYSC_R8A7791
5510,IR_MCE_KBD_DECODER
5511,MLXSW_I2C
5512,NET_VENDOR_ATHEROS
5513,INFINIBAND_USER_MEM
5514,RTC_DRV_STK17TA8
5515,REGULATOR_DA903X
5516,ADVANTECH_WDT
5517,NETFILTER_XT_TARGET_TEE
5518,WM8350_POWER
5519,AMD_XGBE
5520,USB_SERIAL_PL2303
5521,WAN
5522,MAXSMP
5523,REGULATOR_PALMAS
5524,USB_SERIAL
5525,BLK_DEV_BSGLIB
5526,XFRM_ESPINTCP
5527,LCD_VGG2432A4
5528,INPUT_RAVE_SP_PWRBUTTON
5529,REGULATOR_AS3711
5530,RTC_DRV_AS3722
5531,LAN743X
5532,QLA3XXX
5533,IGC
5534,DRA752_THERMAL
5535,BLK_MQ_VIRTIO
5536,HDLC_CISCO
5537,FB_CFB_REV_PIXELS_IN_BYTE
5538,RADIO_SHARK2
5539,SERIAL_ARC
5540,KXSD9_SPI
5541,STM32_DMA
5542,ZONEFS_FS
5543,EXTCON
5544,MMC_SDHCI_OF_DWCMSHC
5545,GREYBUS_I2C
5546,FB_CYBER2000_DDC
5547,USB_ZR364XX
5548,SYSC_R8A774A1
5549,USB_SERIAL_EDGEPORT_TI
5550,GREYBUS_BOOTROM
5551,SND_SOC_INTEL_SST_ACPI
5552,SND_SOC_INTEL_SST_FIRMWARE
5553,RTC_DRV_MSM6242
5554,NVME_RDMA
5555,IONIC
5556,MFD_INTEL_MSIC
5557,SCSI_CXGB4_ISCSI
5558,IPV6_OPTIMISTIC_DAD
5559,SYSC_R8A77980
5560,CRYPTO_DEV_QCE_ENABLE_ALL
5561,CRYPTO_DEV_QCE_SHA
5562,CRYPTO_DEV_QCE_SKCIPHER
5563,VETH
5564,BLK_DEV_DELKIN
5565,VBOXSF_FS
5566,IR_IMON_DECODER
5567,CGROUP_NET_CLASSID
5568,IOSF_MBI_DEBUG
5569,REGULATOR_TPS80031
5570,LEDS_CR0014114
5571,EP93XX_DMA
5572,SND_ATMEL_SOC_WM8904
5573,JOYSTICK_ZHENHUA
5574,SND_SOC_FSL_ASOC_CARD
5575,DW_DMAC
5576,COMMON_CLK_BM1880
5577,NETCONSOLE
5578,RTC_DRV_HYM8563
5579,BRIDGE_EBT_BROUTE
5580,S390_AP_IOMMU
5581,SND_XEN_FRONTEND
5582,TCG_TIS_SPI
5583,PATA_SIS
5584,PWM_TWL
5585,SND_ATMEL_SOC_I2S
5586,RTC_DRV_DS1685_FAMILY
5587,DVB_TTUSB_BUDGET
5588,E1000E
5589,HYPERV
5590,WANXL
5591,NFT_CT
5592,OMAP4_THERMAL
5593,MISDN_INFINEON
5594,PCI_MMCONFIG
5595,COMMON_CLK_MT6765
5596,QLGE
5597,CEC_CROS_EC
5598,VIDEO_CX231XX
5599,SND_SOC_INTEL_SKL_NAU88L25_MAX98357A_MACH
5600,DRM_I915_CAPTURE_ERROR
5601,USB_RAREMONO
5602,MXS_DMA
5603,8139CP
5604,SCSI_UFS_CDNS_PLATFORM
5605,CAIF_SPI_SLAVE
5606,VIDEO_VIA_CAMERA
5607,VIRTIO_BALLOON
5608,VIDEO_IVTV
5609,SYSC_R8A774C0
5610,SERIAL_SCCNXP
5611,STM_SOURCE_FTRACE
5612,TEST_STACKINIT
5613,BT_RFCOMM
5614,COMMON_CLK_BOSTON
5615,USB_OHCI_HCD_PCI
5616,MFD_ARIZONA_SPI
5617,IEEE802154_HWSIM
5618,INPUT_PWM_VIBRA
5619,RST_RCAR
5620,VIA_RHINE
5621,LEDS_SPI_BYTE
5622,SYSC_R8A77961
5623,PINCTRL_MAX77620
5624,SND_SOC_INTEL_BYT_CHT_DA7213_MACH
5625,KS8851_MLL
5626,EXYNOS_ARM64_COMMON_CLK
5627,LWTUNNEL_BPF
5628,OMAP3_THERMAL
5629,WIZNET_W5100
5630,RADIO_SI476X
5631,VORTEX
5632,INPUT_TPS65218_PWRBUTTON
5633,EPIC100
5634,QLCNIC
5635,X86_PCC_CPUFREQ
5636,NET_VENDOR_QLOGIC
5637,MFD_ATMEL_SMC
5638,TEST_OVERFLOW
5639,WIZNET_W5300
5640,BRIDGE_EBT_AMONG
5641,SYNCLINKMP
5642,NETFILTER_XT_TARGET_RATEEST
5643,DRM_AMDGPU_CIK
5644,NET_VENDOR_RDC
5645,MAX8925_POWER
5646,X86_POWERNOW_K8
5647,SERIAL_SC16IS7XX_CORE
5648,HYPERV_VSOCKETS
5649,FIREWIRE
5650,RTC_DRV_RK808
5651,ALX
5652,YELLOWFIN
5653,BT_HCIUART_NOKIA
5654,VIDEO_CX88_DVB
5655,BRIDGE_EBT_802_3
5656,SND_PDAUDIOCF
5657,INTEL_SOC_PMIC
5658,DEVFREQ_GOV_POWERSAVE
5659,SND_SOC_INTEL_BYT_CHT_ES8316_MACH
5660,SND_SOC_RK3399_GRU_SOUND
5661,CAN_M_CAN_TCAN4X5X
5662,NULL_TTY
5663,THUNDER_NIC_PF
5664,BAREUDP
5665,WEXT_PRIV
5666,NETWORK_PHY_TIMESTAMPING
5667,DVB_USB_ANYSEE
5668,SYSC_R8A7745
5669,GPIO_MAX7301
5670,PCI_HOST_COMMON
5671,AF_RXRPC_INJECT_LOSS
5672,NFC_PN544_I2C
5673,PWM_TWL_LED
5674,SND_SOC_INTEL_CHT_BSW_NAU8824_MACH
5675,COMEDI_8254
5676,SYSC_R8A774B1
5677,CPU_FREQ_GOV_POWERSAVE
5678,REGULATOR_TPS65910
5679,IGB
5680,SYSC_R8A7779
5681,COMEDI_8255_SA
5682,STX104
5683,MEDIA_PCI_SUPPORT
5684,RESET_TI_SYSCON
5685,PATA_PCMCIA
5686,TI_ADS8688
5687,COMMON_CLK_LOCHNAGAR
5688,DW_APB_TIMER
5689,DVB_USB_EC168
5690,HDLC_RAW
5691,CRYPTO_DEV_PADLOCK
5692,SERIAL_8250
5693,VIDEO_AU0828
5694,VIDEO_HDPVR
5695,HD44780
5696,SND_SOC_INTEL_BYT_CHT_CX2072X_MACH
5697,RTC_DRV_M48T86
5698,TOUCHSCREEN_USB_COMPOSITE
5699,FAIL_IO_TIMEOUT
5700,VIA_VELOCITY
5701,SKGE
5702,NVM_PBLK
5703,GPIO_DA9055
5704,SKY2
5705,COMEDI_8255
5706,BLK_PM
5707,WIRELESS_EXT
5708,EXTCON_INTEL_CHT_WC
5709,INFINIBAND_SRP
5710,IP6_NF_TARGET_REJECT
5711,UIO_HV_GENERIC
5712,MMP_TDMA
5713,BPF
5714,BRIDGE_EBT_IP
5715,DVB_HOPPER
5716,IOMMU_DEBUG
5717,SND_SOC_STM32_DFSDM
5718,MFD_MADERA_SPI
5719,NET_VENDOR_OKI
5720,NETFILTER_XT_MATCH_HL
5721,HDLC
5722,POSIX_MQUEUE
5723,PARIDE_PF
5724,CPU_FREQ_GOV_CONSERVATIVE
5725,USB_BDC_PCI
5726,UCSI_ACPI
5727,RAVE_SP_WATCHDOG
5728,NFT_NUMGEN
5729,IPV6_ROUTER_PREF
5730,NS83820
5731,PCIE_PTM
5732,TOUCHSCREEN_EGALAX
5733,USB_G_MULTI
5734,INA2XX_ADC
5735,JOYSTICK_IFORCE_USB
5736,CAIF_VIRTIO
5737,STMPE_ADC
5738,NETFILTER_NETLINK_OSF
5739,IPWIRELESS
5740,USB_NET2280
5741,PCI_HYPERV_INTERFACE
5742,NETFILTER_XT_TARGET_HMARK
5743,LANMEDIA
5744,WLAN
5745,NET_VENDOR_AMD
5746,BNXT_HWMON
5747,NET_VENDOR_ADAPTEC
5748,DVB_USB_DVBSKY
5749,SND_SOC_INTEL_CHT_BSW_RT5672_MACH
5750,XXHASH
5751,SYNCLINK_GT
5752,SYSC_R8A77970
5753,NETFILTER_XT_MATCH_STATISTIC
5754,GPIO_TWL6040
5755,PINCTRL_INTEL
5756,COH901318
5757,SYNTH_EVENT_GEN_TEST
5758,NFT_MASQ
5759,FARSYNC
5760,BT_SELFTEST
5761,ND_BTT
5762,DVB_USB_AF9015
5763,WFX
5764,MMP_PDMA
5765,AF_RXRPC_DEBUG
5766,NETWORK_FILESYSTEMS
5767,TASKS_RUDE_RCU
5768,TASKS_RCU_GENERIC
5769,XDP_SOCKETS_DIAG
5770,TEST_HASH
5771,SERIAL_MVEBU_UART
5772,NET_TEAM_MODE_RANDOM
5773,ASYNC_RAID6_TEST
5774,VIDEO_STK1160_COMMON
5775,VIDEO_STK1160
5776,INPUT_YEALINK
5777,NET_FOU_IP_TUNNELS
5778,CEPH_LIB_USE_DNS_RESOLVER
5779,SND_SOC_INTEL_BXT_RT298_MACH
5780,SPI_DLN2
5781,VIDEO_CPIA2
5782,VME_BUS
5783,NET_DSA_SJA1105
5784,MISDN_HFCPCI
5785,NET_TEAM
5786,RTC_DRV_DS2404
5787,PARIDE_FIT3
5788,RTC_DRV_M48T59
5789,QEDE
5790,MENZ069_WATCHDOG
5791,NFT_FIB_IPV6
5792,MPTCP_IPV6
5793,DEVFREQ_GOV_PERFORMANCE
5794,VIDEO_CX88_BLACKBIRD
5795,DRM_PANEL
5796,DRM_PANEL_BRIDGE
5797,SND_SOC_SPEYSIDE
5798,INPUT_KEYSPAN_REMOTE
5799,RDS_DEBUG
5800,TOUCHSCREEN_CYTTSP4_CORE
5801,VIDEO_SAA7134_ALSA
5802,ACENIC
5803,MLXSW_MINIMAL
5804,INTEL_SOC_PMIC_CHTWC
5805,PC300TOO
5806,NET_TEAM_MODE_BROADCAST
5807,QCOM_SMEM_STATE
5808,IPVLAN
5809,USB_MAX3421_HCD
5810,DVB_USB_MXL111SF
5811,KEYBOARD_BCM
5812,MD_CLUSTER
5813,BRIDGE_EBT_MARK_T
5814,ACPI_DEBUGGER_USER
5815,SND_SOC_INTEL_CHT_BSW_RT5645_MACH
5816,REGULATOR_SY8106A
5817,RXKAD
5818,HAMACHI
5819,FSL_EDMA
5820,INPUT_ATI_REMOTE2
5821,LIBIPW
5822,IGBVF
5823,DRM_BRIDGE
5824,MACB
5825,KGDB_SERIAL_CONSOLE
5826,PATA_SIL680
5827,SND_SOC_INTEL_BYT_CHT_NOCODEC_MACH
5828,LKDTM
5829,LIQUIDIO
5830,USB_S2255
5831,RADIO_TEA5764_XTAL
5832,CEPH_LIB_PRETTYDEBUG
5833,GPIO_SODAVILLE
5834,STACKTRACE
5835,BRIDGE_EBT_STP
5836,CPU_FREQ_GOV_USERSPACE
5837,GPIO_CRYSTAL_COVE
5838,NETFILTER_NETLINK_ACCT
5839,CRYPTO_DEV_CHELSIO
5840,INPUT_STPMIC1_ONKEY
5841,SERIAL_UARTLITE
5842,IP_SET_HASH_NETPORT
5843,BATMAN_ADV_TRACING
5844,DRM_I915_DEBUG
5845,MPC5200_WDT
5846,NETFILTER_XT_TARGET_SECMARK
5847,DWC_XLGMAC
5848,BRIDGE_EBT_DNAT
5849,VIDEO_XILINX_VTC
5850,DW_WATCHDOG
5851,SND_SOC_IMX_SGTL5000
5852,SPI_MXIC
5853,USB_MAX3420_UDC
5854,HDLC_FR
5855,VIDEO_MUX
5856,NETFILTER_XT_MATCH_ECN
5857,SURFACE3_WMI
5858,SOCK_CGROUP_DATA
5859,RTC_DRV_BD70528
5860,SND_AT91_SOC_SAM9G20_WM8731
5861,USB_AIRSPY
5862,ISDN
5863,SYSC_R8A7742
5864,NFT_REDIR
5865,IR_STREAMZAP
5866,NETFILTER_XT_MATCH_SOCKET
5867,TI_THERMAL
5868,DL2K
5869,LEDS_CPCAP
5870,X86_SPEEDSTEP_CENTRINO
5871,BRIDGE_EBT_ARP
5872,USB_OTG_FSM
5873,DWC_XLGMAC_PCI
5874,JOYSTICK_PXRC
5875,NIC7018_WDT
5876,LCD_TDO24M
5877,NETFILTER_SYNPROXY
5878,TOUCHSCREEN_AR1021_I2C
5879,NETFILTER_NETLINK_QUEUE
5880,USB_CDC_PHONET
5881,HYPERV_UTILS
5882,TEST_KSTRTOX
5883,NET_TEAM_MODE_LOADBALANCE
5884,SOFT_WATCHDOG
5885,MFD_MAX77650
5886,VIDEO_BT848
5887,VIDEO_TW686X
5888,RTC_DRV_V3020
5889,USB_SERIAL_XSENS_MT
5890,NTB_MSI_TEST
5891,MOUSE_APPLETOUCH
5892,REGULATOR_LOCHNAGAR
5893,LAPBETHER
5894,SYSC_RMOBILE
5895,SPI_MUX
5896,FB_3DFX_I2C
5897,HDLC_PPP
5898,FB_VIA_DIRECT_PROCFS
5899,NFT_DUP_IPV6
5900,GPIO_ACPI
5901,IPV6_RPL_LWTUNNEL
5902,INPUT_CM109
5903,BATTERY_WM97XX
5904,DRM_GMA600
5905,NF_DUP_NETDEV
5906,MMP_DISP_CONTROLLER
5907,AURORA_NB8800
5908,RTC_DRV_FTRTC010
5909,SC92031
5910,FB_TFT_ILI9325
5911,SPI_SPIDEV
5912,DRM_I915_SW_FENCE_CHECK_DAG
5913,S3C24XX_DMAC
5914,USB_VIDEO_CLASS
5915,NFC_MRVL_UART
5916,SCSI_DMA
5917,IR_IGUANA
5918,SERIAL_ATMEL
5919,CPUFREQ_DT
5920,BRIDGE_EBT_LOG
5921,TLAN
5922,ADXL345_SPI
5923,SCTP_COOKIE_HMAC_SHA1
5924,SND_SOC_INTEL_BYTCR_RT5651_MACH
5925,VIDEO_PVRUSB2
5926,MOUSE_SYNAPTICS_USB
5927,L2TP_IP
5928,DVB_USB_AZ6007
5929,EFI_VARS_PSTORE
5930,TOUCHSCREEN_ADS7846
5931,IOMMU_IO_PGTABLE_ARMV7S_SELFTEST
5932,VIDEO_XILINX
5933,NET_ACT_SKBMOD
5934,GPIO_WM8350
5935,ACPI
5936,PNP
5937,ACPI_LPIT
5938,ACPI_LEGACY_TABLES_LOOKUP
5939,ARCH_MIGHT_HAVE_ACPI_PDC
5940,ARCH_HAS_ACPI_TABLE_UPGRADE
5941,ACPI_SYSTEM_POWER_STATES_SUPPORT
5942,PNPACPI
5943,HAVE_ACPI_APEI_NMI
5944,HAVE_ACPI_APEI
5945,INPUT_DA9052_ONKEY
5946,EXYNOS_ASV
5947,STPMIC1_WATCHDOG
5948,IP_NF_TARGET_REJECT
5949,LCD_LTV350QV
5950,ACPI_HOTPLUG_CPU
5951,DVB_USB_AU6610
5952,SERIAL_8250_ASPEED_VUART
5953,GPIO_MAX3191X
5954,GPIO_MOXTET
5955,REGULATOR_SY8824X
5956,BRIDGE_EBT_T_FILTER
5957,IP_SET_HASH_IPPORTIP
5958,CRYPTO_DEV_SAFEXCEL
5959,VIDEO_TM6000
5960,BRIDGE_EBT_T_NAT
5961,VIRTIO_PMEM
5962,NFT_FIB_IPV4
5963,ATM_TCP
5964,XILINX_AXI_EMAC
5965,REGULATOR_MAX8973
5966,TUN
5967,NFT_DUP_IPV4
5968,NVME_HWMON
5969,DRM_I915_DEBUG_GEM
5970,PATA_HPT366
5971,VIDEO_SOLO6X10
5972,DVB_USB_RTL28XXU
5973,BATMAN_ADV_MCAST
5974,FB_VIA_X_COMPATIBILITY
5975,ACQUIRE_WDT
5976,NETFILTER
5977,USB_HACKRF
5978,NET_VENDOR_TI
5979,SERIAL_ALTERA_JTAGUART
5980,BCM47XX_SPROM
5981,BRIDGE_EBT_ARPREPLY
5982,SND_SOC_INTEL_HASWELL
5983,PCCARD_NONSTATIC
5984,NFT_REJECT_IPV4
5985,BRIDGE_EBT_MARK
5986,NET_VENDOR_CADENCE
5987,DMATEST
5988,PCI_ECAM
5989,SERIAL_MPS2_UART
5990,NET_ACT_SAMPLE
5991,6PACK
5992,OMAP5_THERMAL
5993,NET_DSA_VITESSE_VSC73XX_SPI
5994,SENSORS_PWM_FAN
5995,MTD_BLOCK_RO
5996,TEST_BITFIELD
5997,PATA_ALI
5998,HIPPI
5999,MKISS
6000,NETFILTER_XT_MATCH_HASHLIMIT
6001,UNICODE_NORMALIZATION_SELFTEST
6002,VME_USER
6003,FPGA_MGR_ICE40_SPI
6004,SLICOSS
6005,MAX77620_THERMAL
6006,HAMRADIO
6007,NETFILTER_XT_MATCH_PKTTYPE
6008,KCOV_INSTRUMENT_ALL
6009,SUNRPC_GSS
6010,DVB_USB_DIB3000MC
6011,CYCLADES
6012,FB_TFT_SSD1331
6013,DVB_MANTIS
6014,USB_GSPCA
6015,SPI_DESIGNWARE
6016,NLMON
6017,SH_DMAE_BASE
6018,NET_VENDOR_XILINX
6019,PCI_FTPCI100
6020,ADAPTEC_STARFIRE
6021,NFT_NAT
6022,TEST_RHASHTABLE
6023,PARIDE_EPIA
6024,MFD_MC13XXX_SPI
6025,NETFILTER_XT_CONNMARK
6026,FB_TFT
6027,DRM_I915_USERPTR
6028,DVB_USB
6029,LOCKD
6030,GRACE_PERIOD
6031,SUNRPC
6032,SATA_SVW
6033,TEST_FIRMWARE
6034,DRM_I915_DEBUG_VBLANK_EVADE
6035,SMSC911X
6036,NETFILTER_XT_TARGET_LED
6037,COMEDI_USB_DRIVERS
6038,MEGARAID_MM
6039,PINCTRL_LOCHNAGAR
6040,RTC_DRV_RTD119X
6041,PATA_AMD
6042,USB_ACM
6043,JOYSTICK_XPAD
6044,KEYBOARD_CAP11XX
6045,104_QUAD_8
6046,NETFILTER_XT_TARGET_CLASSIFY
6047,FB_RADEON_DEBUG
6048,INPUT_PWM_BEEPER
6049,SENSORS_XGENE
6050,DWMAC_INTEL
6051,PARIDE_DSTR
6052,NET_VENDOR_AURORA
6053,NET_VENDOR_AMAZON
6054,NF_TABLES_BRIDGE
6055,RTC_DRV_MAX8907
6056,XILINX_LL_TEMAC
6057,USB_PWC
6058,KS7010
6059,SERIAL_LANTIQ
6060,MLX5_INFINIBAND
6061,DVB_USB_GL861
6062,SCSI_AHA1740
6063,SERIAL_SIFIVE
6064,QUOTA_NETLINK_INTERFACE
6065,SPI_TLE62X0
6066,PATA_PDC_OLD
6067,USB_SI470X
6068,PATA_WINBOND
6069,TCG_XEN
6070,RING_BUFFER
6071,INPUT_RK805_PWRKEY
6072,PINCTRL_PALMAS
6073,NETFILTER_XT_TARGET_NFQUEUE
6074,NETFILTER_XT_MATCH_REALM
6075,NET_VENDOR_DEC
6076,SFC_FALCON
6077,ACPI_EXTLOG
6078,IWLWIFI
6079,PARIDE_BPCK
6080,FIND_BIT_BENCHMARK
6081,DVB_BUDGET_CI
6082,MOST_VIDEO
6083,NET_ACT_SIMP
6084,BONDING
6085,EFI_STUB
6086,EFI_GENERIC_STUB_INITRD_CMDLINE_LOADER
6087,NETFILTER_XT_TARGET_IDLETIMER
6088,FB_RADEON_I2C
6089,RTC_DRV_CMOS
6090,X86_ACPI_CPUFREQ
6091,DRM_VMWGFX_FBCON
6092,NETFILTER_XT_MATCH_QUOTA
6093,GOOGLE_FRAMEBUFFER_COREBOOT
6094,ZSMALLOC_PGTABLE_MAPPING
6095,TABLET_USB_KBTAB
6096,REGULATOR_QCOM_SPMI
6097,NET_VENDOR_REALTEK
6098,TOUCHSCREEN_CHIPONE_ICN8318
6099,AF_RXRPC_IPV6
6100,ARCNET_COM20020_CS
6101,INPUT_POWERMATE
6102,DCB
6103,PATA_CMD64X
6104,AMIGA_PARTITION
6105,ACPI_CONTAINER
6106,IR_IMON_RAW
6107,SECCOMP_FILTER
6108,FB_TFT_ILI9163
6109,RDS_RDMA
6110,NET_DSA_MICROCHIP_KSZ8795_SPI
6111,SND_SOC_SOF_INTEL_HIFI_EP_IPC
6112,PATA_RADISYS
6113,MAX63XX_WATCHDOG
6114,NET_EMATCH_META
6115,NI903X_WDT
6116,MFD_TPS65912_SPI
6117,PATA_CYPRESS
6118,HDLC_RAW_ETH
6119,IR_MCEUSB
6120,RTC_DRV_DS1742
6121,BRIDGE_EBT_SNAT
6122,PARIDE_ATEN
6123,FB_TFT_ST7735R
6124,KEYBOARD_ADP5520
6125,SND_HDA_I915
6126,FB_TMIO_ACCELL
6127,DRM_GMA3600
6128,PWRSEQ_SD8787
6129,NETFILTER_XT_TARGET_HL
6130,CFG80211_REQUIRE_SIGNED_REGDB
6131,BT_HIDP
6132,PARIDE_ON26
6133,NET_INGRESS
6134,CRYPTO_DEV_AMLOGIC_GXL
6135,GPIO_MC33880
6136,PARIDE_COMM
6137,NET_VENDOR_HUAWEI
6138,NETFILTER_XT_MATCH_OSF
6139,TABLET_USB_PEGASUS
6140,VIDEO_CX25821_ALSA
6141,NET_VENDOR_MICREL
6142,EEPROM_AT25
6143,RIONET
6144,PARIDE_KTTI
6145,NETFILTER_XT_MATCH_RATEEST
6146,USB_VL600
6147,PATA_IT8213
6148,EXYNOS_CHIPID
6149,FB_INTEL
6150,PATA_RDC
6151,NFS_FS
6152,BT_DEBUGFS
6153,FB_TFT_AGM1264K_FL
6154,SERIAL_RDA
6155,SXGBE_ETH
6156,W83977F_WDT
6157,FB_TFT_UC1701
6158,FB_TFT_HX8340BN
6159,CFG80211_WEXT
6160,USB_SI4713
6161,STMMAC_ETH
6162,IP_NF_ARPFILTER
6163,NETFILTER_XT_MATCH_CPU
6164,UBSAN_ALIGNMENT
6165,SC1200_WDT
6166,NETFILTER_XT_TARGET_TRACE
6167,IP6_NF_MATCH_AH
6168,SMSC9420
6169,EXYNOS_PM_DOMAINS
6170,DVB_USB_CE6230
6171,SPI_NXP_FLEXSPI
6172,FCOE_FNIC
6173,NET_VENDOR_VIA
6174,TCM_FC
6175,FSL_IFC
6176,FB_NVIDIA_I2C
6177,IPV6_MROUTE
6178,TEST_BITMAP
6179,PARIDE_EPAT
6180,SND_SOC_SOF_INTEL_ACPI
6181,HOTPLUG_PCI_CPCI_ZT5550
6182,IR_IGORPLUGUSB
6183,HYPERV_NET
6184,CRYPTO_DEV_ALLWINNER
6185,SURFACE_3_BUTTON
6186,FB_TFT_SSD1306
6187,IEEE802154_ATUSB
6188,IT8712F_WDT
6189,NETFILTER_XT_MATCH_NFACCT
6190,MACVTAP
6191,DRM_I915_LOW_LEVEL_TRACEPOINTS
6192,KPROBE_EVENTS
6193,TEST_UUID
6194,SPI_ZYNQMP_GQSPI
6195,SATA_VITESSE
6196,NETFILTER_XT_MATCH_TCPMSS
6197,DRM_LIMA
6198,REGULATOR_MP886X
6199,FB_ATY_GX
6200,SCSI_BNX2X_FCOE
6201,TEST_STRSCPY
6202,STMMAC_PCI
6203,IPV6_SUBTREES
6204,PATA_NETCELL
6205,X86_MCE_INJECT
6206,INPUT_TWL4030_PWRBUTTON
6207,FB_TFT_ILI9340
6208,CPU5_WDT
6209,PARIDE_FRIQ
6210,X86_AMD_FREQ_SENSITIVITY
6211,NETFILTER_XT_TARGET_CT
6212,DVB_NETUP_UNIDVB
6213,IR_TTUSBIR
6214,VHOST_SCSI
6215,USB_NET_RNDIS_WLAN
6216,PATA_MARVELL
6217,IEEE802154_AT86RF230
6218,COMMON_CLK_XLNX_CLKWZRD
6219,LED_TRIGGER_PHY
6220,TRACE_CLOCK
6221,VIDEO_USBTV
6222,NET_VENDOR_SEEQ
6223,REGULATOR_TPS6524X
6224,FB_RIVA_DEBUG
6225,SATA_PROMISE
6226,SND_SOC_SOF_INTEL_ATOM_HIFI_EP
6227,IXGBEVF
6228,NET_VENDOR_NI
6229,NET_VENDOR_INTEL
6230,FB_TFT_TLS8204
6231,SND_SOC_TOPOLOGY
6232,TABLET_USB_HANWANG
6233,MFD_MAX77686
6234,EEPROM_93XX46
6235,RTC_DRV_TEST
6236,COMPAT_NETLINK_MESSAGES
6237,BRIDGE_EBT_PKTTYPE
6238,USB_GSPCA_BENQ
6239,BT_QCOMSMD
6240,NET_VENDOR_AQUANTIA
6241,SPI_OC_TINY
6242,SERIAL_XILINX_PS_UART
6243,PATA_HPT37X
6244,POWER_SUPPLY_HWMON
6245,PARIDE_KBIC
6246,BLK_DEV_OFFBOARD
6247,SPI_CADENCE
6248,INPUT_WM831X_ON
6249,TLS_DEVICE
6250,SOCK_VALIDATE_XMIT
6251,NET_ACT_GATE
6252,TEST_PRINTF
6253,CPU_SUP_HYGON
6254,NI_XGE_MANAGEMENT_ENET
6255,IEEE802154_CA8210
6256,PCI_XEN
6257,PATA_TIMINGS
6258,TOUCHSCREEN_DA9034
6259,ATP
6260,SPI_FSI
6261,PATA_SERVERWORKS
6262,PARIDE_ON20
6263,SPI_SIFIVE
6264,IR_IMON
6265,WLCORE
6266,NET_ACT_POLICE
6267,FB_TFT_HX8347D
6268,MULTIPLEXER
6269,NETFILTER_XT_MATCH_MULTIPORT
6270,NETFILTER_XT_MATCH_MAC
6271,PARIDE_PD
6272,SBC_FITPC2_WATCHDOG
6273,TEST_MEMCAT_P
6274,PATA_PDC2027X
6275,RC_XBOX_DVD
6276,TOUCHSCREEN_COLIBRI_VF50
6277,RTC_DRV_BQ4802
6278,UCS2_STRING
6279,PARIDE_FRPW
6280,NETFILTER_XT_MATCH_DEVGROUP
6281,FB_RADEON_BACKLIGHT
6282,INFINIBAND_VMWARE_PVRDMA
6283,DEBUG_OBJECTS
6284,PATA_HPT3X3
6285,NET_VENDOR_WIZNET
6286,PKCS8_PRIVATE_KEY_PARSER
6287,NETFILTER_XT_MATCH_L2TP
6288,PATA_EFAR
6289,MD_AUTODETECT
6290,FB_TFT_SEPS525
6291,FCOE
6292,IP_DCCP_CCID3
6293,IP_DCCP_TFRC_LIB
6294,NET_ACT_MPLS
6295,MPLS_IPTUNNEL
6296,LTPC
6297,BD70528_WATCHDOG
6298,BCMA_HOST_PCI
6299,TEST_UDELAY
6300,FB_3DFX_ACCEL
6301,STMMAC_PLATFORM
6302,CRYPTO_DEV_CCP_DD
6303,NETFILTER_XT_MATCH_LIMIT
6304,BLOCK_COMPAT
6305,PATA_OLDPIIX
6306,PCIE_BW
6307,NFS_V4
6308,IEEE802154_CC2520
6309,VIDEO_GO7007
6310,COMEDI_PCMCIA_DRIVERS
6311,TOUCHSCREEN_CYTTSP_SPI
6312,FB_TFT_RA8875
6313,FB_TFT_UPD161704
6314,NET_TEAM_MODE_ACTIVEBACKUP
6315,VIDEO_EM28XX_DVB
6316,NETFILTER_XT_MATCH_RECENT
6317,RFKILL_INPUT
6318,HDLC_X25
6319,L2TP_V3
6320,FB_TFT_SSD1289
6321,SATA_SIS
6322,IWLEGACY
6323,USB_ROLE_SWITCH
6324,HOTPLUG_PCI_CPCI_GENERIC
6325,NET_VENDOR_SYNOPSYS
6326,MMIOTRACE
6327,NET_VENDOR_EZCHIP
6328,USB_HSO
6329,PCIE_CADENCE_PLAT_HOST
6330,PCIE_CADENCE_HOST
6331,COMEDI_NI_USB6501
6332,BRCMFMAC
6333,NFP
6334,KALLSYMS_ABSOLUTE_PERCPU
6335,XEN_PVCALLS_FRONTEND
6336,CRYPTO_XTS
6337,NET_CORE
6338,CAN_SOFTING_CS
6339,PARIDE_PCD
6340,ATH_COMMON
6341,HERMES
6342,RWSEM_SPIN_ON_OWNER
6343,NEED_PER_CPU_KM
6344,LOCK_SPIN_ON_OWNER
6345,GENERIC_IRQ_MIGRATION
6346,RCU_STALL_COMMON
6347,TREE_SRCU
6348,TINY_RCU
6349,SMP
6350,BROKEN_ON_SMP
6351,HOTPLUG_SMT
6352,QUEUED_SPINLOCKS
6353,MUTEX_SPIN_ON_OWNER
6354,GENERIC_PENDING_IRQ
6355,QUEUED_RWLOCKS
6356,UP_LATE_INIT
6357,TINY_SRCU
6358,RCU_NEED_SEGCBLIST
6359,X86_64_SMP
6360,TREE_RCU
6361,HOTPLUG_CPU
6362,SCHED_SMT
6363,GENERIC_IRQ_EFFECTIVE_AFF_MASK
6364,FB_TFT_PCD8544
6365,PINCTRL_STM32
6366,PCIE_DW
6367,GENERIC_NET_UTILS
6368,VIDEO_PCI_SKELETON
6369,MACB_PCI
6370,DVB_USB_UMT_010
6371,IPW2200
6372,NET_ACT_VLAN
6373,SND_SOC_INTEL_BROADWELL_MACH
6374,FB_TFT_SH1106
6375,IPMMU_VMSA
6376,CAN_EMS_PCMCIA
6377,PARIDE_PT
6378,BRIDGE_IGMP_SNOOPING
6379,CEC_PIN_ERROR_INJ
6380,NET_VENDOR_SMSC
6381,USB_GSPCA_JEILINJ
6382,PCI_CNB20LE_QUIRK
6383,CAIF_DEBUG
6384,PCIE_DW_HOST
6385,NETFILTER_XT_MATCH_TIME
6386,SND_HDA_DSP_LOADER
6387,NFT_FWD_NETDEV
6388,KEYBOARD_TWL4030
6389,TABLET_USB_AIPTEK
6390,IP6_NF_MATCH_EUI64
6391,VIDEO_CADENCE_CSI2TX
6392,GVE
6393,IEEE802154_ADF7242
6394,IEEE802154_MRF24J40
6395,XEN_XENBUS_FRONTEND
6396,CARDBUS
6397,NETFILTER_FAMILY_ARP
6398,USB_GSPCA_SQ905
6399,BRIDGE_EBT_IP6
6400,DRM_KMS_FB_HELPER
6401,PARIDE_PG
6402,DRM_MXS
6403,USB_GADGET_XILINX
6404,FB_TFT_ST7789V
6405,VIDEO_IPU3_IMGU
6406,INPUT_88PM860X_ONKEY
6407,FB_TFT_UC1611
6408,PINCTRL_MCP23S08_SPI
6409,IT87_WDT
6410,NVME_TARGET_RDMA
6411,LOCK_STAT
6412,FB_TFT_HX8357D
6413,GREYBUS_USB
6414,SPI_ROCKCHIP
6415,MT76_CORE
6416,WIL6210
6417,NETFILTER_XT_MATCH_LENGTH
6418,PATA_HPT3X2N
6419,L2TP_ETH
6420,BATTERY_CPCAP
6421,FB_TFT_S6D1121
6422,EBC_C384_WDT
6423,EUROTECH_WDT
6424,USB_GSPCA_DTCS033
6425,NET_ACT_BPF
6426,FB_EFI
6427,ARM_SMMU_DISABLE_BYPASS_BY_DEFAULT
6428,PATA_TRIFLEX
6429,NFS_V3
6430,SERIAL_CONEXANT_DIGICOLOR
6431,WILC1000
6432,PATA_VIA
6433,COMMON_CLK_MT6797_VDECSYS
6434,NET_VENDOR_RENESAS
6435,VIDEO_FB_IVTV
6436,NETFILTER_FAMILY_BRIDGE
6437,DVB_NET
6438,INET_DIAG_DESTROY
6439,DRM_AMD_DC_HDCP
6440,RTC_DRV_RC5T583
6441,NETFILTER_XT_MATCH_BPF
6442,BATMAN_ADV_BATMAN_V
6443,WIZNET_BUS_ANY
6444,MENF21BMC_WATCHDOG
6445,KEYBOARD_OMAP4
6446,IP6_NF_MATCH_OPTS
6447,DVB_USB_DW2102
6448,PARIDE_FIT2
6449,NET_VENDOR_MYRI
6450,PATA_OPTIDMA
6451,PC87413_WDT
6452,XILINX_WATCHDOG
6453,USB_CHIPIDEA_TEGRA
6454,NET_VENDOR_SOCIONEXT
6455,FB_SAVAGE_ACCEL
6456,SND_SB16_DSP
6457,NFT_REJECT_IPV6
6458,SPI_XILINX
6459,USB_GSPCA_SN9C2028
6460,HYPERV_STORAGE
6461,RSI_91X
6462,MWIFIEX
6463,NFT_OSF
6464,PINCTRL_MTK
6465,IP_NF_TARGET_MASQUERADE
6466,PINCTRL_MTK_V2
6467,IR_REDRAT3
6468,COMMON_CLK_MT8183_IMGSYS
6469,FB_TFT_ILI9320
6470,NET_9P_RDMA
6471,DM_ZONED
6472,LATTICE_ECP3_CONFIG
6473,KPC2000_I2C
6474,DVB_USB_DIBUSB_MB
6475,QCOM_EMAC
6476,MOUSE_BCM5974
6477,HOTPLUG_PCI_ACPI_IBM
6478,PM_CLK
6479,USB_GSPCA_CPIA1
6480,GS_FPGABOOT
6481,TEST_MEMINIT
6482,NET_VENDOR_CORTINA
6483,WEXT_SPY
6484,IP_MROUTE
6485,COMMON_CLK_MT8183_MMSYS
6486,NETFILTER_XT_MATCH_DSCP
6487,FB_TFT_HX8353D
6488,GREYBUS_SDIO
6489,NET_VENDOR_3COM
6490,TABLET_USB_GTCO
6491,MT76x02_LIB
6492,TEXTSEARCH
6493,WDAT_WDT
6494,OPENVSWITCH_GENEVE
6495,PCI_REALLOC_ENABLE_AUTO
6496,DRM_V3D
6497,IPW2100
6498,NET_KEY_MIGRATE
6499,NETFILTER_XT_MATCH_ESP
6500,USB_GSPCA_STK1135
6501,SERIAL_FSL_LINFLEXUART
6502,GOLDFISH_PIPE
6503,NET_VENDOR_MICROSEMI
6504,RC_ATI_REMOTE
6505,THERMAL_HWMON
6506,COMMON_CLK_MT6779_AUDSYS
6507,TEST_STRING_HELPERS
6508,VIRTIO_MMIO
6509,CFG80211_USE_KERNEL_REGDB_KEYS
6510,NETFILTER_XT_MATCH_IPRANGE
6511,EFI_PARTITION
6512,NF_NAT_MASQUERADE
6513,NETFILTER_XT_MATCH_STRING
6514,ROADRUNNER
6515,NET_VENDOR_SAMSUNG
6516,NETFILTER_XT_MATCH_SCTP
6517,W83877F_WDT
6518,IP_DCCP_CCID2_DEBUG
6519,NET_SCH_INGRESS
6520,NETFILTER_XT_TARGET_TCPOPTSTRIP
6521,NET_VENDOR_MARVELL
6522,NET_VENDOR_NETRONOME
6523,BT_BNEP
6524,IDE_XFER_MODE
6525,PATA_IT821X
6526,VLAN_8021Q_GVRP
6527,NET_ACT_GACT
6528,NETFILTER_XT_MATCH_CLUSTER
6529,GPIO_74X164
6530,INFINIBAND_ADDR_TRANS_CONFIGFS
6531,NETFILTER_CONNCOUNT
6532,INPUT_TWL6040_VIBRA
6533,ATM_IDT77252_USE_SUNI
6534,TEST_HEXDUMP
6535,HID_LOGITECH_DJ
6536,PCI_HYPERV
6537,LIBERTAS
6538,COMEDI_USBDUXFAST
6539,SPI_GPIO
6540,RTC_DRV_HID_SENSOR_TIME
6541,PCIE_DW_PLAT
6542,IR_ITE_CIR
6543,X86_VSMP
6544,FB_ATY_CT
6545,RMNET
6546,MEN_A21_WDT
6547,FB_RIVA_BACKLIGHT
6548,SND_SOC_AC97_BUS
6549,CAVIUM_PTP
6550,MLXSW_SWITCHIB
6551,GCOV_KERNEL
6552,CONSTRUCTORS
6553,INPUT_MAX77650_ONKEY
6554,FB_TFT_SSD1351
6555,DVB_USB_CXUSB
6556,SPI_ALTERA
6557,USB_GSPCA_NW80X
6558,KPROBES_SANITY_TEST
6559,EEEPC_WMI
6560,NET_9P_DEBUG
6561,NET_ACT_MIRRED
6562,FB_TFT_TINYLCD
6563,GTP
6564,SATA_NV
6565,COMEDI_USBDUXSIGMA
6566,IR_NUVOTON
6567,COMMON_CLK_MT8183_CAMSYS
6568,RTC_DRV_S5M
6569,USB_M5602
6570,USB_PCI
6571,IDE_TIMINGS
6572,EFI_DEV_PATH_PARSER
6573,APPLE_PROPERTIES
6574,MLX4_DEBUG
6575,PTP_1588_CLOCK_INES
6576,BRCMSMAC
6577,PAGE_OWNER
6578,FB_NVIDIA_BACKLIGHT
6579,MSDOS_PARTITION
6580,ROCKER
6581,NF_NAT_PPTP
6582,VIDEO_EM28XX_ALSA
6583,TEST_IDA
6584,PCMCIA_WL3501
6585,PCMCIA_RAYCS
6586,NETFILTER_XT_TARGET_DSCP
6587,GPIO_PISOSR
6588,NET_VENDOR_CAVIUM
6589,USB_GSPCA_STK014
6590,GPIO_MERRIFIELD
6591,SND_SOC_INTEL_MACH
6592,PWM_IQS620A
6593,CB710_DEBUG
6594,NETFILTER_XT_MATCH_CONNLABEL
6595,IB700_WDT
6596,UACCE
6597,MOXTET
6598,DVB_USB_AZ6027
6599,INPUT_MAX8925_ONKEY
6600,PATA_SCH
6601,INPUT_TWL4030_VIBRA
6602,FB_TFT_ILI9341
6603,CADENCE_WATCHDOG
6604,NTB_NETDEV
6605,RTC_DRV_DA9052
6606,DEBUG_PAGE_REF
6607,PATA_ATP867X
6608,PINCTRL_ASPEED
6609,ATA_PIIX
6610,INFINIBAND_SRPT
6611,LRU_CACHE
6612,BLK_DEV_DRBD
6613,USB_GL860
6614,IP6_NF_MATCH_RPFILTER
6615,CHARLCD
6616,IP_DCCP_DEBUG
6617,NET_VENDOR_ROCKER
6618,8139TOO
6619,CLK_R8A7745
6620,AMD_XGBE_HAVE_ECC
6621,EDAC_I7CORE
6622,BE2NET_BE3
6623,NET_9P_XEN
6624,NETFILTER_XT_TARGET_MARK
6625,MLX5_ACCEL
6626,NETFILTER_XT_TARGET_CHECKSUM
6627,NETFILTER_XT_MATCH_IPCOMP
6628,INFINIBAND_MTHCA_DEBUG
6629,CLK_R8A7794
6630,USB_GSPCA_VC032X
6631,NETFILTER_XT_MATCH_COMMENT
6632,ENA_ETHERNET
6633,COMEDI_USBDUX
6634,USB_GSPCA_SQ905C
6635,FB_MATROX_G
6636,RTC_DRV_LP8788
6637,BATMAN_ADV_BLA
6638,USB_DWC3_PCI
6639,IPVTAP
6640,FB_TFT_SSD1305
6641,IEEE802154_MCR20A
6642,ATOMIC64_SELFTEST
6643,NET_VENDOR_PENSANDO
6644,SATA_VIA
6645,ATM_CLIP_NO_ICMP
6646,MEDIA_CEC_RC
6647,SPI_AMD
6648,IP_PNP_DHCP
6649,PINCTRL_MERRIFIELD
6650,KPC2000_CORE
6651,WM831X_WATCHDOG
6652,DLM_DEBUG
6653,CLK_R8A7743
6654,NF_TABLES_IPV4
6655,WILC1000_SDIO
6656,SATA_ULI
6657,PPP_FILTER
6658,TOUCHSCREEN_AD7879_SPI
6659,COMMON_CLK_MT8183_VDECSYS
6660,TIPC_MEDIA_UDP
6661,SMSC37B787_WDT
6662,CLK_SUNXI_PRCM_SUN6I
6663,NFT_BRIDGE_META
6664,NF_NAT_REDIRECT
6665,TABLET_USB_ACECAD
6666,USB_GSPCA_OV534
6667,TASKSTATS
6668,DRM_GEM_SHMEM_HELPER
6669,SSB_SDIOHOST_POSSIBLE
6670,FB_TFT_WATTEROTT
6671,DEBUG_KERNEL_DC
6672,NETFILTER_XT_MATCH_DCCP
6673,NET_ACT_CSUM
6674,COMMON_CLK_MT8183_VENCSYS
6675,RESET_CONTROLLER
6676,IP6_NF_MATCH_FRAG
6677,SATA_SIL
6678,VIDEO_CX23885
6679,RTC_I2C_AND_SPI
6680,OCFS2_DEBUG_MASKLOG
6681,FB_TFT_S6D02A1
6682,USB_GSPCA_KONICA
6683,SAMPLE_KOBJECT
6684,PATA_NS87415
6685,NET_VENDOR_NATSEMI
6686,IP_NF_ARPTABLES
6687,MOXA_INTELLIO
6688,NET_EMATCH_TEXT
6689,COMMON_CLK_MT6797_IMGSYS
6690,PATA_ATIIXP
6691,NET_VENDOR_ARC
6692,RTC_DRV_WILCO_EC
6693,IRQ_POLL
6694,W83627HF_WDT
6695,TEST_XARRAY
6696,USB_GSPCA_SE401
6697,SPI_FSL_LIB
6698,SPI_FSL_SPI
6699,ICE
6700,DM_INIT
6701,MT76x0_COMMON
6702,DEBUG_KMEMLEAK
6703,DRM_PL111
6704,USB_GSPCA_T613
6705,GREYBUS_PWM
6706,BT_6LOWPAN
6707,CRYPTO_LIB_POLY1305_GENERIC
6708,RTC_DRV_MAX8925
6709,EARLY_PRINTK_USB_XDBC
6710,COMEDI_DT9812
6711,PATA_ARTOP
6712,DVB_USB_LME2510
6713,SND_SOC_SOF_CANNONLAKE
6714,GREYBUS_UART
6715,NET_VENDOR_ALACRITECH
6716,NET_VENDOR_GOOGLE
6717,GPIO_TPS68470
6718,ATH6KL
6719,SSB_HOST_SOC
6720,CRYPTO_DEV_CCREE
6721,TTY_PRINTK
6722,RTC_DRV_ZYNQMP
6723,TOUCHSCREEN_WM831X
6724,MEGARAID_MAILBOX
6725,NETFILTER_INGRESS
6726,ADE7854_SPI
6727,FB_ATY128_BACKLIGHT
6728,BATMAN_ADV_DAT
6729,COMMON_CLK_MT8183_MFGCFG
6730,TPS68470_PMIC_OPREGION
6731,NFT_DUP_NETDEV
6732,SND_PCSP
6733,CAN_PEAK_PCMCIA
6734,CLK_OWL_S700
6735,PREEMPT_COUNT
6736,COMMON_CLK_MT2701_AUDSYS
6737,RTL_CARDS
6738,VLAN_8021Q_MVRP
6739,XDP_SOCKETS
6740,DVB_USB_DIGITV
6741,SMSC_SCH311X_WDT
6742,FB_TFT_ILI9481
6743,COMMON_CLK_MT2701_BDPSYS
6744,COMMON_CLK_MT8183_IPU_CONN
6745,FB_SAVAGE_I2C
6746,NETFILTER_XT_MATCH_U32
6747,USB_GSPCA_TOPRO
6748,GFS2_FS_LOCKING_DLM
6749,CHECK_SIGNATURE
6750,BE2NET_BE2
6751,GPIO_WATCHDOG
6752,NET_EMATCH_NBYTE
6753,USB_GSPCA_OV534_9
6754,CGROUP_NET_PRIO
6755,USB_CDNS3_PCI_WRAP
6756,DVB_USB_TTUSB2
6757,NET_ACT_SKBEDIT
6758,NETFILTER_XT_MATCH_MARK
6759,USB_STV06XX
6760,SND_SOC_INTEL_BXT_DA7219_MAX98357A_COMMON
6761,X86_PM_TIMER
6762,CLK_R8A77470
6763,BRIDGE_NETFILTER
6764,BE2NET_HWMON
6765,PINCTRL_MTK_MOORE
6766,FB_TFT_BD663474
6767,RTC_DRV_TPS80031
6768,IP_NF_MATCH_ECN
6769,NF_NAT_H323
6770,KS8842
6771,SND_HDA_RECONFIG
6772,NETFILTER_XT_MATCH_HELPER
6773,SYSTEM_TRUSTED_KEYRING
6774,JOYSTICK_PSXPAD_SPI
6775,DRM_VM
6776,DRM_LEGACY
6777,DVB_USB_VP702X
6778,IP6_NF_MATCH_RT
6779,DVB_USB_TECHNISAT_USB2
6780,USB_GSPCA_MR97310A
6781,ATA_GENERIC
6782,CLK_R8A73A4
6783,COMMON_CLK_MT6797_VENCSYS
6784,HOTPLUG_PCI_ACPI
6785,PHY_CADENCE_SIERRA
6786,PATA_TOSHIBA
6787,USB_GSPCA_SPCA1528
6788,SND_SOC_SOF_COFFEELAKE
6789,MOST_DIM2
6790,COMEDI_CB_DAS16_CS
6791,AMD_IOMMU_V2
6792,FB_S3_DDC
6793,GCC_PLUGIN_RANDSTRUCT_PERFORMANCE
6794,MVMDIO
6795,COMMON_CLK_MT7629_ETHSYS
6796,VIDEO_XILINX_TPG
6797,RTC_DRV_DA9055
6798,NETFILTER_XT_SET
6799,USB_GSPCA_XIRLINK_CIT
6800,RTC_DRV_PALMAS
6801,TLS_TOE
6802,PINCTRL_AMD
6803,NET_ACT_IFE
6804,FB_PM2_FIFO_DISCONNECT
6805,CPU_HOTPLUG_STATE_CONTROL
6806,NF_CONNTRACK_H323
6807,INPUT_AD714X_SPI
6808,TOUCHSCREEN_TSC2005
6809,AD2S1210
6810,NET_ACT_PEDIT
6811,PINCTRL_SAMSUNG
6812,NET_EMATCH_CMP
6813,CLK_R8A77980
6814,NET_ACT_NAT
6815,DA9062_THERMAL
6816,ADT7316_SPI
6817,CLK_SUNXI_PRCM_SUN8I
6818,MOXA_SMARTIO
6819,COMMON_CLK_MT6797_MMSYS
6820,CLK_SUNXI_CLOCKS
6821,IBMASR
6822,RTC_DRV_WM831X
6823,IP6_NF_MATCH_MH
6824,MACHZ_WDT
6825,NET_IFE_SKBMARK
6826,HMS_PROFINET
6827,CFG80211_CRDA_SUPPORT
6828,FB_MATROX_MYSTIQUE
6829,MMP_PANEL_TPOHVGA
6830,MT7615_COMMON
6831,FB_ATY_BACKLIGHT
6832,COMMON_CLK_MT2712_IMGSYS
6833,MLX5_FPGA
6834,CLK_R7S9210
6835,RTC_DRV_CADENCE
6836,NF_NAT_TFTP
6837,NCSI_OEM_CMD_GET_MAC
6838,IR_HIX5HD2
6839,INFINIBAND_ADDR_TRANS
6840,XIL_AXIS_FIFO
6841,ASUS_NB_WMI
6842,PLX_HERMES
6843,EDAC_PND2
6844,ACPI_APEI_ERST_DEBUG
6845,FB_TFT_ILI9486
6846,FIREWIRE_SERIAL
6847,VIDEO_CX231XX_DVB
6848,INPUT_PALMAS_PWRBUTTON
6849,IP_ROUTE_VERBOSE
6850,COMEDI
6851,USB_GSPCA_PAC7311
6852,NF_LOG_BRIDGE
6853,DEFAULT_PFIFO_FAST
6854,NET_SCH_DEFAULT
6855,COMMON_CLK_MT6779_IMGSYS
6856,MISDN_HFCUSB
6857,IR_FINTEK
6858,ATH9K_COMMON
6859,ATH9K_HW
6860,SBC_EPX_C3_WATCHDOG
6861,RTLWIFI_PCI
6862,COMEDI_VMK80XX
6863,EDAC_DECODE_MCE
6864,B43LEGACY
6865,USB_GSPCA_SPCA508
6866,EZCHIP_NPS_MANAGEMENT_ENET
6867,THERMAL_MMIO
6868,SND_SOC_INTEL_BDW_RT5650_MACH
6869,RTLBTCOEXIST
6870,HINIC
6871,GPIO_GPIO_MM
6872,COMMON_CLK_MT8183_IPU_ADL
6873,IWL4965
6874,COMMON_CLK_MT6779_MFGCFG
6875,DVB_USB_CINERGY_T2
6876,BNXT_FLOWER_OFFLOAD
6877,DEFAULT_SECURITY_DAC
6878,USB_GSPCA_ETOMS
6879,OPROFILE
6880,KPC2000_DMA
6881,SND_CS5535AUDIO
6882,COMEDI_DAS08_CS
6883,INPUT_DA9055_ONKEY
6884,SND_PCM_ELD
6885,SUN8I_A23_CCU
6886,PM_SLEEP_SMP
6887,RTC_DRV_R7301
6888,VIDEO_CX88_ALSA
6889,USB_GSPCA_FINEPIX
6890,KUNIT_DEBUGFS
6891,MLX4_CORE_GEN2
6892,NF_TABLES_IPV6
6893,DRM_DP_AUX_CHARDEV
6894,IR_ENE
6895,JOYSTICK_WALKERA0701
6896,SND_SOC_INTEL_BXT_DA7219_MAX98357A_MACH
6897,MISDN_HDLC
6898,MISDN_NETJET
6899,DVB_USB_M920X
6900,NETFILTER_XT_MATCH_CONNMARK
6901,ACPI_SLEEP
6902,CFG80211_DEFAULT_PS
6903,FB_NVIDIA_DEBUG
6904,DWMAC_GENERIC
6905,CRYPTO_NULL
6906,COMMON_CLK_MT2712_VENCSYS
6907,DECNET_NF_GRABULATOR
6908,DVB_USB_VP7045
6909,TIPC_CRYPTO
6910,CPCAP_ADC
6911,CAIF_DRIVERS
6912,FB_RIVA_I2C
6913,FB_MB862XX_I2C
6914,MAILBOX
6915,FM10K
6916,GPIO_TQMX86
6917,TMPFS
6918,LIQUIDIO_VF
6919,DMAR_TABLE
6920,INET_ESPINTCP
6921,XEN_GRANT_DEV_ALLOC
6922,IEEE802154_NL802154_EXPERIMENTAL
6923,NET_IFE_SKBTCINDEX
6924,OPENVSWITCH_VXLAN
6925,BE2NET_SKYHAWK
6926,USB_GSPCA_SN9C20X
6927,FB_MATROX_MILLENIUM
6928,CLK_SUNXI_PRCM_SUN9I
6929,DP83640_PHY
6930,USB_GSPCA_SQ930X
6931,RTW88
6932,DMA_ACPI
6933,DVB_USB_DTV5100
6934,SERIAL_MAX310X
6935,CIFS_UPCALL
6936,SND_SOC_SOF_JASPERLAKE
6937,RTLWIFI
6938,REGULATOR_DA9055
6939,GPIO_TEGRA
6940,MEGARAID_NEWGEN
6941,60XX_WDT
6942,USB_GSPCA_CONEX
6943,SND_SOC_SOF_COMETLAKE
6944,MOST_USB
6945,X86_MCE_AMD
6946,XEN_GNTDEV
6947,NFSD
6948,OCFS2_DEBUG_FS
6949,TOUCHSCREEN_88PM860X
6950,QEDI
6951,USB_GSPCA_ZC3XX
6952,IP_MULTIPLE_TABLES
6953,USB_GSPCA_VICAM
6954,NETFILTER_XT_MATCH_OWNER
6955,DVB_USB_NOVA_T_USB2
6956,COMEDI_PCMAD
6957,FB_SIS_315
6958,NF_CONNTRACK_PPTP
6959,DRM_INGENIC
6960,RTW88_PCI
6961,RTW88_CORE
6962,DVB_BT8XX
6963,SND_SOC_SOF_ICELAKE
6964,ADIS16203
6965,DVB_USB_GP8PSK
6966,DVB_GP8PSK_FE
6967,IP_NF_MATCH_AH
6968,USB_G_NOKIA
6969,NETFILTER_XT_MATCH_CONNLIMIT
6970,NET_ACT_TUNNEL_KEY
6971,EARLY_PRINTK_DBGP
6972,OCFS2_FS_STATS
6973,NF_NAT_AMANDA
6974,MT76x2_COMMON
6975,MAC80211_LEDS
6976,CLK_R8A7790
6977,DRM_IMX_TVE
6978,CEPH_FS_POSIX_ACL
6979,TEST_DEBUG_VIRTUAL
6980,NET_VENDOR_QUALCOMM
6981,COMMON_CLK_MT8183_AUDIOSYS
6982,PADATA
6983,NET_VENDOR_MICROCHIP
6984,TWL4030_WATCHDOG
6985,WCN36XX
6986,INFINIBAND_BNXT_RE
6987,SERIAL_IFX6X60
6988,WAFER_WDT
6989,IP_NF_MATCH_TTL
6990,VIDEO_CADENCE_CSI2RX
6991,NET_VENDOR_STMICRO
6992,DA9062_WATCHDOG
6993,IP6_NF_MATCH_SRH
6994,CLK_R8A7740
6995,ACPI_DEBUG
6996,BT_LE
6997,DEV_DAX_KMEM
6998,DVB_USB_A800
6999,ACPI_CPU_FREQ_PSS
7000,ACPI_PROCESSOR_IDLE
7001,ACPI_PROCESSOR_CSTATE
7002,DVB_USB_OPERA1
7003,BATMAN_ADV_DEBUG
7004,NET_IFE_SKBPRIO
7005,ADM8211
7006,MEMREGION
7007,CRYPTO_DEV_ATMEL_AUTHENC
7008,TQMX86_WDT
7009,INPUT_PCSPKR
7010,IP_NF_ARP_MANGLE
7011,SATA_HOST
7012,USB_GSPCA_TV8532
7013,MT76x0E
7014,NVMEM_REBOOT_MODE
7015,PATA_JMICRON
7016,DVB_BUDGET_PATCH
7017,RTC_DRV_TPS6586X
7018,QCOM_CPR
7019,PKCS7_MESSAGE_PARSER
7020,ATMEL
7021,COMMON_CLK_MT6779_VDECSYS
7022,TOUCHSCREEN_SUR40
7023,MSCC_OCELOT_SWITCH
7024,HDMI
7025,DVB_USB_AF9005
7026,RTC_DRV_MAX8997
7027,NFS_V2
7028,COMMON_CLK_MT8173_MMSYS
7029,CLK_R8A77961
7030,XFRM_STATISTICS
7031,NF_CONNTRACK_SANE
7032,F71808E_WDT
7033,CFG80211_DEVELOPER_WARNINGS
7034,SND_DMA_SGBUF
7035,EXT4_FS_SECURITY
7036,XEN_NETDEV_FRONTEND
7037,COMMON_CLK_MT8183_IPU_CORE1
7038,SECURITY_APPARMOR_KUNIT_TEST
7039,NET_EMATCH_U32
7040,USB_GSPCA_SUNPLUS
7041,NET_EMATCH_CANID
7042,BLK_DEV_INTEGRITY
7043,PROC_THERMAL_MMIO_RAPL
7044,IPV6_SIT_6RD
7045,CLK_R8A774B1
7046,HMS_ANYBUSS_BUS
7047,SSB_PCMCIAHOST_POSSIBLE
7048,USB_GSPCA_SONIXB
7049,VIDEO_GO7007_LOADER
7050,USB_GSPCA_TOUPTEK
7051,USB_GSPCA_SPCA501
7052,MFD_DA9052_I2C
7053,LEDS_SYSCON
7054,EFI_RUNTIME_WRAPPERS
7055,EFI
7056,EFI_ESRT
7057,ISCSI_TARGET_CXGB4
7058,BCM_KONA_WDT_DEBUG
7059,DVB_USB_DTT200U
7060,EXYNOS_SROM
7061,COMEDI_NI_MIO_CS
7062,IAVF
7063,I40EVF
7064,VIDEO_COBALT
7065,ATM_DRIVERS
7066,B43
7067,COMEDI_QUATECH_DAQP_CS
7068,NET_VENDOR_SOLARFLARE
7069,INPUT_ATMEL_CAPTOUCH
7070,LIBERTAS_THINFIRM
7071,NETFILTER_XT_MATCH_CGROUP
7072,SND_SOC_SOF_MERRIFIELD
7073,PCIEAER_INJECT
7074,WLAN_VENDOR_RSI
7075,MLXSW_SWITCHX2
7076,PCH_CAN
7077,INFINIBAND_ISERT
7078,PINCTRL_BERLIN
7079,PROVE_RAW_LOCK_NESTING
7080,BE2NET_LANCER
7081,MPTCP_HMAC_TEST
7082,PATA_NINJA32
7083,COMMON_CLK_MT6765_MIPI2ASYS
7084,USB_GSPCA_JL2005BCD
7085,EXYNOS_ASV_ARM
7086,TMD_HERMES
7087,COMMON_CLK_MT2701_G3DSYS
7088,USB_GSPCA_SPCA506
7089,SND_SOC_SOF_GEMINILAKE
7090,SERIAL_MAX3100
7091,CRYPTO_SHA1
7092,NF_CONNTRACK_SNMP
7093,X86_INTEL_MID
7094,APB_TIMER
7095,CLK_R8A7742
7096,IP_VS_PROTO_AH_ESP
7097,COMEDI_NI_ATMIO16D
7098,PATA_OF_PLATFORM
7099,USB_GSPCA_SPCA500
7100,FRAME_VECTOR
7101,CHELSIO_T1_1G
7102,NET_DSA_MICROCHIP_KSZ9477_SPI
7103,SND_SOC_INTEL_SKL_HDA_DSP_GENERIC_MACH
7104,USB_GSPCA_PAC207
7105,COMEDI_PCL730
7106,IP6_NF_MATCH_HL
7107,CAIF_TTY
7108,CLK_R8A774A1
7109,SCHED_INFO
7110,USB_MTU3_HOST
7111,RTL8723_COMMON
7112,DVB_USB_DIB0700
7113,WEXT_PROC
7114,CHELSIO_T4_DCB
7115,USB_GSPCA_SPCA561
7116,CAN_XILINXCAN
7117,CLK_R8A774C0
7118,ATH10K
7119,COMMON_CLK_MT2701_MMSYS
7120,WL18XX
7121,RTC_DRV_SUN6I
7122,CLK_RCAR_USB2_CLOCK_SEL
7123,GPIO_MT7621
7124,WLAN_VENDOR_BROADCOM
7125,SUN9I_A80_CCU
7126,HW_RANDOM_CAVIUM
7127,TOUCHSCREEN_SURFACE3_SPI
7128,SPEAKUP_SYNTH_DECTLK
7129,SND_OPL4_LIB
7130,CIFS_DEBUG
7131,XEN_DEV_EVTCHN
7132,QTNFMAC
7133,QTNFMAC_PCIE
7134,GREYBUS_FIRMWARE
7135,PINCTRL_MT2701
7136,SERIAL_ALTERA_UART_CONSOLE
7137,KS8851
7138,SUN6I_A31_CCU
7139,COMMON_CLK_MT8183_IPU_CORE0
7140,NVDIMM_KEYS
7141,ACPI_I2C_OPREGION
7142,KPROBES_ON_FTRACE
7143,SND_SB16
7144,JAILHOUSE_GUEST
7145,IP6_NF_TARGET_SYNPROXY
7146,RTC_DRV_R9701
7147,COMMON_CLK_MT2712_JPGDECSYS
7148,USB_GSPCA_SONIXJ
7149,PM_DEVFREQ_EVENT
7150,INPUT_ADXL34X_SPI
7151,SPEAKUP_SYNTH_TXPRT
7152,EDAC_AMD64
7153,TOUCHSCREEN_CYTTSP4_SPI
7154,VIDEO_CX231XX_ALSA
7155,AD9832
7156,COMMON_CLK_MT2701_HIFSYS
7157,EXT4_FS_POSIX_ACL
7158,USB_SERIAL_CONSOLE
7159,PTP_1588_CLOCK_VMW
7160,COMMON_CLK_MT2701_ETHSYS
7161,COMEDI_NI_DAQ_DIO24_CS
7162,SND_OPL4_LIB_SEQ
7163,TOUCHSCREEN_AD7877
7164,REBOOT_MODE
7165,CRYPTO_STATS
7166,BT_MSFTEXT
7167,FIELDBUS_DEV
7168,NETFILTER_XT_TARGET_NOTRACK
7169,NF_TABLES_NETDEV
7170,SUN50I_H6_R_CCU
7171,MYRI10GE
7172,SND_OPTI92X_AD1848
7173,SND_GUSEXTREME
7174,DRM_ASPEED_GFX
7175,COMMON_CLK_MT2712_VDECSYS
7176,ROMFS_BACKED_BY_BLOCK
7177,ROMFS_ON_BLOCK
7178,NF_CONNTRACK_AMANDA
7179,BRIDGE_MRP
7180,IR_WINBOND_CIR
7181,VIDEO_EM28XX_RC
7182,P54_COMMON
7183,DDR
7184,SUNIV_F1C100S_CCU
7185,IP_NF_MATCH_RPFILTER
7186,DRM_EXYNOS
7187,MTD_NAND_OMAP_BCH
7188,BT_BREDR
7189,BLK_DEV_FD
7190,CLK_OWL_S900
7191,KEYBOARD_TC3589X
7192,SPEAKUP_SYNTH_SOFT
7193,DRM_TVE200
7194,AMD_NUMA
7195,NET_VENDOR_CIRRUS
7196,REGULATOR_AB3100
7197,WLAN_VENDOR_ATMEL
7198,I2C_DESIGNWARE_BAYTRAIL
7199,INTEL_MIC_CARD
7200,PPP_MULTILINK
7201,CIFS_XATTR
7202,SCTP_DBG_OBJCNT
7203,COMEDI_NI_LABPC_CS
7204,GPIO_MSIC
7205,NE2K_PCI
7206,6LOWPAN_DEBUGFS
7207,AD7280
7208,SND_GUSCLASSIC
7209,TOUCHSCREEN_STMPE
7210,MT7615E
7211,ZX2967_PM_DOMAINS
7212,CLK_SH73A0
7213,DVB_USB_DIBUSB_MC
7214,SND_SOC_SDM845
7215,FB_GEODE_LX
7216,HOTPLUG_PCI_SHPC
7217,RAPIDIO_DEBUG
7218,DRM_TIDSS
7219,DM9102
7220,NETFILTER_XT_TARGET_CONNMARK
7221,DRM_I915_COMPRESS_ERROR
7222,RPMSG_QCOM_GLINK_RPM
7223,NF_CONNTRACK_TFTP
7224,WL12XX
7225,RAPIDIO_DMA_ENGINE
7226,XZ_DEC
7227,GOOGLE_SMI
7228,SND_SB8_DSP
7229,ATH9K
7230,DRM_XEN_FRONTEND
7231,MT7915E
7232,ISDN_CAPI
7233,BATMAN_ADV_DEBUGFS
7234,NF_CONNTRACK_LABELS
7235,AD7816
7236,USB_GSPCA_OV519
7237,WLAN_VENDOR_QUANTENNA
7238,COMMON_CLK_MT2701_IMGSYS
7239,MWL8K
7240,SERIAL_DEV_CTRL_TTYPORT
7241,COMEDI_II_PCI20KC
7242,RAPIDIO_ENABLE_RX_TX_PORTS
7243,SERIAL_MVEBU_CONSOLE
7244,COMMON_CLK_MT6779_MMSYS
7245,RTC_DRV_TPS65910
7246,GPIO_104_IDIO_16
7247,ACPI_NUMA
7248,SPEAKUP_SYNTH_DUMMY
7249,NETFILTER_XT_MATCH_PHYSDEV
7250,CAN_DEBUG_DEVICES
7251,CLK_R8A77960
7252,RTC_DRV_WM8350
7253,INPUT_MAX8997_HAPTIC
7254,MMC_DW_PCI
7255,SND_SOC_SOF_ELKHARTLAKE
7256,SUN8I_A83T_CCU
7257,IP_VS_PROTO_TCP
7258,RTL8180
7259,COMEDI_PCM3724
7260,VIDEOMODE_HELPERS
7261,SND_SOC_SOF_IMX_OF
7262,PCIE_ALTERA_MSI
7263,SND_SC6000
7264,BRIDGE_VLAN_FILTERING
7265,NETLABEL
7266,NETFILTER_XT_MATCH_CONNBYTES
7267,KVM
7268,ROCKETPORT
7269,NFT_QUEUE
7270,BPF_LIRC_MODE2
7271,COMEDI_NI_DAQ_700_CS
7272,CAN_SUN4I
7273,USB_GSPCA_MARS
7274,MFD_TC3589X
7275,GPIO_STP_XWAY
7276,IP_PNP_RARP
7277,PCMCIA_3C574
7278,SCSI_SYM53C8XX_MMIO
7279,DEVFREQ_EVENT_EXYNOS_PPMU
7280,NETFILTER_XT_MATCH_IPVS
7281,COMMON_CLK_MT6765_MIPI1ASYS
7282,DEBUG_PER_CPU_MAPS
7283,MAILBOX_TEST
7284,SATA_MV
7285,WIZNET_W5100_SPI
7286,COMMON_CLK_MT6765_MFGSYS
7287,SONYPI_COMPAT
7288,SND_SSCAPE
7289,IP_FIB_TRIE_STATS
7290,IP_NF_TARGET_SYNPROXY
7291,SND_SOC_SAMSUNG_TM2_WM5110
7292,AIC79XX_DEBUG_ENABLE
7293,COMMON_CLK_MT8516_AUDSYS
7294,INTEL_MIC_HOST
7295,WLAN_VENDOR_ZYDAS
7296,CLK_R8A77990
7297,COMEDI_C6XDIGIO
7298,YENTA_TI
7299,NFT_SYNPROXY
7300,SUNDANCE_MMIO
7301,FB_S3C_DEBUG_REGWRITE
7302,HOSTAP
7303,SUN8I_R40_CCU
7304,SPEAKUP_SYNTH_DECEXT
7305,SCSI_SNIC_DEBUG_FS
7306,CLK_R8A7791
7307,QUICC_ENGINE
7308,BLK_DEV_CS5530
7309,FUSION_LOGGING
7310,COMMON_CLK_MT7622_AUDSYS
7311,BLK_DEV_CS5520
7312,USB_GSPCA_STV0680
7313,USB_GSPCA_SPCA505
7314,INFINIBAND_CXGB4
7315,IWL3945
7316,ARCX_ANYBUS_CONTROLLER
7317,PLATFORM_MHU
7318,COMMON_CLK_MT7622_HIFSYS
7319,MFD_LOCHNAGAR
7320,NFT_CONNLIMIT
7321,RTC_DRV_M41T94
7322,COMMON_CLK_MT6765_IMGSYS
7323,CS5535_CLOCK_EVENT_SRC
7324,OF_ALL_DTBS
7325,SYSCON_REBOOT_MODE
7326,NL80211_TESTMODE
7327,INET6_ESPINTCP
7328,COMEDI_DT2817
7329,AIC94XX_DEBUG
7330,COMEDI_DT2814
7331,CFG80211_DEBUGFS
7332,COMEDI_PARPORT
7333,MAC80211_DEBUG_MENU
7334,RTC_DRV_MAX8998
7335,PCMCIA_XIRC2PS
7336,ATH5K_PCI
7337,COMMON_CLK_MT6765_MIPI1BSYS
7338,ACPI_REV_OVERRIDE_POSSIBLE
7339,SUN8I_H3_CCU
7340,COMEDI_DAC02
7341,IP_ROUTE_MULTIPATH
7342,AL_FIC
7343,NORTEL_HERMES
7344,AB3100_OTP
7345,RTC_DRV_RS5C348
7346,VFIO_IOMMU_TYPE1
7347,VFIO
7348,NET_CLS_ACT
7349,CLK_ANALOGBITS_WRPLL_CLN28HPC
7350,CLK_SIFIVE_FU540_PRCI
7351,COMMON_CLK_MT6779_CAMSYS
7352,THERMAL_WRITABLE_TRIPS
7353,ATM_BR2684_IPFILTER
7354,WLAN_VENDOR_ADMTEK
7355,COMMON_CLK_MT2701_VDECSYS
7356,SND_SOC_SOF_TOPLEVEL
7357,COMEDI_PCL726
7358,SND_SOC_SOF_APOLLOLAKE
7359,CLK_R9A06G032
7360,NFS_COMMON
7361,BLK_DEV_RNBD_SERVER
7362,SLIP_SMART
7363,CIFS_DFS_UPCALL
7364,SCSI_LOWLEVEL
7365,SCHED_DEBUG
7366,SND_CS5530
7367,MT76x2E
7368,TULIP
7369,INFINIBAND_ON_DEMAND_PAGING
7370,SND_OPTI92X_CS4231
7371,CS89x0
7372,COMMON_CLK_MT7622_ETHSYS
7373,SND_SOC_SOF_NOCODEC
7374,SERIAL_MPS2_UART_CONSOLE
7375,AIRO
7376,MT7603E
7377,NET_EMATCH
7378,SERIAL_ATMEL_TTYAT
7379,COMEDI_DT2811
7380,SERIAL_SPRD_CONSOLE
7381,SPEAKUP_SYNTH_ACNTSA
7382,X509_CERTIFICATE_PARSER
7383,KEYBOARD_STMPE
7384,SPEAKUP_SYNTH_LTLK
7385,CLK_RZA1
7386,KVM_AMD
7387,UNISYS_VISORHBA
7388,X86_PLATFORM_DEVICES
7389,DECNET_ROUTER
7390,MFD_AS3711
7391,CLK_R8A77970
7392,ATH5K
7393,DVB_USB_PCTV452E
7394,CS5535_MFGPT
7395,COMMON_CLK_MT2712_BDPSYS
7396,XEN_PCIDEV_BACKEND
7397,FB_OMAP2_ENCODER_TPD12S015
7398,COMEDI_NI_LABPC_ISA
7399,USB_GSPCA_KINECT
7400,IIO_ST_ACCEL_SPI_3AXIS
7401,NF_TABLES_ARP
7402,CLK_R8A77995
7403,SND_SOC_INTEL_SST_TOPLEVEL
7404,RPMSG_QCOM_GLINK
7405,MLXSW_SPECTRUM
7406,DRM_PANFROST
7407,GPIO_RDA
7408,TWL4030_CORE
7409,FB_ATMEL
7410,MLXSW_CORE_HWMON
7411,SUN5I_CCU
7412,AMD_IOMMU
7413,MFD_WM8400
7414,CLK_EMEV2
7415,BNXT_SRIOV
7416,WATCHDOG_PRETIMEOUT_GOV_PANIC
7417,PINCTRL_MTK_PARIS
7418,GPIO_ASPEED_SGPIO
7419,CAN_AT91
7420,HOTPLUG_PCI_CPCI
7421,COMEDI_S526
7422,COMMON_CLK_MT6765_AUDIOSYS
7423,PCIEAER
7424,IR_GPIO_CIR
7425,ADIS16240
7426,CW1200
7427,HOSTAP_PCI
7428,GPIO_WATCHDOG_ARCH_INITCALL
7429,PCI_ENDPOINT_CONFIGFS
7430,SSB_SPROM
7431,NETFILTER_ADVANCED
7432,GOOGLE_MEMCONSOLE_X86_LEGACY
7433,CLK_R8A7778
7434,RTL8192EE
7435,PCIE_INTEL_GW
7436,SND_CMI8330
7437,SOFTLOCKUP_DETECTOR
7438,LOCKUP_DETECTOR
7439,DRM_IMX
7440,RELAY
7441,AFS_DEBUG_CURSOR
7442,HAVE_SCHED_AVG_IRQ
7443,WLAN_VENDOR_REALTEK
7444,USB_GSPCA_PAC7302
7445,NET_EMATCH_IPSET
7446,EFI_MIXED
7447,DRM_I915_ERRLOG_GEM
7448,SDMA_VERBOSITY
7449,GPIO_104_DIO_48E
7450,COMMON_CLK_MT2712_MMSYS
7451,COMMON_CLK_MT6765_MMSYS
7452,CLK_BT1_CCU_PLL
7453,IP_VS_PROTO_AH
7454,RPCSEC_GSS_KRB5
7455,YENTA_RICOH
7456,ATM_NICSTAR_USE_SUNI
7457,COMEDI_PCL816
7458,SPEAKUP_SYNTH_SPKOUT
7459,SND_SOC_INTEL_HASWELL_MACH
7460,THERMAL_GOV_USER_SPACE
7461,VIDEO_TM6000_DVB
7462,RTC_DRV_RX6110
7463,UNISYS_VISORINPUT
7464,WL1251
7465,RTC_DRV_MAX6902
7466,ULI526X
7467,DRM_MCDE
7468,RTC_DRV_M41T93
7469,COMEDI_PCL724
7470,COMEDI_NI_AT_AO
7471,XENFS
7472,YENTA_O2
7473,BATMAN_ADV_NC
7474,SUN8I_V3S_CCU
7475,RT2X00
7476,CFG80211_CERTIFICATION_ONUS
7477,SND_CS4236
7478,DE2104X
7479,BT_LEDS
7480,RTC_DRV_RX4581
7481,SND_HDA_PATCH_LOADER
7482,RTL8723AE
7483,COMMON_CLK_MT2712_MFGCFG
7484,INFINIBAND_EXP_LEGACY_VERBS_NEW_UAPI
7485,RTL8188EE
7486,CRYPTO_DEV_CCP
7487,COMMON_CLK_MAX77686
7488,SND_CS4231
7489,PHY_EXYNOS_PCIE
7490,COMEDI_RTI802
7491,NF_CONNTRACK_MARK
7492,SND_MSND_CLASSIC
7493,RT2X00_LIB
7494,COMEDI_AMPLC_PC236_ISA
7495,SND_WSS_LIB
7496,MEDIA_ALTERA_CI
7497,BNX2X_SRIOV
7498,DRM_I915_TRACE_GEM
7499,KPC2000
7500,IMX_GPCV2_PM_DOMAINS
7501,TI_CPSW_PHY_SEL
7502,USB_MSI2500
7503,SND_ES18XX
7504,SERIAL_FSL_LPUART_CONSOLE
7505,AFS_DEBUG
7506,COMEDI_AIO_AIO12_8
7507,CLK_R8A7779
7508,PINCTRL_UNIPHIER
7509,WINBOND_840
7510,VIDEO_GO7007_USB
7511,SND_SOC_INTEL_SKYLAKE_HDAUDIO_CODEC
7512,SND_OPTI93X
7513,SND_SOC_INTEL_KBL_RT5663_RT5514_MAX98927_MACH
7514,X25_ASY
7515,COMMON_CLK_MT7629_HIFSYS
7516,RTW88_8723D
7517,RTW88_8723DE
7518,NETFILTER_XT_TARGET_TPROXY
7519,CIFS_ALLOW_INSECURE_LEGACY
7520,CLK_R8A7792
7521,PCMCIA_SMC91C92
7522,NFT_REJECT_INET
7523,W1_CON
7524,SND_WAVEFRONT
7525,WLAN_VENDOR_INTEL
7526,TIGON3_HWMON
7527,SUN8I_R_CCU
7528,CFG80211_WEXT_EXPORT
7529,USB_PULSE8_CEC
7530,BATMAN_ADV_SYSFS
7531,COMMON_CLK_MT6779_IPESYS
7532,CAN_CALC_BITTIMING
7533,IXGBE_HWMON
7534,PCIE_DW_PLAT_HOST
7535,FB_OMAP2_PANEL_DSI_CM
7536,FB_OMAP2_CONNECTOR_ANALOG_TV
7537,BLK_DEV_ZONED
7538,MFD_LP8788
7539,MTD_PMC551_DEBUG
7540,VIDEO_CX18_ALSA
7541,FSL_MC_BUS
7542,IMX_SCU_SOC
7543,UNISYS_VISORNIC
7544,PCI_MESON
7545,SPEAKUP_SYNTH_BNS
7546,RTC_DRV_DS1305
7547,WLAN_VENDOR_MEDIATEK
7548,NET_DSA_MV88E6XXX_GLOBAL2
7549,IP6_NF_NAT
7550,COMMON_CLK_MT6765_MIPI0BSYS
7551,SUN8I_A33_CCU
7552,EL3
7553,SND_AD1848
7554,IWLDVM
7555,SUN4I_A10_CCU
7556,CLK_R8A7795
7557,COMEDI_RTI800
7558,USB_MTU3_DEBUG
7559,UEFI_CPER
7560,UEFI_CPER_X86
7561,ALTERA_MBOX
7562,SUN50I_A64_CCU
7563,SND_SB8
7564,SND_AZT2316
7565,INFINIBAND_IPOIB_DEBUG
7566,GOLDFISH_TTY
7567,GOLDFISH_TTY_EARLY_CONSOLE
7568,PRISM54
7569,PINCTRL_LPC18XX
7570,IP_VS_DEBUG
7571,E1000E_HWTS
7572,REGULATOR_CPCAP
7573,GPIO_SNPS_CREG
7574,JCORE_AIC
7575,PMIC_ADP5520
7576,CEPH_FSCACHE
7577,ATMEL_SSC
7578,USBIP_DEBUG
7579,NETFILTER_XT_TARGET_AUDIT
7580,COMEDI_DT282X
7581,SND_SOC_SOF_HDA
7582,CLK_OWL_S500
7583,ASYMMETRIC_KEY_TYPE
7584,RTC_DRV_ISL12026
7585,RTC_DRV_DS1347
7586,AHCI_IMX
7587,LOCKD_V4
7588,SND_SOC_INTEL_USER_FRIENDLY_LONG_NAMES
7589,HTC_I2CPLD
7590,COMEDI_DAS1800
7591,BNXT_DCB
7592,IRQ_REMAP
7593,PCMCIA_NMCLAN
7594,NETPOLL
7595,NET_POLL_CONTROLLER
7596,IP_NF_TARGET_TTL
7597,DRM_IMX_PARALLEL_DISPLAY
7598,IWLMVM
7599,COMMON_CLK_MT6765_MIPI0ASYS
7600,RADIO_TIMBERDALE
7601,WLAN_VENDOR_INTERSIL
7602,NVMEM_LPC18XX_EEPROM
7603,CRYPTO_AES
7604,ATM_IDT77252_RCV_ALL
7605,COMEDI_ADQ12B
7606,SND_PCM_IEC958
7607,COMMON_CLK_MT6765_MIPI2BSYS
7608,BCM_CYGNUS_PHY
7609,PINCTRL_STM32F746
7610,INPUT_SOC_BUTTON_ARRAY
7611,PCIE_CADENCE_PLAT_EP
7612,PCIE_CADENCE_EP
7613,AFS_FSCACHE
7614,RTC_DRV_DS1343
7615,IP_VS_FTP
7616,RTL8192DE
7617,CRYPTO_RNG
7618,VXGE_DEBUG_TRACE_ALL
7619,FB_OMAP2_CONNECTOR_DVI
7620,SND_MAESTRO3_INPUT
7621,IP_NF_TARGET_ECN
7622,COMEDI_DAS08_ISA
7623,TCM_QLA2XXX
7624,PHY_TEGRA194_P2U
7625,MMC_CAVIUM_THUNDERX
7626,SECURITY_NETWORK_XFRM
7627,DE4X5
7628,DEBUG_LOCKDEP
7629,DWMAC_DWC_QOS_ETH
7630,QCOM_QMI_HELPERS
7631,COMEDI_DAS16M1
7632,SERIAL_ATMEL_PDC
7633,SUN8I_DE2_CCU
7634,GREYBUS_SPI
7635,RTW88_8822B
7636,RTW88_8822BE
7637,MFD_MAX77843
7638,INTEL_CHT_INT33FE
7639,SND_MSND_PINNACLE
7640,RTC_DRV_DS1390
7641,SYNCLINK
7642,TOUCHSCREEN_PROPERTIES
7643,RTL8192C_COMMON
7644,SND_SOC_SOF_TIGERLAKE
7645,SND_ES1688
7646,WLAN_VENDOR_ST
7647,SERIAL_QCOM_GENI_CONSOLE
7648,RTC_DRV_MCP795
7649,RTC_DRV_PCF2123
7650,COMEDI_AIO_IIRO_16
7651,PMIC_DA903X
7652,CRYPTO_HMAC
7653,RTC_DRV_AB3100
7654,MMC_MESON_MX_SDIO
7655,BLK_CMDLINE_PARSER
7656,VIDEO_IVTV_ALSA
7657,RTC_DRV_88PM860X
7658,COMEDI_FL512
7659,INFINIBAND_IPOIB_CM
7660,X86_64_ACPI_NUMA
7661,MT76_USB
7662,GPIO_104_IDI_48
7663,SPEAKUP_SYNTH_AUDPTR
7664,RTW88_8822C
7665,RTW88_8822CE
7666,LIBERTAS_SDIO
7667,VFIO_PCI_INTX
7668,VFIO_PCI_MMAP
7669,DRM_I915_TRACE_GTT
7670,HOSTAP_PLX
7671,SPEAKUP_SYNTH_APOLLO
7672,COMEDI_AMPLC_PC263_ISA
7673,XEN_SCSI_FRONTEND
7674,COMEDI_BOND
7675,FRAMEBUFFER_CONSOLE_DEFERRED_TAKEOVER
7676,MD
7677,RAID6_PQ_BENCHMARK
7678,MLXSW_CORE_THERMAL
7679,BLK_DEV_NULL_BLK_FAULT_INJECTION
7680,BLK_DEV_RNBD_CLIENT
7681,WLAN_VENDOR_MARVELL
7682,RTC_DRV_TWL4030
7683,SND_HDA_HWDEP
7684,PINCTRL_CYGNUS_MUX
7685,FB_MODE_HELPERS
7686,RTC_DRV_MAX6916
7687,COMMON_CLK_MT6765_GCESYS
7688,BACKLIGHT_OT200
7689,YENTA_TOSHIBA
7690,COMMON_CLK_MT6765_VCODECSYS
7691,SND_OPL3SA2
7692,RTL8821AE
7693,BLK_DEV
7694,WLCORE_SDIO
7695,RTL8723BE
7696,IP_PNP_BOOTP
7697,ISAPNP
7698,SND_GUSMAX
7699,IP_VS_IPV6
7700,PCMCIA_3C589
7701,SERIAL_XILINX_PS_UART_CONSOLE
7702,SND_JAZZ16
7703,WLAN_VENDOR_TI
7704,COMEDI_TEST
7705,SND_MIRO
7706,COMMON_CLK_MT6779_VENCSYS
7707,INPUT_XEN_KBDDEV_FRONTEND
7708,DRM_IMX_LDB
7709,BLK_SED_OPAL
7710,SCHED_STACK_END_CHECK
7711,COMEDI_DAS16
7712,BLK_DEV_SC1200
7713,IP6_NF_TARGET_HL
7714,MFD_MAX8998
7715,NVME_MULTIPATH
7716,NFS_ACL_SUPPORT
7717,NET_VENDOR_XIRCOM
7718,COMEDI_AMPLC_DIO200_ISA
7719,KEYBOARD_APPLESPI
7720,KVM_INTEL
7721,BT_CMTP
7722,SND_ADLIB
7723,SND_CMI8328
7724,FAIL_FUNCTION
7725,SND_SBAWE
7726,FB_GEODE_GX
7727,PINCTRL_MT6797
7728,EISA_PCI_EISA
7729,SND_SOC_COMPRESS
7730,COMEDI_NI_ATMIO
7731,SND_BT87X_OVERCLOCK
7732,DVB_USB_AF9005_REMOTE
7733,FB_OMAP2_PANEL_DPI
7734,XEN_BLKDEV_FRONTEND
7735,SND_HDA_INPUT_BEEP
7736,DEBUG_FORCE_WEAK_PER_CPU
7737,FB_OMAP2_ENCODER_TFP410
7738,CIFS_FSCACHE
7739,9P_FSCACHE
7740,8139TOO_PIO
7741,PINCTRL_S3C64XX
7742,KPC2000_SPI
7743,XPOWER_PMIC_OPREGION
7744,CIFS_STATS2
7745,SND_CS46XX_NEW_DSP
7746,TOUCHSCREEN_IMX6UL_TSC
7747,SATA_DWC
7748,CLK_BT1_CCU_DIV
7749,COMEDI_PCMMIO
7750,MFD_TPS65090
7751,SCHEDSTATS
7752,P54_PCI
7753,USB_ZD1201
7754,GENERIC_PHY_MIPI_DPHY
7755,FB_OMAP2_CONNECTOR_HDMI
7756,IPV6_MROUTE_MULTIPLE_TABLES
7757,INTEL_MID_PTI
7758,POWER_SUPPLY
7759,BCM2835_POWER
7760,MT76x02_USB
7761,FB_NOTIFY
7762,BT_FEATURE_DEBUG
7763,SERIAL_ALTERA_JTAGUART_CONSOLE
7764,DELL_SMBIOS_WMI
7765,VIDEO_TM6000_ALSA
7766,NF_CT_NETLINK_TIMEOUT
7767,RTC_DRV_DS1302
7768,DEFXX_MMIO
7769,COMEDI_PCMUIO
7770,SUN50I_H6_CCU
7771,USB_RAINSHADOW_CEC
7772,AMDTEE
7773,SND_DESIGNWARE_PCM
7774,SND_AZT1605
7775,CLK_R8A77965
7776,NET_FC
7777,IP_NF_TARGET_NETMAP
7778,NF_FLOW_TABLE
7779,USB_COMMON
7780,AD9834
7781,NET_ACT_IPT
7782,SPI_SLAVE_SYSTEM_CONTROL
7783,LEDS_TRIGGERS
7784,SERIAL_ATMEL_CONSOLE
7785,NFC_MRVL_SPI
7786,PMIC_DA9052
7787,HIBERNATE_CALLBACKS
7788,PINCTRL_MT8183
7789,IR_IMG_HW
7790,COMEDI_DT2801
7791,CLS_U32_PERF
7792,RTC_DRV_VRTC
7793,USB_ISP1760_DUAL_ROLE
7794,DRM_IMX_HDMI
7795,PINCTRL_INGENIC
7796,SND_SOC_IMG
7797,MAC80211_DEBUGFS
7798,SFC_MCDI_MON
7799,USB_EHCI_SH
7800,SYNC_FILE
7801,INFINIBAND_I40IW
7802,I2C_EG20T
7803,SBNI_MULTILINE
7804,PINCTRL_MT2712
7805,QLCNIC_HWMON
7806,ASYMMETRIC_PUBLIC_KEY_SUBTYPE
7807,PHY_HI6220_USB
7808,ITCO_VENDOR_SUPPORT
7809,PCIE_DW_PLAT_EP
7810,TUN_VNET_CROSS_LE
7811,CLKSRC_JCORE_PIT
7812,PINCTRL_SX150X
7813,SND_DYNAMIC_MINORS
7814,ACPI_REDUCED_HARDWARE_ONLY
7815,SND_BCM2835
7816,MESON_EE_PM_DOMAINS
7817,RTL8187
7818,QCA7000
7819,COMEDI_DAS800
7820,MLX5_FPGA_IPSEC
7821,TASK_DELAY_ACCT
7822,QED_LL2
7823,MAC80211_MESSAGE_TRACING
7824,COMEDI_DMM32AT
7825,ATM_HE_USE_SUNI
7826,CRYPTO_DEV_HISI_HPRE
7827,ACPI_SPCR_TABLE
7828,RTL8192CE
7829,QCOM_CLK_SMD_RPM
7830,AIC79XX_REG_PRETTY_PRINT
7831,BLK_DEV_IO_TRACE
7832,WM8350_WATCHDOG
7833,DRM_EXYNOS_FIMD
7834,FB_GEODE_GX1
7835,INTEL_MID_WATCHDOG
7836,RADIO_WL128X
7837,N_HDLC
7838,X86_PMEM_LEGACY_DEVICE
7839,FB_DEFERRED_IO
7840,TOUCHSCREEN_PCAP
7841,SQUASHFS_FILE_CACHE
7842,SQUASHFS_DECOMP_SINGLE
7843,COMEDI_PCL711
7844,COMMON_CLK_MT6765_CAMSYS
7845,SCSI_MVSAS_TASKLET
7846,SND_INTERWAVE
7847,SERIAL_CONEXANT_DIGICOLOR_CONSOLE
7848,COMEDI_PCMDA12
7849,ACPI_APEI
7850,THERMAL_DEFAULT_GOV_STEP_WISE
7851,THERMAL_GOV_STEP_WISE
7852,THERMAL
7853,DEBUG_OBJECTS_TIMERS
7854,IP_NF_TARGET_CLUSTERIP
7855,CRYPTO_ENGINE
7856,COMEDI_DT2815
7857,BPF_STREAM_PARSER
7858,GEMINI_ETHERNET
7859,PHY_ST_SPEAR1310_MIPHY
7860,WLAN_VENDOR_ATH
7861,REGULATOR_PCAP
7862,ASPEED_BT_IPMI_BMC
7863,MFD_88PM860X
7864,IPV6_ROUTE_INFO
7865,SND_ALS100
7866,MWIFIEX_PCIE
7867,ATM_IDT77252_DEBUG
7868,WLAN_VENDOR_CISCO
7869,PHY_ROCKCHIP_PCIE
7870,INTEL_IOMMU_FLOPPY_WA
7871,HAVE_INTEL_TXT
7872,IOASID
7873,INTEL_IOMMU
7874,I2C_THUNDERX
7875,CIFS_ROOT
7876,REGULATOR_STM32_VREFBUF
7877,GPIO_BCM_KONA
7878,MFD_RC5T583
7879,PINCTRL_ASPEED_G6
7880,XEN_SCSI_BACKEND
7881,SFC_MTD
7882,MDIO_ASPEED
7883,PCI_ATMEL
7884,RT2X00_LIB_MMIO
7885,RT2X00_LIB_PCI
7886,MMC_SDHCI_PXAV2
7887,CRYPTO_FIPS
7888,F2FS_FS_XATTR
7889,SECURITY_APPARMOR
7890,WLAN_VENDOR_RALINK
7891,HWPOISON_INJECT
7892,FAILSLAB
7893,PHY_HISI_INNO_USB2
7894,SERIAL_RDA_CONSOLE
7895,NET_TULIP
7896,PINCTRL_BERLIN_BG4CT
7897,USB_OHCI_SH
7898,IP_VS_PROTO_UDP
7899,EXPORTFS
7900,VIDEO_CX88_VP3054
7901,BT_HCIUART_H4
7902,SWAP
7903,MDIO_BUS_MUX_MESON_G12A
7904,MFD_MAX8997
7905,COMEDI_PCL812
7906,SKGE_GENESIS
7907,HALTPOLL_CPUIDLE
7908,QED_ISCSI
7909,SCSI_SCAN_ASYNC
7910,SCSI_SAS_ATA
7911,DEBUG_PINCTRL
7912,PINCTRL_RZA2
7913,QCOM_GENI_SE
7914,IMX_SCU_PD
7915,COMEDI_MULTIQ3
7916,RMI4_F54
7917,CONSOLE_POLL
7918,SM_GCC_8150
7919,ZD1211RW
7920,NET_EMATCH_IPT
7921,NET_VENDOR_I825XX
7922,BLK_WBT
7923,MFD_TWL4030_AUDIO
7924,DEBUG_SG
7925,SLIP_COMPRESSED
7926,MFD_STM32_LPTIMER
7927,THINKPAD_ACPI_DEBUGFACILITIES
7928,GPIO_CLPS711X
7929,CRYPTO_ECB
7930,LIBERTAS_USB
7931,MAC80211_HAS_RC
7932,MAC80211_RC_MINSTREL
7933,MAC80211_RC_DEFAULT_MINSTREL
7934,PHY_HISTB_COMBPHY
7935,REGULATOR_SC2731
7936,MWIFIEX_SDIO
7937,SERIAL_ARC_CONSOLE
7938,OF_FLATTREE
7939,LIBFDT
7940,MEMORY
7941,MDIO_MOXART
7942,PINCTRL_BCM281XX
7943,MESON_MX_EFUSE
7944,DA9052_WATCHDOG
7945,MFD_MX25_TSADC
7946,DRM_GEM_CMA_HELPER
7947,DRM_KMS_CMA_HELPER
7948,DEBUG_OBJECTS_PERCPU_COUNTER
7949,SCSI_HISI_SAS_PCI
7950,PINCTRL_ASPEED_G5
7951,MFD_STM32_TIMERS
7952,DEFAULT_BIC
7953,PNFS_FILE_LAYOUT
7954,BOOT_PRINTK_DELAY
7955,MMP_FB
7956,PHY_RCAR_GEN3_USB3
7957,XEN_PVHVM_SMP
7958,FS_DAX
7959,SDM_GCC_660
7960,BLK_CGROUP
7961,PINCTRL_RZN1
7962,FB_OMAP2_DSS_INIT
7963,WIRELESS_WDS
7964,PINCTRL_NSP_GPIO
7965,SCSI_MVSAS_DEBUG
7966,SND_SBAWE_SEQ
7967,VIRTIO_PCI_LEGACY
7968,NF_NAT_SNMP_BASIC
7969,AIRO_CS
7970,FW_LOADER
7971,QEDF
7972,X86_PKG_TEMP_THERMAL
7973,ATM_ZATM_DEBUG
7974,PINCTRL_IPROC_GPIO
7975,OF_OVERLAY
7976,USB_EHCI_HCD_SPEAR
7977,BLK_INLINE_ENCRYPTION
7978,NET_NS
7979,AHCI_XGENE
7980,MESON_GXL_PHY
7981,SDM_DISPCC_845
7982,PCMCIA_FMVJ18X
7983,ATM_HORIZON_DEBUG
7984,IP_VS_PROTO_SCTP
7985,PM_GENERIC_DOMAINS_OF
7986,USB_CNS3XXX_OHCI
7987,PINCTRL_NPCM7XX
7988,FAIL_PAGE_ALLOC
7989,PHY_EXYNOS_MIPI_VIDEO
7990,HOSTAP_CS
7991,MTK_PMIC_WRAP
7992,SECURITY_SMACK
7993,PNP_DEBUG_MESSAGES
7994,RTC_DRV_CPCAP
7995,SC_GPUCC_7180
7996,OF_RESOLVE
7997,COMEDI_MPC624
7998,PINCTRL_MT7623
7999,SND_ES1968_INPUT
8000,IP_PIMSM_V1
8001,CIFS_DEBUG_DUMP_KEYS
8002,MAC80211_MESH
8003,QCOM_APR
8004,QCOM_PDR_HELPERS
8005,THINKPAD_ACPI_DEBUG
8006,IPV6_PIMSM_V2
8007,BRANCH_PROFILE_NONE
8008,FTRACE
8009,ENCX24J600
8010,DEBUG_FS
8011,VIDEO_MEYE
8012,OF_DYNAMIC
8013,SND_SE6X
8014,USB_CONFIGFS_ECM_SUBSET
8015,X86_SFI_CPUFREQ
8016,QED_OOO
8017,PMIC_OPREGION
8018,BCM63XX_PHY
8019,MFD_EXYNOS_LPASS
8020,MMC_SDHCI_PXAV3
8021,PHY_MMP3_USB
8022,PHY_RALINK_USB
8023,SCSI_CONSTANTS
8024,PHY_NS2_PCIE
8025,TASK_XACCT
8026,RTC_DRV_MT6397
8027,JBD2_DEBUG
8028,PINCTRL_UNIPHIER_LD11
8029,8139TOO_8129
8030,NVMEM_VF610_OCOTP
8031,RTC_DRV_PCAP
8032,HFI1_DEBUG_SDMA_ORDER
8033,USB_OHCI_HCD_LPC32XX
8034,PNFS_FLEXFILE_LAYOUT
8035,MDIO_BUS_MUX_BCM_IPROC
8036,XEN_PVHVM
8037,XEN_AUTO_XLATE
8038,PCMCIA_HERMES
8039,SND_SOC_SOF_BAYTRAIL
8040,MESON_GX_PM_DOMAINS
8041,FB_IMX
8042,GENERIC_MSI_IRQ_DOMAIN
8043,GENERIC_MSI_IRQ
8044,REGULATOR_MAX77620
8045,DMA_DECLARE_COHERENT
8046,OF_EARLY_FLATTREE
8047,OF_RESERVED_MEM
8048,NPCM7XX_KCS_IPMI_BMC
8049,MFD_AAT2870_CORE
8050,DA9063_WATCHDOG
8051,IFB
8052,PINCTRL_AT91PIO4
8053,ATH10K_SDIO
8054,MLX_WDT
8055,PINCTRL_BM1880
8056,MMC_SDHI_SYS_DMAC
8057,SND_SOC_SOF_DEBUG_PROBES
8058,NVMEM_STM32_ROMEM
8059,PINCTRL_MT7622
8060,USB_MUSB_DUAL_ROLE
8061,MMU_GATHER_RCU_TABLE_FREE
8062,MMU_GATHER_TABLE_FREE
8063,PARAVIRT
8064,SND_SOC_INTEL_BAYTRAIL
8065,PROVE_RCU_LIST
8066,HSU_DMA_PCI
8067,NETFILTER_XT_TARGET_CONNSECMARK
8068,FB_OMAP2_ENCODER_OPA362
8069,NFT_FIB_INET
8070,JZ4780_NEMC
8071,QCOM_COINCELL
8072,PRISM2_USB
8073,SERIAL_SCCNXP_CONSOLE
8074,PCH_GBE
8075,DEBUG_ATOMIC_SLEEP
8076,BTRFS_DEBUG
8077,PTP_1588_CLOCK_KVM
8078,DEFAULT_SECURITY_SELINUX
8079,SECURITY_SELINUX
8080,COMEDI_NI_AT_A2150
8081,OF_GPIO
8082,DEBUG_CREDENTIALS
8083,PINCTRL_EXYNOS
8084,GENERIC_TRACER
8085,XEN_NETDEV_BACKEND
8086,SERIAL_LANTIQ_CONSOLE
8087,DEBUG_KMEMLEAK_AUTO_SCAN
8088,ASPEED_KCS_IPMI_BMC
8089,XO1_RFKILL
8090,X86_AMD_PLATFORM_DEVICE
8091,PHY_ST_SPEAR1340_MIPHY
8092,MFD_STMPE
8093,CRYPTO_DEV_HISI_SEC2
8094,XFS_POSIX_ACL
8095,DEBUG_KOBJECT
8096,PWM_CRC
8097,IR_IMG_RAW
8098,NF_CONNTRACK_TIMEOUT
8099,PCMCIA_SPECTRUM
8100,IP_VS_PROTO_ESP
8101,EFI_RCI2_TABLE
8102,CLK_QORIQ
8103,FB_SH_MOBILE_LCDC
8104,MAC80211_PS_DEBUG
8105,PINCTRL_NS
8106,QCS_TURING_404
8107,IPQ_GCC_8074
8108,MFD_SMSC
8109,PINCTRL_STM32F429
8110,PATA_ACPI
8111,MFD_TPS6586X
8112,PINCTRL_STM32F469
8113,SLIP_MODE_SLIP6
8114,GPIO_CS5535
8115,LEDS_TRIGGER_DISK
8116,BT_HCIUART_SERDEV
8117,PCIE_XILINX
8118,QUOTACTL
8119,PINCTRL_NSP_MUX
8120,DRM_EXYNOS7_DECON
8121,COMEDI_PCL818
8122,SFC_FALCON_MTD
8123,TI_PIPE3
8124,COMEDI_DAS6402
8125,MFD_MXS_LRADC
8126,IP_NF_TARGET_REDIRECT
8127,DRM_DEBUG_DP_MST_TOPOLOGY_REFS
8128,MDIO_SUN4I
8129,HYPERV_TIMER
8130,R8712U
8131,USB_CONFIGFS_EEM
8132,8139_OLD_RX_RESET
8133,USB_EPSON2888
8134,PINCTRL_OWL
8135,PCMCIA_PCNET
8136,MMC_SDHCI_IPROC
8137,USB_CNS3XXX_EHCI
8138,SATA_GEMINI
8139,RT2800_LIB
8140,SSB_B43_PCI_BRIDGE
8141,PINCTRL_AS370
8142,CIFS_DEBUG2
8143,MICROCHIP_PIT64B
8144,VIDEO_OMAP2_VOUT_VRFB
8145,8139TOO_TUNE_TWISTER
8146,ACPI_DEBUGGER
8147,DEVFREQ_GOV_PASSIVE
8148,P54_SPI
8149,CRYPTO_DEV_CCP_CRYPTO
8150,SCHED_THERMAL_PRESSURE
8151,SKGE_DEBUG
8152,SHMEM
8153,ATA_ACPI
8154,THINKPAD_ACPI_UNSAFE_LEDS
8155,KEYBOARD_GOLDFISH_EVENTS
8156,SPI_SLAVE_TIME
8157,PINCTRL_MT8516
8158,MT76x2U
8159,USB_SUPPORT
8160,USB_ARCH_HAS_HCD
8161,NF_CONNTRACK_PROCFS
8162,SC_VIDEOCC_7180
8163,MFD_TPS65910
8164,QCOM_CLK_APCS_MSM8916
8165,FB_CMDLINE
8166,THINKPAD_ACPI_HOTKEY_POLL
8167,IP_DCCP_TFRC_DEBUG
8168,IP_DCCP_CCID3_DEBUG
8169,DEBUG_OBJECTS_RCU_HEAD
8170,MFD_TPS80031
8171,CGROUP_DEBUG
8172,DRM_EXYNOS_DP
8173,MPILIB
8174,ATM_ENI_DEBUG
8175,IR_GPIO_TX
8176,BLK_DEV_DM_BUILTIN
8177,XFS_DEBUG
8178,PINCTRL_RZA1
8179,BLK_DEV_IDEACPI
8180,HMEM_REPORTING
8181,ACPI_HMAT
8182,PINCTRL_ASPEED_G4
8183,STMPE_I2C
8184,BLK_DEV_RNBD
8185,NETCONSOLE_DYNAMIC
8186,PINCTRL_NS2_MUX
8187,XO15_EBOOK
8188,PCIE_MEDIATEK
8189,FB_OMAP2_DSS
8190,FB_OMAP2
8191,POWER_RESET_GEMINI_POWEROFF
8192,PCI_HERMES
8193,ENC28J60
8194,QCS_Q6SSTOP_404
8195,DEFERRED_STRUCT_PAGE_INIT
8196,RSI_SDIO
8197,IDE_ATAPI
8198,DEBUG_LOCKING_API_SELFTESTS
8199,GPIO_MAX77620
8200,SND_SOC_INTEL_BDW_RT5677_MACH
8201,CRYPTO_DEV_HISI_ZIP
8202,USB_OHCI_HCD_AT91
8203,MTD_PMC551_BUGFIX
8204,BTRFS_FS_REF_VERIFY
8205,NET_VENDOR_8390
8206,FB_S3C
8207,MTD_NAND_QCOM
8208,WATCHDOG_PRETIMEOUT_GOV_NOOP
8209,SND_AT73C213
8210,GEODE_WDT
8211,SND_SOC_SOF_BROADWELL
8212,ATM_AMBASSADOR_DEBUG
8213,PHY_BCM_NS_USB3
8214,NET_EGRESS
8215,MSM_GCC_8939
8216,MESON_SARADC
8217,DEBUG_OBJECTS_SELFTEST
8218,NUMA
8219,USE_PERCPU_NUMA_NODE_ID
8220,NEED_MULTIPLE_NODES
8221,FB_PXA168
8222,NF_TABLES_INET
8223,PARAVIRT_DEBUG
8224,BYTCRC_PMIC_OPREGION
8225,DEBUG_VM
8226,IPVLAN_L3S
8227,MTD_NAND_HISI504
8228,SCSI_LPFC_DEBUG_FS
8229,USB_ETH_RNDIS
8230,BCM_PDC_MBOX
8231,DEBUG_VIRTUAL
8232,QCA7000_UART
8233,ATH_DEBUG
8234,MSM_MMCC_8974
8235,SCSI_IPR_TRACE
8236,IRQCHIP
8237,OF_IRQ
8238,OF_ADDRESS
8239,OF
8240,DEBUG_HOTPLUG_CPU0
8241,SND_DRIVERS
8242,LIB80211_DEBUG
8243,SND_AZT2320
8244,POSIX_MQUEUE_SYSCTL
8245,9P_FS_POSIX_ACL
8246,NET_IPGRE_BROADCAST
8247,CLS_U32_MARK
8248,OF_KOBJ
8249,IGB_HWMON
8250,PINCTRL_S3C24XX
8251,USB_RENESAS_USBHS_UDC
8252,PHY_DA8XX_USB
8253,SPMI_PMIC_CLKDIV
8254,NF_CT_PROTO_GRE
8255,MTK_EFUSE
8256,DRM_FBDEV_EMULATION
8257,ACPI_DOCK
8258,GENERIC_PINMUX_FUNCTIONS
8259,GENERIC_PINCTRL_GROUPS
8260,QCS_GCC_404
8261,USB_DWC2_DUAL_ROLE
8262,MSM_GCC_8996
8263,PINCTRL_MT8135
8264,SPEAKUP
8265,NF_CONNTRACK_EVENTS
8266,IXGBE_IPSEC
8267,DRBD_FAULT_INJECTION
8268,VIRTIO_MEM
8269,PINCTRL_STM32MP157
8270,IWLWIFI_LEDS
8271,NFP_DEBUG
8272,ATM_NICSTAR_USE_IDT77105
8273,SUNRPC_XPRT_RDMA
8274,NVMEM_SNVS_LPGPR
8275,IP_PIMSM_V2
8276,XFS_RT
8277,SSB_PCMCIAHOST
8278,RTL8XXXU
8279,ATH6KL_SDIO
8280,MDIO_BCM_IPROC
8281,SOUND_OSS_CORE
8282,SND_OSSEMUL
8283,MFD_MAX8925
8284,LIVEPATCH
8285,CARL9170
8286,QCOM_A53PLL
8287,ACPI_BGRT
8288,ORINOCO_USB
8289,VIDEO_GO7007_USB_S2250_BOARD
8290,MMP_DISP
8291,SLIM_QCOM_NGD_CTRL
8292,USB_PHY
8293,REISERFS_CHECK
8294,MLX5_CORE_EN
8295,SCSI_SAS_HOST_SMP
8296,ACENIC_OMIT_TIGON_I
8297,OBJAGG
8298,AT76C50X_USB
8299,MTD_NAND_TXX9NDFMC
8300,APQ_MMCC_8084
8301,MT76x0U
8302,BLK_DEBUG_FS
8303,THINKPAD_ACPI_VIDEO
8304,STA2X11_VIP
8305,XFS_ONLINE_SCRUB
8306,EXT3_FS_POSIX_ACL
8307,BATTERY_GOLDFISH
8308,USB_ISP1761_UDC
8309,RTL8192SE
8310,SUN6I_MSGBOX
8311,9P_FS_SECURITY
8312,THERMAL_GOV_BANG_BANG
8313,CEC_SECO_RC
8314,RESET_ATTACK_MITIGATION
8315,VIA_RHINE_MMIO
8316,MMC_RICOH_MMC
8317,SND_SOC_SOF_INTEL_TOPLEVEL
8318,DEBUG_NOTIFIERS
8319,XEN_WDT
8320,PINCTRL_STM32H743
8321,PINCTRL_MT7629
8322,IP6_NF_TARGET_NPT
8323,PINCTRL_MT6397
8324,IR_IMG_SONY
8325,BRCM_TRACING
8326,FB_DA8XX
8327,PHY_PXA_USB
8328,IPW2200_QOS
8329,XEN_ACPI
8330,NUMA_KEEP_MEMINFO
8331,RESET_MESON_AUDIO_ARB
8332,SERIAL_8250_CONSOLE
8333,SPRD_MBOX
8334,B43_PCICORE_AUTOSELECT
8335,B43_PCI_AUTOSELECT
8336,SPI_CADENCE_QUADSPI
8337,SC_DISPCC_7180
8338,CW1200_WLAN_SDIO
8339,NF_FLOW_TABLE_IPV6
8340,PINCTRL_BCM2835
8341,FSL_ENETC_VF
8342,USB_MUSB_MEDIATEK
8343,BPF_SYSCALL
8344,MSM_GCC_8916
8345,MWIFIEX_USB
8346,LIBERTAS_CS
8347,MT7663U
8348,F2FS_STAT_FS
8349,PTP_1588_CLOCK_DTE
8350,SERIAL_FSL_LINFLEXUART_CONSOLE
8351,AIC79XX_BUILD_FIRMWARE
8352,GPIO_ATH79
8353,PARTITION_ADVANCED
8354,ATM_ENI_TUNE_BURST
8355,BPF_JIT_ALWAYS_ON
8356,ISCSI_IBFT_FIND
8357,LATENCYTOP
8358,PWM_DEBUG
8359,DEBUG_BOOT_PARAMS
8360,NFC_SHDLC
8361,THERMAL_OF
8362,ASPEED_LPC_CTRL
8363,MSM_MMCC_8960
8364,SM_GCC_8250
8365,USB_MUSB_TUSB6010
8366,EDAC_SBRIDGE
8367,SKY2_DEBUG
8368,SLUB_CPU_PARTIAL
8369,SW_SYNC
8370,RMI4_F55
8371,USB_EHCI_MV
8372,MDIO_XGENE
8373,RT2500PCI
8374,CMA_DEBUG
8375,MXS_LRADC_ADC
8376,SDM_CAMCC_845
8377,USB_DWC3_DUAL_ROLE
8378,IXP4XX_NPE
8379,INPUT_PCAP
8380,KPSS_XCC
8381,IP6_NF_TARGET_MASQUERADE
8382,CPU_ISOLATION
8383,USB_CONFIGFS_RNDIS
8384,QCOM_LLCC
8385,DEBUG_PLIST
8386,BATTERY_INGENIC
8387,NTB_MSI
8388,EROFS_FS_ZIP
8389,DEBUG_PAGEALLOC
8390,ATH10K_PCI
8391,ASN1
8392,MTD_NAND_ATMEL
8393,SERIAL_SH_SCI_DMA
8394,FAIL_FUTEX
8395,PINCTRL_MT8127
8396,RCU_EQS_DEBUG
8397,IWLWIFI_DEBUG
8398,DEBUG_NMI_SELFTEST
8399,FSI_MASTER_AST_CF
8400,SND_SOC_BELLS
8401,AT91_SOC_SFR
8402,MTD_ONENAND_SAMSUNG
8403,INTEL_ATOMISP
8404,VIDEO_SUNXI
8405,BT_HCIBTUSB_MTK
8406,MSM_MMCC_8996
8407,DEBUG_OBJECTS_FREE
8408,LIBERTAS_SPI
8409,MSM_MMCC_8998
8410,GPIO_RCAR
8411,SERIAL_UARTLITE_CONSOLE
8412,MTD_NAND_SLC_LPC32XX
8413,DTC
8414,BTRFS_FS_RUN_SANITY_TESTS
8415,QCOM_QFPROM
8416,DVB_B2C2_FLEXCOP_DEBUG
8417,DRM_LOAD_EDID_FIRMWARE
8418,IXGBE_DCB
8419,GPIO_XGENE_SB
8420,UBSAN
8421,REGULATOR_QCOM_RPMH
8422,MTD_NAND_OMAP2
8423,RTC_DRV_MAX77686
8424,QCOM_APCS_IPC
8425,PARAVIRT_CLOCK
8426,COMEDI_NI_LABPC_ISADMA
8427,MFD_PALMAS
8428,FAULT_INJECTION_DEBUG_FS
8429,VSOCKMON
8430,DEBUG_DRIVER
8431,MAC_EMUMOUSEBTN
8432,MTD_NAND_MESON
8433,MTD_NAND_FSL_IFC
8434,MTD_NAND_FSMC
8435,BOOTPARAM_HOTPLUG_CPU0
8436,MESON_CANVAS
8437,SERIAL_SIFIVE_CONSOLE
8438,MAC80211_MLME_DEBUG
8439,REGULATOR_STM32_BOOSTER
8440,MTD_NAND_SUNXI
8441,BGMAC
8442,USB_DWC3_MESON_G12A
8443,FS_POSIX_ACL
8444,VIDEO_SAMSUNG_EXYNOS4_IS
8445,QED_SRIOV
8446,HPWDT_NMI_DECODING
8447,SSB_SDIOHOST
8448,TMPFS_XATTR
8449,USB_XHCI_HISTB
8450,NF_FLOW_TABLE_IPV4
8451,IOMMU_LEAK
8452,ATH6KL_USB
8453,EFI_PGT_DUMP
8454,PCH_PHUB
8455,USB_XHCI_RCAR
8456,SND_SOC_SOF_CANNONLAKE_SUPPORT
8457,MTD_NAND_OXNAS
8458,MEDIA_USB_SUPPORT
8459,IP_VS_NFCT
8460,DEBUG_STACK_USAGE
8461,IR_IMG_SHARP
8462,MSM_GCC_8994
8463,QCA7000_SPI
8464,SC27XX_EFUSE
8465,MMC_MESON_MX_SDHC
8466,SDM_GPUCC_845
8467,SFC_MCDI_LOGGING
8468,BPF_KPROBE_OVERRIDE
8469,RT2X00_LIB_USB
8470,IXP4XX_QMGR
8471,NVM
8472,JFS_STATISTICS
8473,FSL_MX25_ADC
8474,FSL_ENETC_MDIO
8475,SCSI_IPR_DUMP
8476,VIDEO_EXYNOS4_IS_COMMON
8477,PCIE_ECRC
8478,MSM_GCC_8974
8479,LIBIPW_DEBUG
8480,USB_KC2190
8481,PCIE_BRCMSTB
8482,BT_HCIBTUSB_BCM
8483,NFS_FSCACHE
8484,USB_CONFIGFS_NCM
8485,IPW2100_DEBUG
8486,YENTA_ENE_TUNE
8487,VIDEO_MMP_CAMERA
8488,DRM_MEDFIELD
8489,VIDEO_RCAR_VIN
8490,DEBUG_PERF_USE_VMALLOC
8491,PERF_USE_VMALLOC
8492,PINCTRL_UNIPHIER_LD6B
8493,X86_DEBUG_FPU
8494,VFIO_PCI_VGA
8495,MDM_LCC_9615
8496,NF_CT_PROTO_UDPLITE
8497,BCM_SBA_RAID
8498,PINCTRL_BAYTRAIL
8499,XEN
8500,SWIOTLB_XEN
8501,XEN_SAVE_RESTORE
8502,EFI_DISABLE_PCI_DMA
8503,PINCTRL_MT8173
8504,SIGNED_PE_FILE_VERIFICATION
8505,MTD_NAND_STM32_FMC2
8506,TS4800_IRQ
8507,NF_CONNTRACK_ZONES
8508,USB_ISP1760_HCD
8509,MDM_GCC_9615
8510,NFT_FLOW_OFFLOAD
8511,USB_ARMLINUX
8512,NVMEM_LPC18XX_OTP
8513,SND_X86
8514,RTD119X_WATCHDOG
8515,FB_OMAP2_PANEL_LGPHILIPS_LB035Q02
8516,KPROBE_EVENT_GEN_TEST
8517,USB_STORAGE_DEBUG
8518,NFS_V3_ACL
8519,PTP_1588_CLOCK_QORIQ
8520,PHY_STIH407_USB
8521,HID_PICOLCD_FB
8522,COMMON_RESET_HI3660
8523,MSCC_OCELOT_SWITCH_OCELOT
8524,MMP_DISP_SPI
8525,SND_USB
8526,ATM_FORE200E_USE_TASKLET
8527,PKCS7_TEST_KEY
8528,RCU_TRACE
8529,USB_AN2720
8530,RESET_BRCMSTB
8531,DEBUG_OBJECTS_WORK
8532,USB_ALI_M5632
8533,MUX_MMIO
8534,SCSI_HISI_SAS
8535,CRYPTO_SIMD
8536,MFD_DA9055
8537,RTC_DRV_GOLDFISH
8538,CIFS_WEAK_PW_HASH
8539,DEVFREQ_GOV_USERSPACE
8540,USB_RENESAS_USBHS_HCD
8541,USB_EHCI_MXC
8542,MAC80211_OCB_DEBUG
8543,CRYPTO_DEV_HISI_QM
8544,NVMEM_MXS_OCOTP
8545,XFS_QUOTA
8546,VIDEO_ATMEL_ISC
8547,BT_HS
8548,QCOM_PM8XXX_XOADC
8549,USB_ETH_EEM
8550,GOLDFISH_AUDIO
8551,CRYPTO_DEV_ATMEL_SHA
8552,BEFS_DEBUG
8553,FUNCTION_TRACER
8554,SND_SOC_SOF_DEVELOPER_SUPPORT
8555,INPUT_CPCAP_PWRBUTTON
8556,SECURITY_TOMOYO
8557,DYNAMIC_EVENTS
8558,SENSORS_OCC_P9_SBE
8559,USB_MTU3_DUAL_ROLE
8560,PHY_HI3660_USB
8561,SQUASHFS_ZLIB
8562,ATA_SFF
8563,BT_HCIBTUSB_AUTOSUSPEND
8564,CRYPTO_LIB_AES
8565,RESET_SCMI
8566,USB_XHCI_MTK
8567,EXT4_DEBUG
8568,CRYPTO_DEV_CHELSIO_TLS
8569,PARMAN
8570,HOTPLUG_PCI_PCIE
8571,NET_XGENE
8572,RSI_USB
8573,MFD_OMAP_USB_HOST
8574,USB_CONFIGFS_ECM
8575,IPW2200_MONITOR
8576,MMC_SDHI_INTERNAL_DMAC
8577,REGULATOR_PBIAS
8578,MTD_NAND_MARVELL
8579,RT2400PCI
8580,IPQ_LCC_806X
8581,PI433
8582,SND_HDA_CODEC_CA0132_DSP
8583,DEBUG_ENTRY
8584,ZISOFS
8585,PINCTRL_UNIPHIER_LD20
8586,PHY_SUN6I_MIPI_DPHY
8587,VIDEO_EXYNOS4_FIMC_IS
8588,IMX_MBOX
8589,GCOV_PROFILE_FTRACE
8590,DEBUG_MISC
8591,NF_FLOW_TABLE_INET
8592,USB_KBD
8593,XEN_PV_SMP
8594,MTK_CMDQ
8595,TRACER_SNAPSHOT
8596,TRACER_MAX_TRACE
8597,USB_FUNCTIONFS_ETH
8598,AR5523
8599,USB_OHCI_HCD_STI
8600,PINCTRL_OCELOT
8601,USB_FUNCTIONFS_RNDIS
8602,IR_IMG_RC5
8603,ASPEED_P2A_CTRL
8604,QCOM_HFPLL
8605,IWLEGACY_DEBUG
8606,TOUCHSCREEN_WM9705
8607,CPU_FREQ_GOV_SCHEDUTIL
8608,MFD_WM8350
8609,MFD_WM8350_I2C
8610,GPIO_PCH
8611,CLK_LGM_CGU
8612,PCIE_ROCKCHIP_HOST
8613,VIDEO_HANTRO_IMX8M
8614,VIDEO_SUN6I_CSI
8615,SCSI_LOGGING
8616,HNS3
8617,DW_AXI_DMAC
8618,IR_PWM_TX
8619,USB_BELKIN
8620,INFINIBAND_QEDR
8621,MSM_LCC_8960
8622,DEBUG_WQ_FORCE_RR_CPU
8623,ATH9K_HTC
8624,PCIE_DPC
8625,WILC1000_SPI
8626,NET_TC_SKB_EXT
8627,MFD_SUN4I_GPADC
8628,GPIO_INTEL_MID
8629,QUOTACTL_COMPAT
8630,IPW2200_RADIOTAP
8631,HID_PID
8632,CEPH_FS_SECURITY_LABEL
8633,MFD_WM831X_I2C
8634,USB_EHCI_EXYNOS
8635,POWER_RESET_ZX
8636,COMMON_RESET_HI6220
8637,OCTEONTX2_MBOX
8638,BCACHE_CLOSURES_DEBUG
8639,SERIAL_KGDB_NMI
8640,PINCTRL_UNIPHIER_PRO5
8641,B43LEGACY_PCICORE_AUTOSELECT
8642,B43LEGACY_PCI_AUTOSELECT
8643,LINEAR_RANGES
8644,IPQ_GCC_806X
8645,PCMCIA_XIRCOM
8646,HARDLOCKUP_DETECTOR
8647,HARDLOCKUP_DETECTOR_PERF
8648,BTRFS_FS_POSIX_ACL
8649,USB_DWC3_ST
8650,CFG80211_REG_CELLULAR_HINTS
8651,MTD_NAND_MTK
8652,STM32_LPTIMER_CNT
8653,USB_DWC3_ULPI
8654,DVB_AV7110_IR
8655,GPIO_MLXBF2
8656,MFD_PM8XXX
8657,IPQ_GCC_4019
8658,SFC_SRIOV
8659,ATM_ENI_BURST_TX_4W
8660,INGENIC_VPU_RPROC
8661,QCOM_COMMAND_DB
8662,USB_EHCI_HCD_ORION
8663,IOMMU_IOVA
8664,CFG80211_REG_RELAX_NO_IR
8665,WQ_WATCHDOG
8666,SCSI_UFS_TI_J721E
8667,REALTEK_AUTOPM
8668,CAN_PEAK_PCIEC
8669,INTEL_IOMMU_DEBUGFS
8670,COMMON_CLK_FIXED_MMIO
8671,MT76_LEDS
8672,BT_HCIRSI
8673,FAT_DEFAULT_UTF8
8674,NF_CONNTRACK_SECMARK
8675,CS89x0_PLATFORM
8676,BT_HCIUART_3WIRE
8677,MTD_NAND_BRCMNAND
8678,USB_XHCI_MVEBU
8679,RESET_QCOM_PDC
8680,USB_ANNOUNCE_NEW_DEVICES
8681,MTD_NAND_TANGO
8682,IR_IMG_SANYO
8683,WIL6210_DEBUGFS
8684,PARAVIRT_SPINLOCKS
8685,CHARGER_SC2731
8686,USB_MUSB_DSPS
8687,VIDEO_HANTRO_ROCKCHIP
8688,CW1200_WLAN_SPI
8689,SECURITY_INFINIBAND
8690,TWL6040_CORE
8691,DETECT_HUNG_TASK
8692,NETFILTER_NETLINK_GLUE_CT
8693,POWER_RESET_RMOBILE
8694,WANT_DEV_COREDUMP
8695,CHT_WC_PMIC_OPREGION
8696,F2FS_FAULT_INJECTION
8697,NFS_V4_1
8698,SUNRPC_BACKCHANNEL
8699,ARM_SCPI_PROTOCOL
8700,BT_HCIUART_MRVL
8701,XFS_ASSERT_FATAL
8702,MTD_NAND_DAVINCI
8703,VIDEO_SAA7134_RC
8704,F2FS_CHECK_FS
8705,XEN_PVCALLS_BACKEND
8706,USB_MOUSE
8707,SDM_VIDEOCC_845
8708,PCMCIA_AXNET
8709,MMC_DW_HI3798CV200
8710,RATIONAL
8711,USB_EHCI_HCD_NPCM7XX
8712,SND_INTERWAVE_STB
8713,DAX_DRIVER
8714,USB_EHCI_HCD_STI
8715,RT61PCI
8716,CPA_DEBUG
8717,MAC80211_TDLS_DEBUG
8718,GPIO_IOP
8719,SDM_LPASSCC_845
8720,SPI_DEBUG
8721,VIDEO_SUN4I_CSI
8722,LPC_ENET
8723,MMC_SDHCI_IO_ACCESSORS
8724,IP_VS_PE_SIP
8725,RT2800_LIB_MMIO
8726,RT2800PCI
8727,AIC7XXX_DEBUG_ENABLE
8728,MESON_WATCHDOG
8729,POWER_RESET_SC27XX
8730,IOMMU_DEFAULT_PASSTHROUGH
8731,FSL_ENETC
8732,BLK_CGROUP_RWSTAT
8733,SATA_PMP
8734,UNIPHIER_EFUSE
8735,ROCKCHIP_EFUSE
8736,MTD_NAND_MXC
8737,QCOM_GSBI
8738,TMPFS_POSIX_ACL
8739,USB_G_MULTI_CDC
8740,NF_CT_PROTO_SCTP
8741,PINCTRL_UNIPHIER_PRO4
8742,MLX4_EN_DCB
8743,TI_DAVINCI_EMAC
8744,MSM_GCC_8660
8745,IPW2100_MONITOR
8746,LIBERTAS_MESH
8747,NFT_FIB_NETDEV
8748,SC_MSS_7180
8749,PHY_STM32_USBPHYC
8750,BRCMFMAC_PROTO_BCDC
8751,WIREGUARD_DEBUG
8752,VIDEO_VIU
8753,QCOM_SPMI_TEMP_ALARM
8754,CHTCRC_PMIC_OPREGION
8755,VIDEO_SUN8I_DEINTERLACE
8756,SQUASHFS_ZSTD
8757,ACPI_TABLE_UPGRADE
8758,SCSI_DH
8759,INTEL_SCU_WATCHDOG
8760,P54_USB
8761,WL1251_SDIO
8762,PINCTRL_UNIPHIER_PXS2
8763,NET_VENDOR_FUJITSU
8764,ASPEED_LPC_SNOOP
8765,ROADRUNNER_LARGE_RINGS
8766,PSTORE_COMPRESS
8767,INTEL_TXT
8768,STM32_ADC
8769,MAC80211_NOINLINE
8770,CRYPTO_AKCIPHER
8771,MAC80211_HT_DEBUG
8772,SYNTH_EVENTS
8773,OCTEONTX2_PF
8774,MACB_USE_HWSTAMP
8775,BRCMDBG
8776,VIDEO_OMAP3
8777,STMMAC_SELFTESTS
8778,PCIE_ALTERA
8779,TIPC_MEDIA_IB
8780,SPRD_WATCHDOG
8781,IMA_LSM_RULES
8782,MTD_NAND_TEGRA
8783,DEBUG_TLBFLUSH
8784,SCHED_MC
8785,NFS_USE_KERNEL_DNS
8786,CPU_FREQ_DEFAULT_GOV_SCHEDUTIL
8787,MAC80211_VERBOSE_DEBUG
8788,CRYPTO_DEV_SUN8I_CE_DEBUG
8789,VIDEO_PXA27x
8790,VIDEO_DAVINCI_VPIF_CAPTURE
8791,HPET
8792,ATM_ENI_BURST_RX_4W
8793,VIDEO_DM365_ISIF
8794,IP_MROUTE_MULTIPLE_TABLES
8795,QCOM_CLK_RPMH
8796,ACPI_APEI_GHES
8797,DEBUG_DEVRES
8798,I40E_DCB
8799,USB_EHCI_BRCMSTB
8800,USB_EHCI_HCD_AT91
8801,QED_FCOE
8802,MT7601U
8803,VIDEO_RENESAS_VSP1
8804,MMC_UNIPHIER
8805,DMA_OF
8806,IR_IMG_NEC
8807,SECURITY_SELINUX_BOOTPARAM
8808,AX25_DAMA_SLAVE
8809,BT_HCIUART_QCA
8810,PTDUMP_DEBUGFS
8811,BT_HCIBTUSB_RTL
8812,SND_AC97_POWER_SAVE
8813,DRM_DP_CEC
8814,EFI_CUSTOM_SSDT_OVERLAYS
8815,SERIAL_PCH_UART
8816,CAPI_TRACE
8817,MFD_CPCAP
8818,SND_SOC_SOF_COFFEELAKE_SUPPORT
8819,FB_ATY_GENERIC_LCD
8820,CPUSETS
8821,WIL6210_TRACING
8822,WIL6210_ISR_COR
8823,DEBUG_TEST_DRIVER_REMOVE
8824,MTD_NAND_MLC_LPC32XX
8825,KEYSTONE_USB_PHY
8826,NET_ACT_CT
8827,MTD_NAND_SH_FLCTL
8828,BTRFS_FS_CHECK_INTEGRITY
8829,LPC18XX_ADC
8830,EFI_RUNTIME_MAP
8831,SECURITY_SELINUX_DISABLE
8832,SECURITY_WRITABLE_HOOKS
8833,B43LEGACY_PIO
8834,B43LEGACY_DMA
8835,B43LEGACY_DMA_AND_PIO_MODE
8836,EDAC_SKX
8837,NTFS_DEBUG
8838,LPC18XX_DAC
8839,FB_OMAP2_DSS_HDMI_COMMON
8840,VIDEO_ATMEL_ISI
8841,ROCKCHIP_OTP
8842,AM335X_CONTROL_USB
8843,AM335X_PHY_USB
8844,VIDEO_S5P_MIPI_CSIS
8845,IP6_NF_SECURITY
8846,BCM_SR_THERMAL
8847,NFT_BRIDGE_REJECT
8848,IPQ_GCC_6018
8849,FB_OMAP2_DSS_SDI
8850,XEN_EFI
8851,QCOM_WDT
8852,MMC_DW_K3
8853,EXT3_FS_SECURITY
8854,XEN_PVH
8855,HNS3_HCLGE
8856,STM32_MDMA
8857,SECURITY_SMACK_BRINGUP
8858,USB_RENESAS_USBHS
8859,GPIO_MLXBF
8860,LIBERTAS_THINFIRM_USB
8861,USB_CONFIGFS_MASS_STORAGE
8862,MTD_NAND_AMS_DELTA
8863,TULIP_MWI
8864,MISC_FILESYSTEMS
8865,FRONTSWAP
8866,ATARI_PARTITION
8867,BRCMFMAC_PCIE
8868,BRCMFMAC_PROTO_MSGBUF
8869,SSB_BLOCKIO
8870,B43_PIO
8871,BCMA_BLOCKIO
8872,B43_BCMA_PIO
8873,B43_BCMA
8874,B43_BUSES_BCMA_AND_SSB
8875,B43_SSB
8876,SPRD_SC9860_CLK
8877,IDE_TASK_IOCTL
8878,EDAC_I10NM
8879,NF_CT_NETLINK_HELPER
8880,USB_CONFIGFS_PHONET
8881,CPUFREQ_DT_PLATDEV
8882,STM32_ADC_CORE
8883,CAIF_SPI_SYNC
8884,INTERCONNECT_QCOM_OSM_L3
8885,ACORN_PARTITION
8886,IWLWIFI_DEVICE_TRACING
8887,VIDEO_EXYNOS_FIMC_LITE
8888,HWSPINLOCK_SPRD
8889,QLCNIC_SRIOV
8890,SQUASHFS_EMBEDDED
8891,MSM_GPUCC_8998
8892,BTREE
8893,VIDEO_V4L2_I2C
8894,ASPEED_ADC
8895,SATA_ZPODD
8896,BLK_DEBUG_FS_ZONED
8897,F2FS_FS_COMPRESSION
8898,BTRFS_ASSERT
8899,MAC80211_MESH_PS_DEBUG
8900,PATA_SC1200
8901,PINCTRL_S700
8902,DEBUG_KMEMLEAK_DEFAULT_OFF
8903,NET_CALXEDA_XGMAC
8904,NVMEM_BCM_OCOTP
8905,SPI_ASPEED_SMC
8906,MFD_WM831X
8907,CPU_IDLE
8908,BGMAC_PLATFORM
8909,CRYPTO_LIB_SHA256
8910,OMAP_WATCHDOG
8911,THP_SWAP
8912,SQUASHFS_4K_DEVBLK_SIZE
8913,NVMEM_IMX_OCOTP
8914,FTRACE_SYSCALLS
8915,CLOCK_THERMAL
8916,EXT2_FS_XATTR
8917,MAC80211_IBSS_DEBUG
8918,RTLWIFI_USB
8919,RTL8192CU
8920,PINCTRL_S900
8921,USB_OHCI_EXYNOS
8922,SND_AD1816A
8923,BT_HCIUART_RTL
8924,APQ_GCC_8084
8925,MEMCG_SWAP
8926,SPRD_SC9863A_CLK
8927,HAVE_KVM_EVENTFD
8928,KVM_MMIO
8929,HAVE_KVM_IRQ_ROUTING
8930,HAVE_KVM_IRQFD
8931,KVM_ASYNC_PF
8932,HAVE_KVM_IRQCHIP
8933,HAVE_KVM_MSI
8934,KVM_GENERIC_DIRTYLOG_READ_PROTECT
8935,HAVE_KVM_CPU_RELAX_INTERCEPT
8936,HAVE_KVM_IRQ_BYPASS
8937,KVM_VFIO
8938,HAVE_KVM_NO_POLL
8939,USER_RETURN_NOTIFIER
8940,PREEMPT_NOTIFIERS
8941,ACORN_PARTITION_POWERTEC
8942,VIDEO_DM355_CCDC
8943,AMD_XGBE_DCB
8944,PINCTRL_EXYNOS_ARM
8945,TI_CPSW
8946,USB_MV_OTG
8947,SPRD_EFUSE
8948,WL1251_SPI
8949,DIGICOLOR_WATCHDOG
8950,MTD_NAND_VF610_NFC
8951,CRYPTO_DEV_SUN8I_SS_DEBUG
8952,USB_DWC3_QCOM
8953,SND_DEBUG
8954,LEDS_SC27XX_BLTC
8955,NVMEM_IMX_IIM
8956,CIFS_POSIX
8957,CRYPTO_CRYPTD
8958,SND_USB_AUDIO_USE_MEDIA_CONTROLLER
8959,ATA_FORCE
8960,UFS_FS_WRITE
8961,VIDEO_SUN8I_ROTATE
8962,FB_BROADSHEET
8963,THINKPAD_ACPI_ALSA_SUPPORT
8964,NFP_APP_ABM_NIC
8965,PHY_TI_GMII_SEL
8966,USB_GADGET_DEBUG
8967,SENSORS_LIS3_SPI
8968,BRCMFMAC_SDIO
8969,JOLIET
8970,QCOM_GDSC
8971,BCACHE_DEBUG
8972,SERIAL_ALTERA_JTAGUART_CONSOLE_BYPASS
8973,PHY_QCOM_USB_SS
8974,NUMA_BALANCING
8975,COMEDI_ISADMA
8976,VFIO_PCI_IGD
8977,USB_MUSB_UX500
8978,NF_CONNTRACK_TIMESTAMP
8979,VIDEO_MEDIATEK_MDP
8980,ACPI_TINY_POWER_BUTTON
8981,MTD_SC520CDP
8982,SND_SOC_SOF_COMETLAKE_SUPPORT
8983,SND_SOC_SOF_COMETLAKE_LP_SUPPORT
8984,VIDEO_TI_CAL
8985,USB_LPC32XX
8986,BT_HCIUART_AG6XX
8987,USB_DWC3_OMAP
8988,SND_SOC_SOF_HDA_ALWAYS_ENABLE_DMI_L1
8989,DRM_I2C_ADV7511_CEC
8990,FB_OMAP2_DSS_DSI
8991,NFSD_V3
8992,DVB_B2C2_FLEXCOP_PCI_DEBUG
8993,NET_XGENE_V2
8994,RADIO_TERRATEC
8995,SECURITY_APPARMOR_HASH
8996,DWMAC_SOCFPGA
8997,PCMCIA_ATMEL
8998,GPIO_TC3589X
8999,CLK_UNIPHIER
9000,DRM_I2C_ADV7511_AUDIO
9001,SCSI_UFS_HISI
9002,CAVIUM_CPT
9003,CRYPTO_DEV_CPT
9004,SYS_HYPERVISOR
9005,XEN_SYS_HYPERVISOR
9006,FB_OMAP2_DSS_VENC
9007,CRYPTO_SHA256
9008,REGULATOR_ANATOP
9009,CRYPTO_DEV_SP_PSP
9010,REGULATOR_QCOM_SMD_RPM
9011,MEMORY_BALLOON
9012,SUN_PARTITION
9013,SYSTEM_EXTRA_CERTIFICATE
9014,INTEL_IOMMU_SCALABLE_MODE_DEFAULT_ON
9015,SQUASHFS_XZ
9016,GPIO_TS5500
9017,ATM_ENI_BURST_RX_16W
9018,SND_SPI
9019,NET_ACT_CTINFO
9020,ARMADA_37XX_WATCHDOG
9021,TEST_SYSCTL
9022,MEMFD_CREATE
9023,SND_SOC_SOF_MERRIFIELD_SUPPORT
9024,PHY_SAMSUNG_USB2
9025,VIDEO_S5P_FIMC
9026,AB3100_CORE
9027,ATM_IA_DEBUG
9028,VIDEO_S3C_CAMIF
9029,INTEGRITY_AUDIT
9030,VIDEO_QCOM_CAMSS
9031,USB_CDNS3_IMX
9032,PINCTRL_STM32F769
9033,INFINIBAND_QIB_DCA
9034,NF_CT_PROTO_DCCP
9035,OCTEONTX2_AF
9036,ROMFS_ON_MTD
9037,ROMFS_BACKED_BY_MTD
9038,FSL_ENETC_PTP_CLOCK
9039,GPIO_THUNDERX
9040,SECURITY_SELINUX_DEVELOP
9041,PNFS_BLOCK
9042,USB_LED_TRIG
9043,VIDEO_DAVINCI_VPBE_DISPLAY
9044,PHY_QCOM_USB_HS_28NM
9045,SND_SOC_SOF_ICELAKE_SUPPORT
9046,DEBUG_PAGEALLOC_ENABLE_DEFAULT
9047,MAC80211_MPL_DEBUG
9048,FUSION_LAN
9049,ATH_REG_DYNAMIC_USER_REG_HINTS
9050,UPROBE_EVENTS
9051,UPROBES
9052,RT73USB
9053,KCOV
9054,NFS_USE_LEGACY_DNS
9055,BT_SELFTEST_ECDH
9056,BT_HCIUART_ATH3K
9057,PHY_EXYNOS5_USBDRD
9058,PNX4008_WATCHDOG
9059,ARCH_HAS_EARLY_DEBUG
9060,KGDB
9061,JFS_DEBUG
9062,V4L_RADIO_ISA_DRIVERS
9063,CRYPTO_AEAD
9064,ROOT_NFS
9065,OF_UNITTEST
9066,SND_SOC_INTEL_SOF_WM8804_MACH
9067,SND_VERBOSE_PRINTK
9068,ACPI_HOTPLUG_MEMORY
9069,RADIO_MIROPCM20
9070,B43LEGACY_HWRNG
9071,SECURITY_TOMOYO_OMIT_USERSPACE_LOADER
9072,USB_HCD_TEST_MODE
9073,SND_SOC_SOF_GEMINILAKE_SUPPORT
9074,NFS_V4_2
9075,USB_OHCI_HCD_SPEAR
9076,MFD_SYSCON
9077,PINCTRL_UNIPHIER_PXS3
9078,B43_LEDS
9079,VIDEO_RCAR_CSI2
9080,HERMES_CACHE_FW_ON_INIT
9081,ATA_VERBOSE_ERROR
9082,FB_W100
9083,EDAC_GHES
9084,SIRFSOC_WATCHDOG
9085,MSM_GCC_8960
9086,IP_NF_SECURITY
9087,SCSI_FLASHPOINT
9088,PARAVIRT_TIME_ACCOUNTING
9089,VIDEO_AM437X_VPFE
9090,CHELSIO_TLS_DEVICE
9091,AMD_IOMMU_DEBUGFS
9092,GPIO_PALMAS
9093,IR_IMG_JVC
9094,PATA_CS5530
9095,RT2500USB
9096,PHY_INTEL_COMBO
9097,ATH10K_USB
9098,MLX5_CORE_IPOIB
9099,VIDEO_V4L2_SUBDEV_API
9100,READABLE_ASM
9101,RESET_QCOM_AOSS
9102,ARCH_HIBERNATION_HEADER
9103,HIBERNATION
9104,USB_OHCI_HCD_S3C2410
9105,GIANFAR
9106,BCM_KONA_WDT
9107,TOUCHSCREEN_WM9712
9108,SND_FM801_TEA575X_BOOL
9109,VIDEO_ROCKCHIP_RGA
9110,MAC80211_MESH_CSA_DEBUG
9111,SND_SOC_SOF_JASPERLAKE_SUPPORT
9112,IEEE802154_CA8210_DEBUGFS
9113,INTEL_IOMMU_DEFAULT_ON
9114,MTD_NAND_SHARPSL
9115,PINCTRL_PXA27X
9116,F2FS_IO_TRACE
9117,SPI_HISI_SFC
9118,MLX5_MPFS
9119,USB_SL811_HCD_ISO
9120,USB_OTG
9121,RADIO_GEMTEK
9122,SND_PCM_TIMER
9123,PINCTRL_PXA25X
9124,HBMC_AM654
9125,CRAMFS_MTD
9126,VIDEO_IVTV_DEPRECATED_IOCTLS
9127,DWMAC_MESON
9128,MFD_TIMBERDALE
9129,SQUASHFS_XATTR
9130,SECURITY_SMACK_APPEND_SIGNALS
9131,TI_DAVINCI_MDIO
9132,VIDEOBUF_DMA_CONTIG
9133,IPW2200_PROMISCUOUS
9134,DEBUG_GPIO
9135,FB_OMAP2_DSS_DPI
9136,DWMAC_LPC18XX
9137,XEN_HAVE_VPMU
9138,XEN_PV
9139,XEN_HAVE_PVMMU
9140,PARAVIRT_XXL
9141,BLK_CGROUP_IOLATENCY
9142,VIDEO_MEDIATEK_JPEG
9143,RTC_DRV_DS3232_HWMON
9144,OCTEONTX2_VF
9145,DEBUG_SHIRQ
9146,RMI4_F03
9147,F2FS_FS_SECURITY
9148,DVB_MMAP
9149,REISERFS_FS_POSIX_ACL
9150,VIDEO_MEDIATEK_VCODEC
9151,BLK_DEV_IDE_SATA
9152,CYZ_INTR
9153,S3C2410_WATCHDOG
9154,CRYPTO_DEV_SP_CCP
9155,NTFS_RW
9156,NFS_DISABLE_UDP_SUPPORT
9157,MEDIA_CONTROLLER
9158,SND_SOC_SOF_TIGERLAKE_SUPPORT
9159,MLX5_EN_RXNFC
9160,SPRD_THERMAL
9161,SAMA5D4_WATCHDOG
9162,DWMAC_STI
9163,MAC80211_STA_DEBUG
9164,VIDEO_MEDIATEK_VPU
9165,KARMA_PARTITION
9166,SECURITY_SELINUX_AVC_STATS
9167,FB_OMAP2_DSS_DEBUG
9168,CEC_GPIO
9169,ACPI_WATCHDOG
9170,CEC_STM32
9171,DWMAC_OXNAS
9172,B43_HWRNG
9173,DWMAC_SUNXI
9174,PAGE_EXTENSION
9175,RENESAS_RZAWDT
9176,KVM_COMPAT
9177,BGMAC_BCMA
9178,VIDEO_STM32_DCMI
9179,DEVFREQ_GOV_SIMPLE_ONDEMAND
9180,CHELSIO_IPSEC_INLINE
9181,FB_OMAP5_DSS_HDMI
9182,IOMMU_SUPPORT
9183,IR_SPI
9184,VIDEO_SH_VOU
9185,MSM_GCC_8998
9186,VIDEO_DAVINCI_VPIF_DISPLAY
9187,HW_RANDOM_TPM
9188,DAVINCI_WATCHDOG
9189,DEBUG_KOBJECT_RELEASE
9190,GPIO_RC5T583
9191,QUOTA
9192,NFS_DEBUG
9193,USB_MTU3_GADGET
9194,VIDEO_OMAP2_VOUT
9195,ACPI_CPPC_LIB
9196,VIDEO_MX2_EMMAPRP
9197,BTT
9198,RT2800USB
9199,VIDEO_RENESAS_FDP1
9200,PINCTRL_UNIPHIER_LD4
9201,B43LEGACY_LEDS
9202,CRYPTO_DEV_MARVELL
9203,CRYPTO_DEV_OCTEONTX_CPT
9204,DEFAULT_SECURITY_SMACK
9205,PROCESSOR_SELECT
9206,ACORN_PARTITION_ICS
9207,VIDEO_RCAR_DRIF
9208,CMA_SIZE_SEL_MBYTES
9209,DMA_CMA
9210,RMI4_F12
9211,PINMUX
9212,SECURITY_APPARMOR_DEBUG
9213,GADGET_UAC1
9214,IPW2200_DEBUG
9215,REED_SOLOMON_DEC8
9216,RTC_DRV_TX4939
9217,XEN_GRANT_DMA_ALLOC
9218,TIMB_DMA
9219,PATA_CS5520
9220,VIDEO_STI_HVA_DEBUGFS
9221,ATA_BMDMA
9222,VIDEO_TI_CSC
9223,VIDEO_TI_SC
9224,VIDEO_TI_VPE
9225,VIDEO_TI_VPDMA
9226,MAC_PARTITION
9227,INFINIBAND_USNIC
9228,XEN_BACKEND
9229,ZX_DMA
9230,USB_OHCI_HCD_DAVINCI
9231,USB_DWC3_EXYNOS
9232,RMI4_2D_SENSOR
9233,BT_SELFTEST_SMP
9234,DWMAC_MEDIATEK
9235,EXYNOS_ADC
9236,DRM_EXYNOS_DPI
9237,MFD_CS5535
9238,FSL_DPAA2
9239,PCIE_EDR
9240,MESON_GXBB_WATCHDOG
9241,PATA_CS5536
9242,INTERCONNECT_IMX
9243,PINCTRL_UNIPHIER_SLD8
9244,GACT_PROB
9245,X86_HV_CALLBACK_VECTOR
9246,ATM_ENI_BURST_TX_2W
9247,TASK_IO_ACCOUNTING
9248,CGROUP_WRITEBACK
9249,UCC_SLOW
9250,XFS_ONLINE_REPAIR
9251,XFS_WARN
9252,TRACER_SNAPSHOT_PER_CPU_SWAP
9253,VIDEO_ATOMISP
9254,MAC80211_MESH_SYNC_DEBUG
9255,FB_OMAP2_DEBUG_SUPPORT
9256,SGI_PARTITION
9257,VIDEO_SAMSUNG_S5P_JPEG
9258,VIDEO_SAMSUNG_S5P_G2D
9259,HNS_DSAF
9260,PINCTRL
9261,IPDDP_ENCAP
9262,STMP3XXX_RTC_WATCHDOG
9263,OSF_PARTITION
9264,SAMPLE_INTEL_MEI
9265,REGULATOR_HI655X
9266,BLK_DEV_THROTTLING
9267,IXGBEVF_IPSEC
9268,RTL8187_LEDS
9269,AIC7XXX_REG_PRETTY_PRINT
9270,MEDIA_CONTROLLER_DVB
9271,BT_HCIUART_BCSP
9272,MMC_DW_EXYNOS
9273,ND_CLAIM
9274,SQUASHFS_LZ4
9275,ARM_IMX_BUS_DEVFREQ
9276,USB_DYNAMIC_MINORS
9277,VIDEO_QCOM_VENUS
9278,USB_CDNS3_TI
9279,UCC
9280,TS72XX_WATCHDOG
9281,REISERFS_FS_XATTR
9282,EP93XX_WATCHDOG
9283,HISI_FEMAC
9284,NFP_APP_FLOWER
9285,VIDEO_RENESAS_CEU
9286,CACHEFILES_DEBUG
9287,RENESAS_WDT
9288,IGB_DCA
9289,KVM_MMU_AUDIT
9290,DM_VERITY_VERIFY_ROOTHASH_SIG
9291,USB_OTG_WHITELIST
9292,DWMAC_QCOM_ETHQOS
9293,SPI_THUNDERX
9294,BLK_DEV_CMD640_ENHANCED
9295,RMI4_F11
9296,ACPI_ADXL
9297,DM_DEBUG
9298,BLK_RQ_ALLOC_TIME
9299,BLK_CGROUP_IOCOST
9300,SUN4I_GPADC
9301,RADIO_TRUST
9302,HWLAT_TRACER
9303,SPI_TOPCLIFF_PCH
9304,CRYPTO_GLUE_HELPER_X86
9305,SENSORS_ARM_SCPI
9306,CPU_SUP_CENTAUR
9307,DWMAC_STM32
9308,SUNRPC_DEBUG
9309,HWSPINLOCK_QCOM
9310,MFD_SPMI_PMIC
9311,SNI_NETSEC
9312,PCIE_TEGRA194_HOST
9313,USB_CONFIGFS_F_UAC1
9314,VIDEO_DM6446_CCDC
9315,ASPEED_WATCHDOG
9316,WILC1000_HW_OOB_INTR
9317,SPI_NXP_SPIFI
9318,FB_OMAP2_DSS_SLEEP_AFTER_VENC_RESET
9319,SND_SOC_INTEL_BYT_MAX98090_MACH
9320,MV64X60_WDT
9321,PCIE_TEGRA194
9322,DVB_C8SECTPFE
9323,EFI_SOFT_RESERVE
9324,ASYNC_TX_DISABLE_PQ_VAL_DMA
9325,ASYNC_TX_DISABLE_XOR_VAL_DMA
9326,VIDEO_RENESAS_FCP
9327,RTC_DRV_MT2712
9328,FB_OMAP2_DSS_DEBUGFS
9329,LEDS_PM8058
9330,ATH9K_PCI_NO_EEPROM
9331,RTC_DRV_VT8500
9332,RADIO_SF16FMR2
9333,USB_CDNS3_GADGET
9334,FB_OMAP2_PANEL_SHARP_LS037V7DW01
9335,STACK_TRACER
9336,IDE_GD_ATA
9337,FTWDT010_WATCHDOG
9338,INFINIBAND_IPOIB_DEBUG_DATA
9339,HERMES_PRISM
9340,RTC_DRV_COH901331
9341,DRM_EXYNOS_GSC
9342,VIDEO_IMX_PXP
9343,USB_CDNS3_HOST
9344,EVM_EXTRA_SMACK_XATTRS
9345,ATH9K_COMMON_DEBUG
9346,CGROUP_BPF
9347,XEN_DEBUG_FS
9348,WLCORE_SPI
9349,RADIO_CADET
9350,PWM_SYSFS
9351,IXGBE_DCA
9352,BLK_INLINE_ENCRYPTION_FALLBACK
9353,SC520_WDT
9354,ATM_ENI_BURST_TX_16W
9355,MTD_NAND_OMAP_BCH_BUILD
9356,NUMA_BALANCING_DEFAULT_ENABLED
9357,VIDEO_BCM2835
9358,PM_SLEEP
9359,FONT_SUPPORT
9360,MMC_DW_BLUEFIELD
9361,MTD_NAND_INGENIC_ECC
9362,FB_OMAP4_DSS_HDMI
9363,TOUCHSCREEN_WM9713
9364,DEVFREQ_EVENT_EXYNOS_NOCP
9365,INTEL_IOMMU_SVM
9366,MEDIA_TEST_SUPPORT
9367,VIDEO_ATOMISP_OV5693
9368,SQUASHFS_LZO
9369,IMX2_WDT
9370,EMAC_ROCKCHIP
9371,HWSPINLOCK_OMAP
9372,I2C_SLAVE
9373,IR_SUNXI
9374,TRACEPOINT_BENCHMARK
9375,USB_ASPEED_VHUB
9376,HIBERNATION_SNAPSHOT_DEV
9377,IR_TANGO
9378,SNI_AVE
9379,B43LEGACY_DEBUG
9380,INFINIBAND_HNS
9381,BT_BNEP_PROTO_FILTER
9382,BFQ_GROUP_IOSCHED
9383,SECURITY_APPARMOR_HASH_DEFAULT
9384,PINCONF
9385,GENERIC_PINCONF
9386,ATH9K_PCI
9387,QLCNIC_DCB
9388,VIDEO_RENESAS_JPU
9389,X86_INTEL_TSX_MODE_OFF
9390,CPU_SUP_INTEL
9391,SUNXI_WATCHDOG
9392,SND_ISA
9393,RADIO_AZTECH
9394,CRYPTO_DEV_CAVIUM_ZIP
9395,ATH_TRACEPOINTS
9396,COPS_TANGENT
9397,RMI4_F30
9398,GPIO_TPS65910
9399,IR_IMG
9400,MAC80211_MHWMP_DEBUG
9401,RADIO_RTRACK
9402,PWM
9403,SND_SOC_SOF_IMX8M
9404,HYPERV_TESTING
9405,I2C_BOARDINFO
9406,MEDIATEK_WATCHDOG
9407,SAMPLE_SECCOMP
9408,UCLAMP_TASK
9409,FSL_FMAN
9410,LEDS_TRIGGER_MTD
9411,SECONDARY_TRUSTED_KEYRING
9412,TRACE_EVENT_INJECT
9413,MLX5_EN_ARFS
9414,XEN_DOM0
9415,SECURITY_NETWORK
9416,VIDEO_SAMSUNG_S5P_MFC
9417,RADIO_ADAPTERS
9418,SERIAL_PCH_UART_CONSOLE
9419,IMX7ULP_WDT
9420,MVNETA
9421,RTC_DRV_MOXART
9422,MVPP2
9423,PINCTRL_EXYNOS_ARM64
9424,OCTEON_ETHERNET
9425,HNS_ENET
9426,PTP_1588_CLOCK_PCH
9427,CRYPTO_DEV_EXYNOS_HASH
9428,PSTORE_DEFLATE_COMPRESS_DEFAULT
9429,DM_UEVENT
9430,TI_SOC_THERMAL
9431,HSEM_U8500
9432,DEBUG_VM_PGFLAGS
9433,GPIO_GENERIC
9434,B43_PHY_HT
9435,BCM47XX_WDT
9436,USB_UX500_DMA
9437,FSL_XGMAC_MDIO
9438,HOSTAP_FIRMWARE
9439,EROFS_FS_XATTR
9440,SND_SOC_SOF_PROBE_WORK_QUEUE
9441,SND_SOC_SOF_HDA_LINK
9442,IMGPDC_WDT
9443,CPU_THERMAL
9444,SOUND_OSS_CORE_PRECLAIM
9445,DRM_EXYNOS_DSI
9446,MOXART_WDT
9447,CPU_SUP_ZHAOXIN
9448,NFS_V4_1_MIGRATION
9449,DVB_B2C2_FLEXCOP_USB_DEBUG
9450,ACORN_PARTITION_RISCIX
9451,SND_SUPPORT_OLD_API
9452,DA9055_WATCHDOG
9453,EXT4_USE_FOR_EXT2
9454,NUMA_EMU
9455,FB_OMAP2_PANEL_TPO_TD043MTEA1
9456,DRM_EXYNOS_IPP
9457,ATH10K_CE
9458,IWLWIFI_BCAST_FILTERING
9459,LPC18XX_WATCHDOG
9460,SUNRPC_SWAP
9461,NFS_SWAP
9462,KDB_KEYBOARD
9463,NET_DSA_SJA1105_PTP
9464,ATM_ENI_BURST_RX_8W
9465,UBSAN_MISC
9466,FREEZER
9467,NET_REDIRECT
9468,IR_IMG_RC6
9469,VIDEO_STI_HVA
9470,TULIP_NAPI
9471,ATH9K_DYNACK
9472,MYRI10GE_DCA
9473,EP93XX_ETH
9474,RT2X00_LIB_CRYPTO
9475,FSL_PQ_MDIO
9476,RT2X00_LIB_FIRMWARE
9477,CIFS_SMB_DIRECT
9478,IEEE802154_AT86RF230_DEBUGFS
9479,SENSORS_OCC
9480,PSTORE_PMSG
9481,USB_G_MULTI_RNDIS
9482,SND_SOC_INTEL_SOF_PCM512x_MACH
9483,XGENE_DMA
9484,TI_CPSW_SWITCHDEV
9485,MAC80211_MPATH_DEBUG
9486,IR_MTK
9487,RTC_DRV_RV3029_HWMON
9488,NET_VRF
9489,RTC_DRV_TEGRA
9490,HNS3_HCLGEVF
9491,USB_OTG_BLACKLIST_HUB
9492,VIDEO_ATOMISP_OV2680
9493,PCI_VERSATILE
9494,CONTIG_ALLOC
9495,RTC_DRV_DAVINCI
9496,INPUT_JOYSTICK
9497,MEDIA_DIGITAL_TV_SUPPORT
9498,UFS_DEBUG
9499,USB_CONFIGFS_F_MIDI
9500,USB_DWC3_KEYSTONE
9501,SND_SOC_INTEL_BYT_RT5640_MACH
9502,USB_OHCI_HCD_SSB
9503,SND_SOC_INTEL_SOF_RT5682_MACH
9504,NFIT_SECURITY_DEBUG
9505,DEFAULT_SECURITY_TOMOYO
9506,IWLEGACY_DEBUGFS
9507,MTD_NETSC520
9508,ARM_SMMU
9509,DWMAC_SUN8I
9510,FB_PVR2
9511,UBIFS_FS_AUTHENTICATION
9512,MTD_UBI_BLOCK
9513,ULTRIX_PARTITION
9514,RT2X00_LIB_LEDS
9515,DWMAC_ROCKCHIP
9516,PSTORE_842_COMPRESS
9517,RTC_DRV_LPC32XX
9518,PWM_BCM2835
9519,LDM_PARTITION
9520,VIDEO_STI_DELTA_MJPEG
9521,IIO_STM32_LPTIMER_TRIGGER
9522,REED_SOLOMON_ENC8
9523,RADIO_SF16FMI
9524,RADIO_RTRACK2
9525,EFI_FAKE_MEMMAP
9526,MLX5_ESWITCH
9527,TEGRA_WATCHDOG
9528,VIDEO_USBVISION
9529,INTEL_IOP_ADMA
9530,RTLWIFI_DEBUG
9531,VIDEO_ATOMISP_OV2722
9532,JFS_SECURITY
9533,PATA_HPT3X3_DMA
9534,PCIE_TEGRA194_EP
9535,I2C_STM32F4
9536,SOLARIS_X86_PARTITION
9537,DVB_DDBRIDGE_MSIENABLE
9538,DWMAC_IPQ806X
9539,CMDLINE_PARTITION
9540,NFS_V4_SECURITY_LABEL
9541,USB_OHCI_HCD_OMAP3
9542,RTC_DRV_S3C
9543,DM_VERITY_FEC
9544,DRM_ETNAVIV_THERMAL
9545,JFS_POSIX_ACL
9546,INTEL_IDLE
9547,MTD_NAND_GPMI_NAND
9548,USB_DWC2_DEBUG
9549,VIDEO_STI_BDISP
9550,I2C_QCOM_GENI
9551,EROFS_FS_DEBUG
9552,ATM_ENI_BURST_TX_8W
9553,RTC_DRV_PM8XXX
9554,THERMAL_GOV_FAIR_SHARE
9555,DYNAMIC_FTRACE_WITH_DIRECT_CALLS
9556,DYNAMIC_FTRACE_WITH_REGS
9557,DYNAMIC_FTRACE
9558,FTRACE_MCOUNT_RECORD
9559,INPUT_PM8941_PWRKEY
9560,SERIAL_SH_SCI
9561,KVM_GUEST
9562,UML_WATCHDOG
9563,SPEAR_ADC
9564,CMA
9565,TI_CPTS
9566,SRAM
9567,RTC_DRV_STMP
9568,PCC
9569,FB_OMAP2_PANEL_NEC_NL8048HL11
9570,USB_HIDDEV
9571,HPET_MMAP
9572,DEV_COREDUMP
9573,SC_GCC_7180
9574,NET_ACT_CONNMARK
9575,TANGOX_WATCHDOG
9576,MCF_EDMA
9577,HNS3_ENET
9578,SND_DEBUG_VERBOSE
9579,ATH5K_TRACER
9580,NPCM7XX_WATCHDOG
9581,ATH10K_SNOC
9582,XEN_GNTDEV_DMABUF
9583,TOUCHSCREEN_MX25
9584,RADIO_TYPHOON
9585,F2FS_FS_LZO
9586,BLK_WBT_MQ
9587,UDMABUF
9588,DRM_XEN
9589,PTDUMP_CORE
9590,PROC_PID_CPUSET
9591,SND_ES1968_RADIO
9592,PWM_BRCMSTB
9593,ATM_ENI_BURST_RX_2W
9594,DELL_SMBIOS_SMM
9595,SENSORS_NSA320
9596,DWMAC_IMX8
9597,EFI_VARS_PSTORE_DEFAULT_DISABLE
9598,ATH5K_DEBUG
9599,DWMAC_ANARION
9600,EDAC_AMD64_ERROR_INJECTION
9601,PWM_MEDIATEK
9602,PCI_TEGRA
9603,GENERIC_ALLOCATOR
9604,NFTL_RW
9605,QNX6FS_DEBUG
9606,PINCTRL_QCOM_SPMI_PMIC
9607,SERIAL_8250_INGENIC
9608,PCH_DMA
9609,B43_SDIO
9610,QED_RDMA
9611,XEN_BLKDEV_BACKEND
9612,USB_CHIPIDEA_HOST
9613,USB_EHCI_ROOT_HUB_TT
9614,DEBUG_VM_RB
9615,PSTORE_CONSOLE
9616,MTK_CQDMA
9617,LEDS_TRIGGER_PANIC
9618,RTC_DRV_ARMADA38X
9619,RTC_DRV_EP93XX
9620,GPIO_TPS6586X
9621,ATH6KL_TRACING
9622,K3_RTI_WATCHDOG
9623,QCOM_SMEM
9624,BT_HCIUART_INTEL
9625,RING_BUFFER_STARTUP_TEST
9626,MAC80211_DEBUG_COUNTERS
9627,I2C_IOP3XX
9628,SCSI_LOWLEVEL_PCMCIA
9629,KEYBOARD_PMIC8XXX
9630,ARM_EXYNOS_BUS_DEVFREQ
9631,CHARGER_CPCAP
9632,SND_PROC_FS
9633,GPIO_STMPE
9634,USB_EHCI_TT_NEWSCHED
9635,CEC_SAMSUNG_S5P
9636,MLX5_TLS
9637,VIDEO_ATOMISP_GC0310
9638,RTC_DRV_MT7622
9639,NBPFAXI_DMA
9640,SYSV68_PARTITION
9641,GPIO_FTGPIO010
9642,X86_MCE_THRESHOLD
9643,ACPI_APEI_PCIEAER
9644,VIDEO_TI_VPE_DEBUG
9645,HNS_MDIO
9646,FB_WM8505
9647,FIRMWARE_EDID
9648,ATH9K_BTCOEX_SUPPORT
9649,POWER_RESET_AS3722
9650,RTW88_DEBUG
9651,SLIC_DS26522
9652,NET_DSA_MV88E6XXX_PTP
9653,SND_SOC_SOF_STRICT_ABI_CHECKS
9654,VIDEO_SAMSUNG_EXYNOS_GSC
9655,SND_PCM_OSS_PLUGINS
9656,REISERFS_FS_SECURITY
9657,AT91SAM9X_WATCHDOG
9658,HIST_TRIGGERS
9659,TRACING_MAP
9660,HWSPINLOCK_SIRF
9661,RTC_DRV_XGENE
9662,I2C_EFM32
9663,ENERGY_MODEL
9664,LIBERTAS_THINFIRM_DEBUG
9665,SERIAL_SAMSUNG
9666,AX88796
9667,BCM2835_VCHIQ
9668,PWM_TEGRA
9669,STAGING_BOARD
9670,RCAR_THERMAL
9671,HNS
9672,MTD_NAND_BCM47XXNFLASH
9673,PWM_TIECAP
9674,RTL8XXXU_UNTESTED
9675,V4L_MEM2MEM_DRIVERS
9676,PSTORE_FTRACE
9677,PCIE_DW_EP
9678,CRYPTO_DEV_FSL_CAAM_COMMON
9679,CRYPTO_DEV_FSL_CAAM_AHASH_API_DESC
9680,CRYPTO_DEV_FSL_DPAA2_CAAM
9681,CRYPTO_DEV_FSL_CAAM_CRYPTO_API_DESC
9682,AIX_PARTITION
9683,MTD_PHYSMAP_OF
9684,BT_HCIUART_LL
9685,SND_SOC_SOF_DEBUG
9686,TOUCHSCREEN_MXS_LRADC
9687,SERIAL_8250_LPC18XX
9688,GENERIC_IRQ_CHIP
9689,SDM_GCC_845
9690,PWM_STMPE
9691,CRAMFS_BLOCKDEV
9692,KPROBE_EVENTS_ON_NOTRACE
9693,ATH9K_HWRNG
9694,XEN_BALLOON
9695,QCOM_RPMPD
9696,DEBUG_VM_VMACACHE
9697,TULIP_MMIO
9698,SPI_BCM_QSPI
9699,FB_TMIO
9700,MMC_DW_PLTFM
9701,I2C_DESIGNWARE_SLAVE
9702,INGENIC_ADC
9703,SCSI_PROC_FS
9704,IWLWIFI_DEBUGFS
9705,F2FS_FS_LZ4
9706,SERIAL_8250_PNP
9707,MLXSW_SPECTRUM_DCB
9708,ATH_REG_DYNAMIC_USER_CERT_TESTING
9709,TRACE_EVAL_MAP_FILE
9710,RCU_FAST_NO_HZ
9711,ARC_EMAC
9712,USB_MUSB_GADGET
9713,MEMORY_ISOLATION
9714,SPI_HISI_SFC_V3XX
9715,DRM_EXYNOS_G2D
9716,BOOTTIME_TRACING
9717,BT_HCIUART_BCM
9718,USB_CONFIGFS_F_TCM
9719,ROCKCHIP_THERMAL
9720,BT_BNEP_MC_FILTER
9721,ZRAM_MEMORY_TRACKING
9722,HISI_DMA
9723,POWER_RESET_PIIX4_POWEROFF
9724,IIO_TRIGGER
9725,IIO_BUFFER
9726,SND_SOC_SOF_DEBUG_FORCE_IPC_POSITION
9727,RCU_NOCB_CPU
9728,CRYPTO_DEV_IMGTEC_HASH
9729,SENSORS_OCC_P8_I2C
9730,RTC_DRV_SC27XX
9731,OLPC_EC
9732,XEN_512GB
9733,MEDIA_SDR_SUPPORT
9734,RTC_DRV_MV
9735,IRQSOFF_TRACER
9736,USB_CHIPIDEA_UDC
9737,ACORN_PARTITION_ADFS
9738,USB_CONFIGFS_F_UVC
9739,SND_SOC_SOF_APOLLOLAKE_SUPPORT
9740,KEXEC_JUMP
9741,ACORN_PARTITION_CUMANA
9742,IDE_GD_ATAPI
9743,BOOTPARAM_HUNG_TASK_PANIC
9744,DMA_VIRTUAL_CHANNELS
9745,X86_CPU_RESCTRL
9746,SECURITY_TOMOYO_INSECURE_BUILTIN_SETTING
9747,SERIAL_OWL
9748,UBSAN_BOUNDS
9749,P54_LEDS
9750,SERIAL_IMX_CONSOLE
9751,VIDEO_CODA
9752,V4L2_JPEG_HELPER
9753,VIDEO_IMX_VDOA
9754,PWM_LPC18XX_SCT
9755,SND_SEQ_HRTIMER_DEFAULT
9756,DEV_DAX_HMEM
9757,VIDEO_IMX7_CSI
9758,ACPI_PROCFS_POWER
9759,SERIAL_CLPS711X
9760,ATH9K_WOW
9761,TCM_QLA2XXX_DEBUG
9762,UBIFS_FS_ZLIB
9763,DVB_DYNAMIC_MINORS
9764,UBIFS_FS_ZSTD
9765,ZSWAP
9766,ZSWAP_ZPOOL_DEFAULT_ZBUD
9767,ZSWAP_COMPRESSOR_DEFAULT_LZO
9768,PWM_IMX27
9769,SND_USB_CAIAQ_INPUT
9770,STM32_DAC_CORE
9771,STM32_DAC
9772,FB_MACMODES
9773,FB_CONTROL
9774,GPIO_SIFIVE
9775,ARC_EMAC_CORE
9776,VIDEO_IMX_MEDIA
9777,LDM_DEBUG
9778,VIDEO_ATOMISP_LM3554
9779,PXA168_ETH
9780,FSNOTIFY
9781,AIC7XXX_BUILD_FIRMWARE
9782,CRYPTO_DEV_ZYNQMP_AES
9783,IA32_FEAT_CTL
9784,USB_INVENTRA_DMA
9785,DMA_OMAP
9786,I2C_AT91
9787,VIDEO_ATOMISP_GC2235
9788,FTRACE_STARTUP_TEST
9789,FTRACE_SELFTEST
9790,MEDIA_COMMON_OPTIONS
9791,PARIDE_EPATC8
9792,AXI_DMAC
9793,LEDS_TRIGGER_CPU
9794,HID_PICOLCD_CIR
9795,ACORN_PARTITION_EESOX
9796,SPI_ATH79
9797,CEC_NOTIFIER
9798,X86_X2APIC
9799,I2C_WMT
9800,MMC_TMIO_CORE
9801,WILINK_PLATFORM_DATA
9802,PHY_AM654_SERDES
9803,SPI_FSL_QUADSPI
9804,MEDIA_HIDE_ANCILLARY_SUBDRV
9805,USB_RENESAS_USB3
9806,SERIAL_IMX
9807,TULIP_NAPI_HW_MITIGATION
9808,FB_CLPS711X
9809,X86_ACPI_CPUFREQ_CPB
9810,I2C_LPC2K
9811,SND_SOC_SOF_ELKHARTLAKE_SUPPORT
9812,PWM_TIEHRPWM
9813,BRCMSTB_THERMAL
9814,RTC_DRV_SPEAR
9815,MV643XX_ETH
9816,PWM_STM32_LP
9817,RAVB
9818,FSL_ENETC_QOS
9819,BCACHE_ASYNC_REGISTRAION
9820,ATH9K_DEBUGFS
9821,USB_CONFIGFS_F_UAC2
9822,SND_SOC_SOF_DEBUG_RETAIN_DSP_CONTEXT
9823,F2FS_FS_POSIX_ACL
9824,I2C_AXXIA
9825,TOUCHSCREEN_ATMEL_MXT_T37
9826,TEGRA210_ADMA
9827,MMC_SDHI
9828,SND_SOC_SOF_DEBUG_XRUN_STOP
9829,SPI_PIC32_SQI
9830,SPI_BCM63XX
9831,SPI_BITBANG
9832,BFQ_CGROUP_DEBUG
9833,EXTCON_QCOM_SPMI_MISC
9834,DM_DEBUG_BLOCK_MANAGER_LOCKING
9835,LOONGSON_PCH_MSI
9836,PM_AUTOSLEEP
9837,MMC_OMAP_HS
9838,SPI_XLP
9839,MTD_NAND_JZ4780
9840,LPC32XX_ADC
9841,TOUCHSCREEN_SUN4I
9842,BOOTPARAM_SOFTLOCKUP_PANIC
9843,SPI_SYNQUACER
9844,VIDEO_CX88_ENABLE_VP3054
9845,MTK_HSDMA
9846,PWM_STM32
9847,SPI_FSL_DSPI
9848,ATH9K_PCOEM
9849,ISDN_CAPI_MIDDLEWARE
9850,FUEL_GAUGE_SC27XX
9851,DMA_SUN6I
9852,ATH6KL_DEBUG
9853,INPUT_PM8XXX_VIBRATOR
9854,DEFAULT_SECURITY_APPARMOR
9855,VIDEO_IMX_CSI
9856,FUNCTION_PROFILER
9857,TEE_BNXT_FW
9858,F2FS_FS_ZSTD
9859,IR_MESON
9860,FAIL_MMC_REQUEST
9861,DEVFREQ_EVENT_ROCKCHIP_DFI
9862,VIDEO_ATOMISP_MSRLIST_HELPER
9863,SECURITY_SMACK_NETFILTER
9864,SPI_IMG_SPFI
9865,RTC_DRV_MESON
9866,DRM_EXYNOS_MIXER
9867,VIDEO_SAA7134_GO7007
9868,SECURITY_APPARMOR_DEBUG_ASSERTS
9869,SCSI_IZIP_EPP16
9870,SPI_SPRD_ADI
9871,DMA_SA11X0
9872,TI_EDMA
9873,PATA_ISAPNP
9874,DRM_FBDEV_LEAK_PHYS_SMEM
9875,K3_THERMAL
9876,SPI_SH
9877,RTC_DRV_SUNXI
9878,BALLOON_COMPACTION
9879,I2C_MT7621
9880,HOSTAP_FIRMWARE_NVRAM
9881,USB_GADGET_DEBUG_FS
9882,MEDIATEK_MT6577_AUXADC
9883,NVM_PBLK_DEBUG
9884,PWM_SAMSUNG
9885,PWM_BERLIN
9886,QCOM_RPMCC
9887,USB_GADGET_VERBOSE
9888,JOYSTICK_PSXPAD_SPI_FF
9889,ZD1211RW_DEBUG
9890,CHT_DC_TI_PMIC_OPREGION
9891,INTEL_TURBO_MAX_3
9892,DYNAMIC_DEBUG
9893,V4L_PLATFORM_DRIVERS
9894,RTC_CLASS
9895,SPI_IMX
9896,CPU_IDLE_GOV_HALTPOLL
9897,BOOTPARAM_HARDLOCKUP_PANIC
9898,TANGO_THERMAL
9899,BCM_IPROC_ADC
9900,FEC
9901,RTC_DRV_DIGICOLOR
9902,ENC28J60_WRITEVERIFY
9903,V4L_TEST_DRIVERS
9904,BATTERY_ACT8945A
9905,HWSPINLOCK_STM32
9906,USB_CONFIGFS_F_LB_SS
9907,DVB_AV7110_OSD
9908,THERMAL_GOV_POWER_ALLOCATOR
9909,VIDEO_PVRUSB2_SYSFS
9910,ACPI_APEI_MEMORY_FAILURE
9911,SPI_MTK_NOR
9912,PWM_RCAR
9913,USB_DWC2_TRACK_MISSED_SOFS
9914,RTW88_DEBUGFS
9915,INPUT_PMIC8XXX_PWRKEY
9916,IOMMU_API
9917,MTD_SHARPSL_PARTS
9918,ADFS_FS_RW
9919,THERMAL_EMULATION
9920,UBIFS_FS_SECURITY
9921,LIBERTAS_DEBUG
9922,HIP04_ETH
9923,VIDEO_ADV_DEBUG
9924,PCIE_ARTPEC6
9925,I2C_OWL
9926,QUOTA_DEBUG
9927,HW_RANDOM_IMX_RNGC
9928,BLK_DEV_THROTTLING_LOW
9929,B43_PHY_LP
9930,FUNCTION_GRAPH_TRACER
9931,FB_GBE
9932,SPI_AR934X
9933,BSD_DISKLABEL
9934,NFSD_V4
9935,SND_SOC_SOF_HDA_PROBES
9936,IIO_ADIS_LIB_BUFFER
9937,KGDB_LOW_LEVEL_TRAP
9938,CRYPTO_DEV_EXYNOS_RNG
9939,ATH11K
9940,VIDEO_ATOMISP_MT9M114
9941,BT_RFCOMM_TTY
9942,GCC_PLUGINS
9943,JFFS2_RTIME
9944,AT91RM9200_WATCHDOG
9945,I2C_SYNQUACER
9946,LOGO
9947,TOUCHSCREEN_DMI
9948,SPI_NPCM_PSPI
9949,CPU_FREQ_DEFAULT_GOV_PERFORMANCE
9950,HYPERVISOR_GUEST
9951,USB_DWC2_DEBUG_PERIODIC
9952,UBIFS_FS_LZO
9953,MLX5_CORE_EN_DCB
9954,XEN_ACPI_PROCESSOR
9955,TAHVO_USB_HOST_BY_DEFAULT
9956,TEGRA20_APB_DMA
9957,SPI_TEGRA114
9958,USB_PWC_INPUT_EVDEV
9959,SERIAL_BCM63XX_CONSOLE
9960,I2C_IMG
9961,ATH9K_HTC_DEBUGFS
9962,IR_RX51
9963,SND_PCMCIA
9964,ATH9K_AHB
9965,RTC_DRV_GENERIC
9966,BRCMFMAC_USB
9967,HVC_XEN
9968,HVC_IRQ
9969,RESET_BRCMSTB_RESCAL
9970,ND_PFN
9971,F2FS_FS_LZORLE
9972,RCAR_DMAC
9973,MTD_NAND_JZ4780_BCH
9974,RADIO_GEMTEK_PROBE
9975,PWM_RENESAS_TPU
9976,EXPERT
9977,AT91_SAMA5D2_ADC
9978,DVB_USB_CXUSB_ANALOG
9979,MFD_STW481X
9980,RTC_DRV_VR41XX
9981,CRYPTO_DEV_CCP_DEBUGFS
9982,CEC_MESON_AO
9983,CRYPTO_HASH_INFO
9984,SPI_RSPI
9985,RENESAS_USB_DMAC
9986,DRM_EXYNOS5433_DECON
9987,DRM_VC4_HDMI_CEC
9988,FRAMEBUFFER_CONSOLE_DETECT_PRIMARY
9989,RADIO_ISA
9990,SPI_TI_QSPI
9991,DVB_USB_DIBUSB_MB_FAULTY
9992,PVH
9993,KEYBOARD_CLPS711X
9994,MTD_NAND_JZ4725B_BCH
9995,SPI_CLPS711X
9996,SONY_FF
9997,CRYPTO_MANAGER_EXTRA_TESTS
9998,CDROM_PKTCDVD_WCACHE
9999,NFSD_FLEXFILELAYOUT
10000,MTK_THERMAL
10001,SND_SOC_INTEL_CML_LP_DA7219_MAX98357A_MACH
10002,DMA_ENGINE
10003,KEXEC_BZIMAGE_VERIFY_SIG
10004,SUNRPC_DISABLE_INSECURE_ENCTYPES
10005,DMADEVICES
10006,MEDIA_CAMERA_SUPPORT
10007,FB_OMAP2_PANEL_SONY_ACX565AKM
10008,DYNAMIC_DEBUG_CORE
10009,PWM_LPC32XX
10010,TOUCHSCREEN_USB_ETURBO
10011,VIDEO_CADENCE
10012,VIDEO_STI_DELTA
10013,HOLTEK_FF
10014,SECURITY_APPARMOR_DEBUG_MESSAGES
10015,PACKING
10016,VIDEO_ADV7604_CEC
10017,B43_PHY_G
10018,B43_DEBUG
10019,ARMADA_37XX_RWTM_MBOX
10020,BACKLIGHT_ATMEL_LCDC
10021,SPI_OMAP24XX
10022,HID_BATTERY_STRENGTH
10023,GPIO_TIMBERDALE
10024,TI_SYSCON_CLK
10025,DEV_PAGEMAP_OPS
10026,CARL9170_WPC
10027,THERMAL_STATISTICS
10028,VIDEO_AU0828_RC
10029,SERIAL_ST_ASC
10030,SCHED_TRACER
10031,NET_DSA_MSCC_FELIX
10032,JFFS2_COMPRESSION_OPTIONS
10033,JFFS2_CMODE_PRIORITY
10034,I2C_PNX
10035,SC27XX_ADC
10036,TEST_PARMAN
10037,TOUCHSCREEN_USB_GENERAL_TOUCH
10038,ZX2967_THERMAL
10039,SCHED_MC_PRIO
10040,PWM_SPRD
10041,MTD_NAND_JZ4740_ECC
10042,SND_SOC_SOF_DEBUG_ENABLE_DEBUGFS_CACHE
10043,RADIO_ZOLTRIX
10044,SH_ETH
10045,BXT_WC_PMIC_OPREGION
10046,CEC_STI
10047,SPI_ORION
10048,CRYPTO_RSA
10049,MEDIA_ANALOG_TV_SUPPORT
10050,SND_SOC_SOF_DEBUG_VERBOSE_IPC
10051,SND_CTL_VALIDATION
10052,DMADEVICES_DEBUG
10053,X86_NUMACHIP
10054,EMBEDDED
10055,KEYBOARD_SNVS_PWRKEY
10056,UBIFS_FS_XATTR
10057,SPI_ST_SSC4
10058,HIDRAW
10059,CRYPTO_MANAGER
10060,CRYPTO_SKCIPHER2
10061,CRYPTO_SKCIPHER
10062,CRYPTO_MANAGER2
10063,CRYPTO_ALGAPI
10064,CRYPTO_AEAD2
10065,CRYPTO_ALGAPI2
10066,CRYPTO_ACOMP2
10067,CRYPTO_HASH2
10068,CRYPTO_AKCIPHER2
10069,CRYPTO_NULL2
10070,CRYPTO_RNG2
10071,CRYPTO
10072,CRYPTO_KPP2
10073,CRYPTO_HASH
10074,EXT2_FS_SECURITY
10075,COMMON_CLK_HI3798CV200
10076,TOUCHSCREEN_TSC2007_IIO
10077,PCI_P2PDMA
10078,LOGIRUMBLEPAD2_FF
10079,IMG_MDC_DMA
10080,SECURITY_PATH
10081,CPU_IDLE_GOV_TEO
10082,STM32_TIMER_CNT
10083,FONT_8x16
10084,USB_XHCI_DBGCAP
10085,EROFS_FS_SECURITY
10086,CPU_IDLE_GOV_MENU
10087,MLX5_FPGA_TLS
10088,MEDIA_PLATFORM_SUPPORT
10089,DECOMPRESS_GZIP
10090,RD_GZIP
10091,GCC_PLUGIN_RANDSTRUCT
10092,CLK_LS1028A_PLLDIG
10093,LEDS_ARIEL
10094,COMMON_CLK_HI3516CV300
10095,TOUCHSCREEN_USB_ITM
10096,IR_ZX
10097,XEN_COMPAT_XENFS
10098,PHY_ROCKCHIP_INNO_USB2
10099,B43_PHY_N
10100,FB_OMAP2_DSS_COLLECT_IRQ_STATS
10101,POWER_RESET_GPIO_RESTART
10102,SERIAL_SH_SCI_EARLYCON
10103,ISA_BUS
10104,TOUCHSCREEN_USB_EGALAX
10105,RTC_DRV_MESON_VRTC
10106,CEC_TEGRA
10107,RAS
10108,MEDIA_SUBDRV_AUTOSELECT
10109,SATA_HIGHBANK
10110,SCSI_IZIP_SLOW_CTR
10111,RTC_DRV_FSL_FTM_ALARM
10112,CRYPTO_DEV_QCE
10113,MIGRATION
10114,USB_DWC2_VERBOSE
10115,NFSD_PNFS
10116,PHY_QCOM_PCIE2
10117,SERIAL_QCOM_GENI
10118,USB_CONFIGFS_F_PRINTER
10119,MEDIA_RADIO_SUPPORT
10120,KALLSYMS_BASE_RELATIVE
10121,KALLSYMS
10122,EROFS_FS_POSIX_ACL
10123,FB_OMAP2_PANEL_TPO_TD028TTEC1
10124,BPF_EVENTS
10125,DEV_DAX_PMEM
10126,PM8916_WATCHDOG
10127,USB_CONFIGFS_F_UAC1_LEGACY
10128,POWER_RESET_LTC2952
10129,CRYPTO_DEV_QCOM_RNG
10130,BLK_DEV_IDECD_VERBOSE_ERRORS
10131,SERIAL_STM32
10132,CEC_MESON_G12A_AO
10133,XEN_MCE_LOG
10134,INPUT_TOUCHSCREEN
10135,UBIFS_ATIME_SUPPORT
10136,VIDEO_ROCKCHIP_ISP1
10137,PRINTK_CALLER
10138,VIDEO_ATOMISP_ISP2401
10139,CRYPTO_DEV_ATMEL_TDES
10140,RT2X00_DEBUG
10141,DRM_EXYNOS_HDMI
10142,FSI_NEW_DEV_NODE
10143,GREENASIA_FF
10144,RC_ST
10145,SPI_LP8841_RTC
10146,UBIFS_FS_ADVANCED_COMPR
10147,RTC_DRV_ASM9260
10148,RTC_DRV_DS1685
10149,NPCM_ADC
10150,SERIAL_BCM63XX
10151,MINIX_SUBPARTITION
10152,X86_ESPFIX64
10153,X86_16BIT
10154,CLK_RASPBERRYPI
10155,SATA_RCAR
10156,PM
10157,RTC_DRV_STM32
10158,I2C_MXS
10159,BCM_NS_THERMAL
10160,ZSWAP_DEFAULT_ON
10161,SPEAKUP_SYNTH_DTLK
10162,DRM_EXYNOS_ROTATOR
10163,USB_SERIAL_GENERIC
10164,PATA_ARASAN_CF
10165,PM_WAKELOCKS
10166,XEN_SYMS
10167,ATH10K_DEBUG
10168,USB_DEFAULT_PERSIST
10169,GCC_PLUGIN_LATENT_ENTROPY
10170,VM_EVENT_COUNTERS
10171,TOUCHSCREEN_USB_EASYTOUCH
10172,I2C_SPRD
10173,MMC_DW
10174,HIX5HD2_GMAC
10175,TOUCHSCREEN_USB_PANJIT
10176,PCI_EXYNOS
10177,RDC321X_WDT
10178,RT2800USB_RT3573
10179,SERIAL_TIMBERDALE
10180,COPS_DAYNA
10181,WQ_POWER_EFFICIENT_DEFAULT
10182,VFIO_NOIOMMU
10183,SND_SOC_SOF_HDA_AUDIO_CODEC
10184,USB_G_DBGP_SERIAL
10185,SSB_DRIVER_GPIO
10186,I2C_EXYNOS5
10187,ARCH_HAS_PKEYS
10188,X86_INTEL_MEMORY_PROTECTION_KEYS
10189,ARCH_USES_HIGH_VMA_FLAGS
10190,STM32_DFSDM_ADC
10191,PWM_CLPS711X
10192,TOUCHSCREEN_USB_GOTOP
10193,FW_LOADER_USER_HELPER
10194,SFI
10195,RTC_DEBUG
10196,SND_SOC_SOF_NOCODEC_SUPPORT
10197,EDAC_LEGACY_SYSFS
10198,SERIAL_SAMSUNG_CONSOLE
10199,GADGET_UAC1_LEGACY
10200,DVB_USB_DEBUG
10201,FHANDLE
10202,MMC_SH_MMCIF
10203,SPI_SH_HSPI
10204,USB_ISP1760_GADGET_ROLE
10205,TOUCHSCREEN_USB_JASTEC
10206,CRYPTO_HW
10207,I2C_OMAP
10208,SPI_EP93XX
10209,TOUCHSCREEN_MIGOR
10210,MMC_BCM2835
10211,ARCH_CPUIDLE_HALTPOLL
10212,IIO_STM32_TIMER_TRIGGER
10213,PWM_VT8500
10214,FPGA_MGR_SOCFPGA
10215,USB_VIDEO_CLASS_INPUT_EVDEV
10216,SPI_MESON_SPIFC
10217,THRUSTMASTER_FF
10218,KGDB_KDB
10219,X86_MPPARSE
10220,SND_VERBOSE_PROCFS
10221,COMMON_CLK_QCOM
10222,RMI4_F34
10223,RT2800PCI_RT3290
10224,USB_GADGET_DEBUG_FILES
10225,SPI_BCM63XX_HSSPI
10226,UNIXWARE_DISKLABEL
10227,COMPAT_32BIT_TIME
10228,CMA_DEBUGFS
10229,X86_BOOTPARAM_MEMORY_CORRUPTION_CHECK
10230,I2C_ST
10231,COMMON_CLK_HI655X
10232,TOUCHSCREEN_USB_IDEALTEK
10233,PCIE_RCAR_HOST
10234,FRAMEBUFFER_CONSOLE
10235,I2C_MV64XXX
10236,DRM_EXYNOS_VIDI
10237,RTC_DRV_M41T80_WDT
10238,MUSB_PIO_ONLY
10239,SPI_ZYNQ_QSPI
10240,FSL_UCC_HDLC
10241,NDC_DIS_DYNAMIC_CACHING
10242,RSI_DEBUGFS
10243,SPI_PIC32
10244,ARM_SCMI_POWER_DOMAIN
10245,JOYSTICK_XPAD_FF
10246,LOGITECH_FF
10247,SPI_BCM2835AUX
10248,RCAR_GYRO_ADC
10249,DVB_DEMUX_SECTION_LOSS_LOG
10250,PWM_MTK_DISP
10251,HID_PICOLCD_BACKLIGHT
10252,COMMON_CLK_AXI_CLKGEN
10253,MTD_BCM63XX_PARTS
10254,INTERCONNECT_IMX8MM
10255,POWER_RESET_SYSCON
10256,FONT_6x10
10257,PM_DEVFREQ
10258,COMMON_CLK_HI3519
10259,GCC_PLUGIN_STACKLEAK
10260,EXYNOS_AUDSS_CLK_CON
10261,DEBUG_LIST
10262,ATH10K_DEBUGFS
10263,MFD_SC27XX_PMIC
10264,SMS_SIANO_DEBUGFS
10265,ATH10K_SPECTRAL
10266,COMMON_CLK_SCMI
10267,HIST_TRIGGERS_DEBUG
10268,USB_DWC2_PERIPHERAL
10269,MTD_DATAFLASH_WRITE_VERIFY
10270,FB_WMT_GE_ROPS
10271,CGROUPS
10272,PWM_PXA
10273,BCMA_DRIVER_GPIO
10274,SPI_SUN6I
10275,PRINTK
10276,PRINTK_NMI
10277,ENABLE_MUST_CHECK
10278,SPI_FSL_LPSPI
10279,ATLAS7_WATCHDOG
10280,I2C_HIGHLANDER
10281,REGMAP_SPI
10282,DVB_PLATFORM_DRIVERS
10283,SPEAKUP_SYNTH_KEYPC
10284,DMA_JZ4780
10285,ATH10K_TRACING
10286,PCI_IMX6
10287,TOUCHSCREEN_USB_ELO
10288,PCIE_XILINX_NWL
10289,RN5T618_WATCHDOG
10290,X86_UV
10291,TOUCHSCREEN_USB_DMC_TSC10
10292,FSL_DPAA2_ETH
10293,I2C_XLR
10294,MMC_OWL
10295,SPI_S3C64XX
10296,SPI_SPRD
10297,VIDEO_FB_IVTV_FORCE_PAT
10298,RING_BUFFER_ALLOW_SWAP
10299,VIDEO_FIXED_MINOR_RANGES
10300,LOGIWHEELS_FF
10301,SPRD_DMA
10302,DRM_EXYNOS_MIC
10303,NVMEM
10304,MEDIA_SUPPORT_FILTER
10305,POWER_RESET_SYSCON_POWEROFF
10306,ECRYPT_FS_MESSAGING
10307,VIDEO_ADV7842_CEC
10308,SPI_MASTER
10309,SPI
10310,USB_PWC_DEBUG
10311,TOUCHSCREEN_USB_NEXIO
10312,REISERFS_PROC_INFO
10313,GPIOLIB_IRQCHIP
10314,SERIAL_MXS_AUART
10315,PWM_ROCKCHIP
10316,I2C_HIX5HD2
10317,IIO_SIMPLE_DUMMY_BUFFER
10318,VIDEO_STI_DELTA_DRIVER
10319,SND_SOC_INTEL_EHL_RT5660_MACH
10320,FONT_8x8
10321,ATH9K_CHANNEL_CONTEXT
10322,SPEAKUP_SYNTH_ACNTPC
10323,TOUCHSCREEN_USB_3M
10324,CRYPTO_DEV_ATMEL_AES
10325,TOUCHSCREEN_USB_E2I
10326,NFSD_V2_ACL
10327,NFSD_V3_ACL
10328,USB_TEGRA_PHY
10329,NEW_LEDS
10330,DMADEVICES_VDEBUG
10331,VT_CONSOLE
10332,MTD_PHYSMAP_GEMINI
10333,USB_SERIAL_MOS7715_PARPORT
10334,BCM7038_WDT
10335,LOAD_UEFI_KEYS
10336,SPI_TXX9
10337,ARCH_WANT_OLD_COMPAT_IPC
10338,ARCH_WANT_COMPAT_IPC_PARSE_VERSION
10339,OLD_SIGSUSPEND3
10340,COMPAT_BINFMT_ELF
10341,COMPAT_OLD_SIGACTION
10342,IA32_EMULATION
10343,COMPAT_32
10344,HAVE_UID16
10345,SND_FIREWIRE
10346,EFI_EMBEDDED_FIRMWARE
10347,DPM_WATCHDOG
10348,CHELSIO_T4_FCOE
10349,SPI_QCOM_GENI
10350,SPI_SLAVE
10351,SPI_OMAP_100K
10352,INPUT_KEYBOARD
10353,COMMON_CLK_SCPI
10354,LOCK_EVENT_COUNTS
10355,GENERIC_ISA_DMA
10356,ISA_DMA_API
10357,ARCH_MAY_HAVE_PC_FDC
10358,XEN_SCRUB_PAGES_DEFAULT
10359,HVC_XEN_FRONTEND
10360,PHY_DM816X_USB
10361,MLX5_SW_STEERING
10362,RT_MUTEXES
10363,RT2800PCI_RT33XX
10364,PWM_SIFIVE
10365,GOOGLE_FIRMWARE
10366,VIDEO_ALLEGRO_DVT
10367,VIDEO_PVRUSB2_DEBUGIFC
10368,LIRC
10369,GPIOLIB
10370,BOOT_CONFIG
10371,IMX7D_ADC
10372,DEFAULT_VENO
10373,VIDEO_AU0828_V4L2
10374,EDD_OFF
10375,RPMSG_QCOM_GLINK_SMEM
10376,IPC_NS
10377,CPU_IDLE_GOV_LADDER
10378,I2C_UNIPHIER
10379,JOYSTICK_XPAD_LEDS
10380,JFFS2_ZLIB
10381,I2C_RCAR
10382,USB_CONFIGFS_SERIAL
10383,I2C_SIRF
10384,SPI_TEGRA20_SFLASH
10385,ZONE_DMA
10386,SERIO_SUN4I_PS2
10387,PCIE_RCAR_EP
10388,NFSD_SCSILAYOUT
10389,CPU_FREQ_THERMAL
10390,SYSCTL
10391,PROC_SYSCTL
10392,MMC_SDHCI_EXTERNAL_DMA
10393,K3_DMA
10394,I2C_ASPEED
10395,MEMCG
10396,MEMCG_KMEM
10397,DM_DEBUG_BLOCK_STACK_TRACING
10398,PWM_HIBVT
10399,NFSD_V4_2_INTER_SSC
10400,I2C_DAVINCI
10401,DEFAULT_HTCP
10402,JFFS2_FS_WRITEBUFFER
10403,PWM_IMX1
10404,POSIX_TIMERS
10405,PCIE_MOBIVEIL_HOST
10406,PCIE_MOBIVEIL
10407,PCIE_MOBIVEIL_PLAT
10408,CPU_FREQ_STAT
10409,I2C_DIGICOLOR
10410,RT2800USB_RT55XX
10411,ASSOCIATIVE_ARRAY
10412,KEYS
10413,EDAC_DEBUG
10414,TEST_OBJAGG
10415,CPU_FREQ_GOV_ATTR_SET
10416,SGI_GRU
10417,SPI_SUN4I
10418,DRM_EXYNOS_FIMC
10419,X86_VSYSCALL_EMULATION
10420,HPET_EMULATE_RTC
10421,SERIAL_SH_SCI_CONSOLE
10422,UV_MMTIMER
10423,VIDEO_OMAP4
10424,RTC_DRV_DS1374_WDT
10425,MLX5_EN_TLS
10426,NO_HZ_COMMON
10427,NO_HZ_IDLE
10428,HZ_PERIODIC
10429,NO_HZ
10430,I2C_PXA
10431,SND_SOC_INTEL_GLK_DA7219_MAX98357A_MACH
10432,SATA_DWC_OLD_DMA
10433,BATTERY_BQ27XXX_DT_UPDATES_NVM
10434,SERIAL_8250_UNIPHIER
10435,DEBUG_TIMEKEEPING
10436,QCOM_TSENS
10437,MTD_TS5500
10438,KGDB_TESTS
10439,PCIE_ARTPEC6_HOST
10440,ELF_CORE
10441,MFD_ARIZONA
10442,SPRD_COMMON_CLK
10443,COMMON_CLK_MMP2_AUDIO
10444,REMOTEPROC
10445,SND_SOC_SOF_DEBUG_IPC_FLOOD_TEST
10446,PARPORT_NOT_PC
10447,SND_PCM_XRUN_DEBUG
10448,PM_OPP
10449,BLK_DEV_INITRD
10450,U_SERIAL_CONSOLE
10451,USB_SISUSBVGA_CON
10452,ZONE_DEVICE
10453,PSTORE_ZSTD_COMPRESS
10454,FPGA_MGR_SOCFPGA_A10
10455,SMS_SIANO_RC
10456,CRYPTO_DEV_SUN8I_CE
10457,SPI_BCM2835
10458,DRM_EXYNOS_SCALER
10459,EPOLL
10460,SPI_TEGRA20_SLINK
10461,SYSFS
10462,MAGIC_SYSRQ
10463,DRM_NOUVEAU_SVM
10464,STMPE_SPI
10465,MTD_MAP_BANK_WIDTH_16
10466,CRYPTO_DRBG_HMAC
10467,I2C_ALTERA
10468,CRYPTO_DEV_MEDIATEK
10469,STM32_DFSDM_CORE
10470,SPI_MT7621
10471,SDR_PLATFORM_DRIVERS
10472,RD_LZO
10473,DECOMPRESS_LZO
10474,INPUT_MISC
10475,RSI_COEX
10476,CACHEFILES_HISTOGRAM
10477,POWER_SUPPLY_DEBUG
10478,SGI_XP
10479,PWM_ZX
10480,COMMON_CLK_TI_ADPLL
10481,UNICODE
10482,SERIAL_STM32_CONSOLE
10483,MTD_PARSER_TRX
10484,MTD_PHYSMAP_COMPAT
10485,KEY_DH_OPERATIONS
10486,RT2800PCI_RT53XX
10487,ATH6KL_REGDOMAIN
10488,GPIO_TS4900
10489,SND_SOC_SOF_IMX8
10490,ATH10K_AHB
10491,JFFS2_FS_WBUF_VERIFY
10492,HAVE_ARCH_MMAP_RND_COMPAT_BITS
10493,COMPAT_FOR_U64_ALIGNMENT
10494,HAVE_ARCH_COMPAT_MMAP_BASES
10495,COMPAT
10496,ATH9K_DFS_DEBUGFS
10497,VIDEO_CX231XX_RC
10498,SPI_MT65XX
10499,NVDIMM_PFN
10500,I2C_AT91_SLAVE_EXPERIMENTAL
10501,INPUT_TABLET
10502,USB_CONFIGFS_F_FS
10503,SGI_GRU_DEBUG
10504,SCSI_UFS_BSG
10505,LOGO_LINUX_CLUT224
10506,PRINT_QUOTA_WARNING
10507,PREVENT_FIRMWARE_BUILD
10508,SYSVIPC_SYSCTL
10509,FONT_10x18
10510,VHOST_CROSS_ENDIAN_LEGACY
10511,USB_CONFIGFS_ACM
10512,SATA_DWC_DEBUG
10513,EXT2_FS_POSIX_ACL
10514,I2C_RIIC
10515,DMA_API_DEBUG
10516,HPET_MMAP_DEFAULT
10517,STACKLEAK_RUNTIME_DISABLE
10518,FONTS
10519,NET_DSA_SJA1105_TAS
10520,FONT_TER16x32
10521,PROC_VMCORE
10522,ATH9K_DFS_CERTIFIED
10523,SPI_ARMADA_3700
10524,TOUCHSCREEN_USB_IRTOUCH
10525,I2C_BCM_KONA
10526,SUNXI_SRAM
10527,PCIE_RCAR
10528,RT2800USB_UNKNOWN
10529,SERIAL_8250_TEGRA
10530,I2C_VERSATILE
10531,NVDIMM_DAX
10532,NVMEM_SYSFS
10533,LEDS_PCA9532_GPIO
10534,TEST_HMM
10535,PWM_EP93XX
10536,SND_SOC_INTEL_SOF_CML_RT1011_RT5682_MACH
10537,JFFS2_FS_POSIX_ACL
10538,DEVICE_PRIVATE
10539,BOUNCE
10540,MICROCODE
10541,I2C_SUN6I_P2WI
10542,SPI_LANTIQ_SSC
10543,FB_GEODE
10544,IMX_DSP
10545,BCMA_DRIVER_GMAC_CMN
10546,SPI_XTENSA_XTFPGA
10547,WARN_ALL_UNSEEDED_RANDOM
10548,DVB_ULE_DEBUG
10549,VIDEO_ROCKCHIP_VDEC
10550,COMMON_CLK_KEYSTONE
10551,PCIE_ARMADA_8K
10552,SND_SOC_SOF_DEBUG_ENABLE_FIRMWARE_TRACE
10553,QCOM_SMP2P
10554,SERIO_OLPC_APSP
10555,PCIE_SPEAR13XX
10556,UBSAN_TRAP
10557,ADVISE_SYSCALLS
10558,SPI_MEM
10559,RTC_INTF_PROC
10560,PINCTRL_MSM8660
10561,HYPERV_IOMMU
10562,PROC_PID_ARCH_STATUS
10563,PROC_FS
10564,REGULATOR_MT6380
10565,XZ_DEC_IA64
10566,CGROUP_FREEZER
10567,SERIAL_CLPS711X_CONSOLE
10568,VIDEO_MESON_VDEC
10569,MODIFY_LDT_SYSCALL
10570,I2C_S3C2410
10571,HARDENED_USERCOPY_PAGESPAN
10572,POWER_RESET
10573,P54_SPI_DEFAULT_EEPROM
10574,IMA_QUEUE_EARLY_BOOT_KEYS
10575,SND_SOC_INTEL_SOF_DA7219_MAX98373_MACH
10576,NAMESPACES
10577,EZX_PCAP
10578,FSL_DPAA2_ETH_DCB
10579,SND_SOC_SOF_BAYTRAIL_SUPPORT
10580,MLX5_EN_IPSEC
10581,PCIE_ARTPEC6_EP
10582,RTC_SYSTOHC
10583,SLUB_DEBUG_ON
10584,I2C_STU300
10585,I2C_STM32F7
10586,BPF_LSM
10587,ARCH_USES_PG_UNCACHED
10588,X86_PAT
10589,SERIAL_8250_DETECT_IRQ
10590,TOUCHSCREEN_USB_ETT_TC45USB
10591,CRYPTO_DEV_HISI_SEC
10592,PSTORE_LZO_COMPRESS_DEFAULT
10593,INPUT_MOUSEDEV_PSAUX
10594,BUILD_BIN2C
10595,NET_VENDOR_FARADAY
10596,PSI_DEFAULT_DISABLED
10597,PHY_SUN9I_USB
10598,SERIAL_OWL_CONSOLE
10599,HNS3_DCB
10600,MOUSE_PS2_SMBUS
10601,MFD_WM831X_SPI
10602,READ_ONLY_THP_FOR_FS
10603,KEYS_REQUEST_CACHE
10604,CRC32
10605,OLPC_XO175_EC
10606,MT7622_WMAC
10607,ARM_SCPI_POWER_DOMAIN
10608,LEDS_OT200
10609,FONT_ACORN_8x8
10610,USB_BRCMSTB
10611,MTD_MAP_BANK_WIDTH_1
10612,PHY_ROCKCHIP_DPHY_RX0
10613,SYSVIPC_COMPAT
10614,ATH9K_COMMON_SPECTRAL
10615,USB_NET2272_DMA
10616,LOGIG940_FF
10617,SECURITY_LOADPIN
10618,TOUCHSCREEN_USB_GUNZE
10619,MTD_CFI_I4
10620,MTD_NAND_ECC_SW_BCH
10621,COMPAT_VDSO
10622,X86_5LEVEL
10623,INFINIBAND_HNS_HIP08
10624,SERIAL_8250_EXTENDED
10625,DNOTIFY
10626,HI6220_MBOX
10627,NFSD_BLOCKLAYOUT
10628,USB_ZERO_HNPTEST
10629,MICROCODE_INTEL
10630,FPGA_MGR_ZYNQMP_FPGA
10631,MFD_WM5110
10632,PROC_VMCORE_DEVICE_DUMP
10633,TI_EQEP
10634,NFSD_V4_SECURITY_LABEL
10635,TICK_ONESHOT
10636,SPI_JCORE
10637,INTEGRITY_PLATFORM_KEYRING
10638,CPU_FREQ_GOV_COMMON
10639,ACRN_GUEST
10640,SMARTJOYPLUS_FF
10641,USB_CONFIGFS_OBEX
10642,MLX5_CLS_ACT
10643,I2C_MT65XX
10644,SPI_STM32
10645,HAVE_HARDENED_USERCOPY_ALLOCATOR
10646,HAVE_ALIGNED_STRUCT_PAGE
10647,REGMAP
10648,SLUB
10649,HAVE_RELIABLE_STACKTRACE
10650,SLOB
10651,KERNEL_GZIP
10652,UNWINDER_ORC
10653,UNWINDER_GUESS
10654,KERNEL_XZ
10655,CC_OPTIMIZE_FOR_PERFORMANCE
10656,CC_OPTIMIZE_FOR_SIZE
10657,BITREVERSE
10658,CRC32_SLICEBY8
10659,SPI_UNIPHIER
10660,I2C_SH_MOBILE
10661,NET_VENDOR_HISILICON
10662,ATH5K_TEST_CHANNELS
10663,MOUSE_PS2_SYNAPTICS_SMBUS
10664,PM_WAKELOCKS_GC
10665,DVB_FIREDTV_INPUT
10666,IDE_PROC_FS
10667,MMC_DEBUG
10668,VIDEO_SUNXI_CEDRUS
10669,MTD_REDBOOT_PARTS_READONLY
10670,FONT_7x14
10671,BSD_PROCESS_ACCT_V3
10672,I2C_XLP9XX
10673,TOUCHSCREEN_TS4800
10674,PHY_ROCKCHIP_INNO_DSIDPHY
10675,BCM_VIDEOCORE
10676,CARL9170_LEDS
10677,IO_URING
10678,IO_WQ
10679,ATH9K_STATION_STATISTICS
10680,EVENT_TRACE_STARTUP_TEST
10681,VIDEO_TC358743_CEC
10682,SAMPLE_UHID
10683,PCIE_HISI_STB
10684,I2C_IMX_LPI2C
10685,MEMORY_HOTREMOVE
10686,HAVE_BOOTMEM_INFO_NODE
10687,JFFS2_FS_XATTR
10688,PM_TEST_SUSPEND
10689,HW_RANDOM_MTK
10690,MICROCODE_OLD_INTERFACE
10691,SERIAL_MCTRL_GPIO
10692,ARCH_ENABLE_MEMORY_HOTREMOVE
10693,MEMORY_HOTPLUG_SPARSE
10694,MEMORY_HOTPLUG
10695,MTD_CFI_I2
10696,MTD_MAP_BANK_WIDTH_2
10697,CRYPTO_DEV_S5P
10698,SATA_DWC_VDEBUG
10699,TYPEC_WCOVE
10700,MFD_DA9052_SPI
10701,RESET_UNIPHIER_GLUE
10702,PROC_PAGE_MONITOR
10703,ATH9K_RFKILL
10704,FS_DAX_PMD
10705,TIMERFD
10706,I2C_JZ4780
10707,QCOM_SMSM
10708,VHOST_MENU
10709,PSI
10710,FW_CACHE
10711,CGROUP_PIDS
10712,CHARGER_QCOM_SMBB
10713,I2C_QCOM_CCI
10714,SERIAL_HS_LPC32XX
10715,PAGE_COUNTER
10716,SGL_ALLOC
10717,FORTIFY_SOURCE
10718,PWM_IMG
10719,PHY_QCOM_QUSB2
10720,CGROUP_SCHED
10721,PCIE_AL
10722,SLAB_FREELIST_RANDOM
10723,FONT_PEARL_8x8
10724,I2C_UNIPHIER_F
10725,CPU_FREQ
10726,CPU_FREQ_GOV_PERFORMANCE
10727,IOMMU_DEBUGFS
10728,OID_REGISTRY
10729,CGROUP_RDMA
10730,PHY_ROCKCHIP_INNO_HDMI
10731,RTC_INTF_DEV
10732,ATH9K_TX99
10733,W1_SLAVE_DS2408_READBACK
10734,EISA_NAMES
10735,SERIAL_8250_DWLIB
10736,COMPAT_BRK
10737,SPI_DW_DMA
10738,HARDENED_USERCOPY_FALLBACK
10739,HUGETLB_PAGE
10740,HUGETLBFS
10741,HID_ACRUX_FF
10742,FONT_MINI_4x6
10743,MOUSE_PS2_ALPS
10744,SUSPEND_SKIP_SYNC
10745,OVERLAY_FS_NFS_EXPORT
10746,WCN36XX_DEBUGFS
10747,COMPACTION
10748,KEXEC
10749,FILE_LOCKING
10750,RT2X00_LIB_DEBUGFS
10751,MTD_MAP_BANK_WIDTH_4
10752,XARRAY_MULTI
10753,FSL_DPAA2_PTP_CLOCK
10754,USB_DWC3_GADGET
10755,PM_SLEEP_DEBUG
10756,X86_UMIP
10757,MTRR_SANITIZER
10758,UCLAMP_TASK_GROUP
10759,DRM_I915_GVT_KVMGT
10760,UNIPHIER_WATCHDOG
10761,RT2800PCI_RT35XX
10762,TIME_NS
10763,CONSOLE_TRANSLATIONS
10764,SGETMASK_SYSCALL
10765,MTD_SPI_NOR_USE_4K_SECTORS
10766,SERIAL_MXS_AUART_CONSOLE
10767,SERIAL_8250_FINTEK
10768,USB_CONFIGFS_F_HID
10769,PHY_NS2_USB_DRD
10770,ATH10K_DFS_CERTIFIED
10771,EDAC_XGENE
10772,MACINTOSH_DRIVERS
10773,SPI_STM32_QSPI
10774,VIDEO_PVRUSB2_DVB
10775,RTC_INTF_SYSFS
10776,RTC_HCTOSYS
10777,SERIAL_8250_DMA
10778,I2C_NPCM7XX
10779,FB_BOTH_ENDIAN
10780,FB_FOREIGN_ENDIAN
10781,ASHMEM
10782,SND_SOC_RT5514_SPI_BUILTIN
10783,ATH11K_DEBUGFS
10784,MELLANOX_PLATFORM
10785,JFFS2_LZO
10786,FRAMEBUFFER_CONSOLE_ROTATION
10787,MULTIUSER
10788,SECURITY_LOADPIN_ENFORCE
10789,SECURITY_DMESG_RESTRICT
10790,PHY_MTK_XSPHY
10791,NET_VENDOR_FREESCALE
10792,STACKPROTECTOR
10793,USB_FUNCTIONFS_GENERIC
10794,RPMSG_QCOM_SMD
10795,KEYBOARD_IMX_SC_KEY
10796,XEN_BALLOON_MEMORY_HOTPLUG
10797,MTD_PHYSMAP_VERSATILE
10798,JZ4770_PHY
10799,CARL9170_HWRNG
10800,BCH_CONST_PARAMS
10801,IPMI_PANIC_STRING
10802,SERIAL_8250_RT288X
10803,USER_NS
10804,X86_VMX_FEATURE_NAMES
10805,PPS_DEBUG
10806,MTD_ONENAND_2X_PROGRAM
10807,OF_IOMMU
10808,DRAGONRISE_FF
10809,MOUSE_PS2_TRACKPOINT
10810,INTEGRITY_SIGNATURE
10811,SIGNATURE
10812,PROBE_EVENTS
10813,PHY_LANTIQ_VRX200_PCIE
10814,SLUB_MEMCG_SYSFS_ON
10815,KGDB_TESTS_ON_BOOT
10816,SENSORS_W83795_FANCTRL
10817,HW_RANDOM_MESON
10818,ARCH_ENABLE_HUGEPAGE_MIGRATION
10819,EISA
10820,PINCTRL_SDM845
10821,RTC_INTF_DEV_UIE_EMUL
10822,PSTORE_LZ4_COMPRESS_DEFAULT
10823,RC_DECODERS
10824,I2C_BRCMSTB
10825,X86_REROUTE_FOR_BROKEN_BOOT_IRQS
10826,DEBUG_RSEQ
10827,SUN8I_THERMAL
10828,SPI_NPCM_FIU
10829,VIRTUALIZATION
10830,SPMI_MSM_PMIC_ARB
10831,XZ_DEC_ARMTHUMB
10832,SND_SOC_SOF_BROADWELL_SUPPORT
10833,MTD_CFI_I1
10834,DEFAULT_WESTWOOD
10835,DMABUF_HEAPS_SYSTEM
10836,COMEDI_DEBUG
10837,GENERIC_IRQ_INJECTION
10838,AX88796_93CX6
10839,INPUT_HISI_POWERKEY
10840,ANDROID
10841,SPI_ATMEL
10842,SYSVIPC
10843,PHY_SUN50I_USB3
10844,PAGE_POISONING
10845,XZ_DEC_SPARC
10846,SYSFS_SYSCALL
10847,DMABUF_HEAPS_CMA
10848,VT_HW_CONSOLE_BINDING
10849,KEXEC_CORE
10850,PANTHERLORD_FF
10851,POWER_RESET_GPIO
10852,KVM_WERROR
10853,SCHED_OMIT_FRAME_POINTER
10854,INOTIFY_USER
10855,BSD_PROCESS_ACCT
10856,PINCTRL_MSM8916
10857,PINCTRL_IPQ8064
10858,DMA_FENCE_TRACE
10859,INTERCONNECT_IMX8MQ
10860,X86_INTEL_PSTATE
10861,LOGO_LINUX_VGA16
10862,SECURITYFS
10863,DEVKMEM
10864,SERIAL_ST_ASC_CONSOLE
10865,RANDOM_TRUST_CPU
10866,WATCHDOG_HANDLE_BOOT_ENABLED
10867,INTERCONNECT
10868,BCM2711_THERMAL
10869,PHY_MVEBU_A3700_UTMI
10870,RTC_DRV_DS1307_CENTURY
10871,PID_NS
10872,PANEL_CHANGE_MESSAGE
10873,X86_X32
10874,I2C_BCM_IPROC
10875,QORIQ_CPUFREQ
10876,INTEL_TH_DEBUG
10877,I2C_DEBUG_CORE
10878,FW_LOADER_PAGED_BUF
10879,SENSORS_LTC2978_REGULATOR
10880,SERIAL_8250_RSA
10881,GPIO_SPRD
10882,INTEGRITY_ASYMMETRIC_KEYS
10883,GPIO_XLP
10884,PINCTRL_MSM8976
10885,FAIR_GROUP_SCHED
10886,RT2800USB_RT53XX
10887,BCM2835_THERMAL
10888,CRASH_DUMP
10889,CRASH_CORE
10890,EVM_ATTR_FSUUID
10891,PHY_MESON_GXL_USB2
10892,X86_CPA_STATISTICS
10893,USB_DWC3_HOST
10894,RETPOLINE
10895,INTEGRITY_TRUSTED_KEYRING
10896,PHY_ATH79_USB
10897,USERFAULTFD
10898,HAVE_ARCH_USERFAULTFD_WP
10899,RAS_CEC_DEBUG
10900,IMA_MEASURE_ASYMMETRIC_KEYS
10901,PHY_LPC18XX_USB_OTG
10902,PINCTRL_CS47L15
10903,MFD_CS47L15
10904,RUNTIME_TESTING_MENU
10905,RTC_DRV_ASPEED
10906,ARCH_SUPPORTS_MEMORY_FAILURE
10907,X86_MCE
10908,ARCH_HAS_UACCESS_MCSAFE
10909,X86_SUPPORTS_MEMORY_FAILURE
10910,PHY_QCOM_QMP
10911,JFFS2_RUBIN
10912,SECURITY_LOCKDOWN_LSM_EARLY
10913,TOUCHSCREEN_USB_ZYTRONIC
10914,MOUSE_PS2_TOUCHKIT
10915,SAMPLE_WATCHDOG
10916,PC104
10917,ZEROPLUS_FF
10918,MOUSE_PS2_SYNAPTICS
10919,RAS_CEC
10920,MOUSE_PS2_LIFEBOOK
10921,DEFAULT_HYBLA
10922,SND_SB16_CSP
10923,ARCH_RANDOM
10924,PRINTK_TIME
10925,SERIAL_8250_BCM2835AUX
10926,STANDALONE
10927,SERIAL_EARLYCON
10928,EFI_EARLYCON
10929,RT2800USB_RT33XX
10930,IMX_THERMAL
10931,CGROUP_CPUACCT
10932,PWM_ATMEL
10933,QORIQ_THERMAL
10934,XZ_DEC_BCJ
10935,RSEQ
10936,PM_DEBUG
10937,DPAA2_CONSOLE
10938,NTP_PPS
10939,KIRKWOOD_THERMAL
10940,IDLE_PAGE_TRACKING
10941,PCI_LOONGSON
10942,GUP_BENCHMARK
10943,IWLWIFI_OPMODE_MODULAR
10944,INTERCONNECT_IMX8MN
10945,IMX_SC_THERMAL
10946,PCIE_ROCKCHIP
10947,COMEDI_ISA_DRIVERS
10948,PAGE_TABLE_ISOLATION
10949,KVM_AMD_SEV
10950,CRYPTO_DEV_SUN8I_SS
10951,SHUFFLE_PAGE_ALLOCATOR
10952,SECCOMP
10953,INPUT_MOUSE
10954,REGULATOR_UNIPHIER
10955,MOUSE_PS2_FOCALTECH
10956,MEMSTICK_DEBUG
10957,CRYPTO_MANAGER_DISABLE_TESTS
10958,BCMA_HOST_SOC
10959,ASYNC_TX_DMA
10960,VGA_CONSOLE
10961,VALIDATE_FS_PARSER
10962,IMA_KEYRINGS_PERMIT_SIGNED_BY_BUILTIN_OR_SECONDARY
10963,VMLINUX_VALIDATION
10964,IMA_BLACKLIST_KEYRING
10965,IR_SERIAL_TRANSMITTER
10966,SH_DMAE
10967,JFFS2_SUMMARY
10968,SECURITY_SAFESETID
10969,MTD_OTP
10970,FS_VERITY_BUILTIN_SIGNATURES
10971,STAGING_MEDIA
10972,IMA_APPRAISE_BOOTPARAM
10973,QCOM_SOCINFO
10974,IIO_SIMPLE_DUMMY_EVENTS
10975,VGACON_SOFT_SCROLLBACK_PERSISTENT_ENABLE_BY_DEFAULT
10976,IRQ_TIME_ACCOUNTING
10977,USB_DWC2_HOST
10978,PWM_SUN4I
10979,TCG_TIS_SPI_CR50
10980,PINCTRL_SM8250
10981,ZRAM_WRITEBACK
10982,DEBUG_WX
10983,GREYBUS_ARCHE
10984,RTC_DRV_AT91SAM9
10985,GPIO_ASPEED
10986,FSCACHE_HISTOGRAM
10987,DEVTMPFS
10988,PROC_CPU_RESCTRL
10989,I8253_LOCK
10990,PCSPKR_PLATFORM
10991,ACCESSIBILITY
10992,REED_SOLOMON_DEC16
10993,X86_MCELOG_LEGACY
10994,MOUSE_PS2_VMMOUSE
10995,MOUSE_PS2_SENTELIC
10996,MILBEAUT_HDMAC
10997,I2C_COMPAT
10998,PAGE_POISONING_ZERO
10999,VT_CONSOLE_SLEEP
11000,PHY_XGENE
11001,GPIO_BRCMSTB
11002,PANIC_ON_OOPS
11003,HW_RANDOM_KEYSTONE
11004,VIRTIO_MENU
11005,CROSS_MEMORY_ATTACH
11006,UTS_NS
11007,TASKS_TRACE_RCU_READ_MB
11008,STATIC_KEYS_SELFTEST
11009,DEBUG_MEMORY_INIT
11010,ARMADA_THERMAL
11011,ELFCORE
11012,BINFMT_ELF
11013,MTD_CFI_GEOMETRY
11014,RESET_INTEL_GW
11015,UNIPHIER_THERMAL
11016,PM_TRACE
11017,PM_TRACE_RTC
11018,HID_PICOLCD_LEDS
11019,MTD_MAP_BANK_WIDTH_8
11020,MFD_CS47L92
11021,PINCTRL_CS47L92
11022,88EU_AP_MODE
11023,CLZ_TAB
11024,PINCTRL_CS47L90
11025,MFD_CS47L90
11026,SCHED_AUTOGROUP
11027,PINCTRL_TI_IODELAY
11028,W1_MASTER_MXC
11029,PINCTRL_MSM8960
11030,GPIO_SYSFS
11031,MTD_NAND_DISKONCHIP_BBTWRITE
11032,SOC_TI
11033,COREDUMP
11034,STAGING
11035,SPI_SLAVE_MT27XX
11036,ANDROID_BINDER_IPC
11037,GPIO_RASPBERRYPI_EXP
11038,MTD_COMPLEX_MAPPINGS
11039,I2C_TEGRA_BPMP
11040,DOVE_THERMAL
11041,IO_STRICT_DEVMEM
11042,GPIO_PMIC_EIC_SPRD
11043,INPUT_SC27XX_VIBRA
11044,TRANSPARENT_HUGEPAGE
11045,TRANSPARENT_HUGEPAGE_ALWAYS
11046,ARCH_ENABLE_THP_MIGRATION
11047,MOUSE_PS2_CYPRESS
11048,BASE_FULL
11049,MTD_ONENAND_OTP
11050,MOUSE_ELAN_I2C_I2C
11051,MAGIC_SYSRQ_SERIAL
11052,IDLE_INJECT
11053,I2C_PMCMSP
11054,ATH11K_TRACING
11055,DECOMPRESS_XZ
11056,RD_XZ
11057,LOGO_LINUX_MONO
11058,FSL_DPAA2_ETHSW
11059,PARPORT_PC_SUPERIO
11060,V4L2_H264
11061,LEDS_BRIGHTNESS_HW_CHANGED
11062,PHY_SUN4I_USB
11063,RTC_DRV_JZ4740
11064,PHY_QCOM_USB_SNPS_FEMTO_V2
11065,REGULATOR_DEBUG
11066,DEBUG_BUGVERBOSE
11067,VIDEO_HANTRO
11068,SAMPLE_HIDRAW
11069,KEY_NOTIFICATIONS
11070,SECTION_MISMATCH_WARN_ONLY
11071,RTC_DRV_SNVS
11072,USB_ISP1362_HCD
11073,VIDEO_ADV7511_CEC
11074,X86_MCE_INTEL
11075,X86_THERMAL_VECTOR
11076,X86_SMAP
11077,DMABUF_HEAPS
11078,PERSISTENT_KEYRINGS
11079,ARM_TEGRA_DEVFREQ
11080,TS4800_WATCHDOG
11081,IMA_ARCH_POLICY
11082,PINCTRL_IPQ4019
11083,SERIAL_8250_SHARE_IRQ
11084,MTD_NAND_ECC_SW_HAMMING_SMC
11085,MTD_UBI_FASTMAP
11086,PCI_AARDVARK
11087,PCI_BRIDGE_EMUL
11088,GENERIC_BUG_RELATIVE_POINTERS
11089,BUG
11090,GENERIC_BUG
11091,PWM_SPEAR
11092,XZ_DEC_ARM
11093,EXYNOS_THERMAL
11094,MTD_PCMCIA_ANONYMOUS
11095,MFD_SM501_GPIO
11096,SND_SOC_SOF_IMX8M_SUPPORT
11097,CGROUP_HUGETLB
11098,EARLY_PRINTK
11099,XZ_DEC_X86
11100,HEADERS_INSTALL
11101,DMIID
11102,PARPORT_PC_FIFO
11103,SAMPLE_ANDROID_BINDERFS
11104,MILBEAUT_XDMAC
11105,SAMPLE_AUXDISPLAY
11106,SCHED_HRTICK
11107,HIGH_RES_TIMERS
11108,BATTERY_OLPC
11109,SAMPLE_TIMER
11110,SND_SOC_SOF_IMX_TOPLEVEL
11111,DEFAULT_RENO
11112,PHY_UNIPHIER_PCIE
11113,LEDS_PCA955X_GPIO
11114,CRYPTO_DEV_AMLOGIC_GXL_DEBUG
11115,PHY_UNIPHIER_USB2
11116,CRYPTO_DRBG_CTR
11117,PINCTRL_QCOM_SSBI_PMIC
11118,SERIAL_QE
11119,JZ4780_EFUSE
11120,JFFS2_FS_SECURITY
11121,JUMP_LABEL
11122,PHY_BRCM_SATA
11123,PINCTRL_MSM8998
11124,SLUB_DEBUG
11125,X86_FEATURE_NAMES
11126,CGROUP_PERF
11127,HI3660_MBOX
11128,KEXEC_SIG
11129,FB_INTEL_I2C
11130,BCMA_DEBUG
11131,ARCH_MEMORY_PROBE
11132,ENABLE_DEFAULT_TRACERS
11133,FSCACHE_STATS
11134,AUXDISPLAY
11135,CHARLCD_BL_FLASH
11136,HWMON_DEBUG_CHIP
11137,SERIAL_SC16IS7XX_SPI
11138,CPU_IDLE_THERMAL
11139,PHY_BERLIN_SATA
11140,SERIAL_8250_MANY_PORTS
11141,IMA_SECURE_AND_OR_TRUSTED_BOOT
11142,IPMI_PANIC_EVENT
11143,MTD_DATAFLASH_OTP
11144,FPGA_MGR_ZYNQ_FPGA
11145,QCOM_AOSS_QMP
11146,IPMI_PLAT_DATA
11147,HWSPINLOCK
11148,PM_ADVANCED_DEBUG
11149,CRYPTO_DEV_PICOXCELL
11150,FONT_6x11
11151,MOUSE_PS2_LOGIPS2PP
11152,STACKLEAK_METRICS
11153,POWER_RESET_MT6323
11154,DMI
11155,DMI_SCAN_MACHINE_NON_EFI_FALLBACK
11156,SND_SOC_SOF_IMX8_SUPPORT
11157,SAMPLE_PIDFD
11158,EVENT_TRACE_TEST_SYSCALLS
11159,MEDIA_CEC_SUPPORT
11160,I2C_DEBUG_ALGO
11161,BCMA_SFLASH
11162,RT2800USB_RT35XX
11163,TEGRA_VDE
11164,PINCTRL_CS47L85
11165,MFD_CS47L85
11166,QCOM_FASTRPC
11167,ISA_BUS_API
11168,CORE_DUMP_DEFAULT_ELF_HEADERS
11169,WATCHDOG_PRETIMEOUT_GOV
11170,I2C_MESON
11171,SYSFS_DEPRECATED
11172,FW_LOADER_COMPRESS
11173,PINCTRL_IPQ6018
11174,VIDEO_VIVID_CEC
11175,SENSORS_BT1_PVT
11176,SLAB_FREELIST_HARDENED
11177,I2C_BCM2835
11178,FW_CFG_SYSFS_CMDLINE
11179,DEBUG_VM_PGTABLE
11180,VIRT_DRIVERS
11181,COMEDI_MISC_DRIVERS
11182,PSTORE_ZSTD_COMPRESS_DEFAULT
11183,FSCACHE_DEBUG
11184,IPMI_DMI_DECODE
11185,PHY_J721E_WIZ
11186,DMA_API_DEBUG_SG
11187,PINCTRL_MSM8X74
11188,PCI_HOST_THUNDER_PEM
11189,GPIO_TS4800
11190,HW_RANDOM_EXYNOS
11191,ARM_SMMU_LEGACY_DT_BINDINGS
11192,WATCHDOG_PRETIMEOUT_DEFAULT_GOV_PANIC
11193,EVENTFD
11194,HISI_THERMAL
11195,SLAB_MERGE_DEFAULT
11196,ION_CMA_HEAP
11197,CRYPTO_DRBG_HASH
11198,EISA_VIRTUAL_ROOT
11199,STATIC_USERMODEHELPER
11200,ION
11201,DMABUF_MOVE_NOTIFY
11202,SERIAL_NONSTANDARD
11203,PHY_MESON8B_USB2
11204,PWM_MXS
11205,PHY_ROCKCHIP_TYPEC
11206,PERCPU_STATS
11207,MEMORY_FAILURE
11208,DMA_SHARED_BUFFER
11209,DEFAULT_DCTCP
11210,WATCHDOG_NOWAYOUT
11211,DEVFREQ_THERMAL
11212,ARM_TEGRA20_DEVFREQ
11213,UNIPHIER_MDMAC
11214,SPI_MESON_SPICC
11215,PHY_MESON_G12A_USB2
11216,FUTEX
11217,FUTEX_PI
11218,LOCK_DOWN_KERNEL_FORCE_NONE
11219,SECURITY_LOCKDOWN_LSM
11220,IMA_APPRAISE_REQUIRE_FIRMWARE_SIGS
11221,KEXEC_SIG_FORCE
11222,PWM_BCM_IPROC
11223,IMA_READ_POLICY
11224,SAMPLE_VFS
11225,MOUSE_PS2_BYD
11226,XZ_DEC_POWERPC
11227,QCOM_SMD_RPM
11228,PCIE_QCOM
11229,MEMBARRIER
11230,SLUB_STATS
11231,PHY_MESON_AXG_PCIE
11232,MEM_SOFT_DIRTY
11233,I2C_HELPER_AUTO
11234,LDISC_AUTOLOAD
11235,RD_LZ4
11236,DECOMPRESS_LZ4
11237,COMEDI_SSV_DNP
11238,A11Y_BRAILLE_CONSOLE
11239,HI13X1_GMAC
11240,SYMBOLIC_ERRNAME
11241,SAMPLES
11242,PHY_EXYNOS_DP_VIDEO
11243,SIGNALFD
11244,SOFT_WATCHDOG_PRETIMEOUT
11245,HSI_BOARDINFO
11246,KEYBOARD_SH_KEYSC
11247,SND_SOC_INTEL_GLK_RT5682_MAX98357A_MACH
11248,EVM
11249,GENERIC_IRQ_DEBUGFS
11250,FW_LOADER_USER_HELPER_FALLBACK
11251,CMDLINE_BOOL
11252,GPIO_EIC_SPRD
11253,GPIO_LPC18XX
11254,HARDENED_USERCOPY
11255,PWM_IMX_TPM
11256,RTC_DRV_OMAP
11257,IMA_APPRAISE_MODSIG
11258,MTD_PHYSMAP_GPIO_ADDR
11259,PSTORE_842_COMPRESS_DEFAULT
11260,RCU_EXPERT
11261,RANDOM_TRUST_BOOTLOADER
11262,HW_RANDOM_NPCM
11263,MTD_CFI_ADV_OPTIONS
11264,MTD_CFI_NOSWAP
11265,USB_MUSB_HOST
11266,CFS_BANDWIDTH
11267,FONT_SUN8x16
11268,CROS_EC_PROTO
11269,FANOTIFY
11270,MTD_CFI_I8
11271,MFD_WM8997
11272,SERIAL_8250_DEPRECATED_OPTIONS
11273,MTD_NAND_DISKONCHIP_PROBE_ADVANCED
11274,MTD_REDBOOT_PARTS_UNALLOCATED
11275,PINCTRL_DA850_PUPD
11276,MOUSE_PS2_ELANTECH_SMBUS
11277,REGULATOR
11278,UAPI_HEADER_TEST
11279,DEBUG_SECTION_MISMATCH
11280,UNIPHIER_XDMAC
11281,VGACON_SOFT_SCROLLBACK
11282,MTD_PARTITIONED_MASTER
11283,QE_TDM
11284,UCC_FAST
11285,EISA_VLB_PRIMING
11286,RTC_DRV_LPC24XX
11287,SND_SOC_SOF_FORCE_NOCODEC_MODE
11288,OVERLAY_FS_REDIRECT_ALWAYS_FOLLOW
11289,PINCTRL_MDM9615
11290,GPIO_UNIPHIER
11291,EVM_LOAD_X509
11292,PWM_MESON
11293,PCI_HISI
11294,SAMPLE_WATCH_QUEUE
11295,SENSORS_RASPBERRYPI_HWMON
11296,PHY_MESON_G12A_USB3_PCIE
11297,RTC_DRV_BRCMSTB
11298,MFD_CORE
11299,USB_ISP1760_HOST_ROLE
11300,PROFILING
11301,INTEGRITY
11302,BUG_ON_DATA_CORRUPTION
11303,SYSFS_DEPRECATED_V2
11304,PWM_STI
11305,TOUCHSCREEN_RASPBERRYPI_FW
11306,EXYNOS5422_DMC
11307,OVERLAY_FS_INDEX
11308,PHY_BERLIN_USB
11309,SERIAL_CORE_CONSOLE
11310,USB_MUSB_JZ4740
11311,CARL9170_DEBUGFS
11312,SYSTEM_BLACKLIST_KEYRING
11313,FIRMWARE_MEMMAP
11314,MTD_PARSER_IMAGETAG
11315,PHY_MESON_AXG_MIPI_PCIE_ANALOG
11316,CHROME_PLATFORMS
11317,DEVMEM
11318,PINCTRL_SPRD_SC9860
11319,PINCTRL_SPRD
11320,DEBUG_RODATA_TEST
11321,IMA_LOAD_X509
11322,UNIX98_PTYS
11323,PINCTRL_SC7180
11324,PARPORT_1284
11325,PCI_HOST_THUNDER_ECAM
11326,POWER_AVS
11327,SERIAL_HS_LPC32XX_CONSOLE
11328,LP_CONSOLE
11329,PINCTRL_CS47L35
11330,MFD_CS47L35
11331,X86_IOPL_IOPERM
11332,MICROCODE_AMD
11333,IMA_TRUSTED_KEYRING
11334,ANDROID_BINDER_IPC_SELFTEST
11335,PAGE_REPORTING
11336,USB_MTU3
11337,UID16
11338,TURRIS_MOX_RWTM
11339,REGMAP_IRQ
11340,WATCH_QUEUE
11341,KSM
11342,PINCTRL_MSM8996
11343,PCI_LAYERSCAPE
11344,MEMORY_HOTPLUG_DEFAULT_ONLINE
11345,GPIO_PCA953X_IRQ
11346,SECURITY
11347,FANOTIFY_ACCESS_PERMISSIONS
11348,PINCTRL_APQ8064
11349,PINCTRL_APQ8084
11350,PHY_MTK_UFS
11351,VT
11352,HW_CONSOLE
11353,DUMMY_CONSOLE
11354,STRIP_ASM_SYMS
11355,MTD_MAP_BANK_WIDTH_32
11356,QCOM_WCNSS_CTRL
11357,DEFAULT_CDG
11358,HVC_DRIVER
11359,RANDOM32_SELFTEST
11360,PHY_BCM_SR_USB
11361,MTRR
11362,INFINIBAND_HNS_HIP06
11363,PSTORE_LZ4HC_COMPRESS_DEFAULT
11364,REGMAP_MMIO
11365,SERIAL_SC16IS7XX_I2C
11366,PROC_KCORE
11367,ARCH_PROC_KCORE_TEXT
11368,POWER_RESET_RESTART
11369,PCI_DRA7XX
11370,CLEANCACHE
11371,SND_ATMEL_SOC_PDC
11372,SND_ATMEL_SOC_DMA
11373,EVM_ADD_XATTRS
11374,MTD_NAND_DISKONCHIP_PROBE_HIGH
11375,ATH11K_DEBUG
11376,OVERLAY_FS_METACOPY
11377,SUSPEND
11378,SUSPEND_FREEZER
11379,PHY_UNIPHIER_USB3
11380,OVERLAY_FS_XINO_AUTO
11381,PHY_CYGNUS_PCIE
11382,SPEAR_THERMAL
11383,MOUSE_PS2_ELANTECH
11384,ION_SYSTEM_HEAP
11385,PROC_CHILDREN
11386,RTC_DRV_AT91RM9200
11387,MEMTEST
11388,QCOM_RPMHPD
11389,PCI_LAYERSCAPE_EP
11390,PCI_XGENE
11391,PAGE_POISONING_NO_SANITY
11392,KERNFS
11393,IRQ_SIM
11394,EXPORTFS_BLOCK_OPS
11395,CGROUP_DEVICE
11396,PCI_DRA7XX_HOST
11397,GOLDFISH
11398,ALLOW_DEV_COREDUMP
11399,GPIO_EM
11400,X86_SYSFB
11401,VIDEO_EXYNOS4_ISP_DMA_CAPTURE
11402,PHY_BRCM_USB
11403,TOUCHSCREEN_IPROC
11404,INIT_ON_ALLOC_DEFAULT_ON
11405,X86_CHECK_BIOS_CORRUPTION
11406,DEFAULT_BBR
11407,FONT_SUN12x22
11408,PCIE_KIRIN
11409,WATCHDOG_SYSFS
11410,SERIAL_MILBEAUT_USIO
11411,PINCTRL_MSM8994
11412,PWM_OMAP_DMTIMER
11413,USELIB
11414,X86_GOLDFISH
11415,PINCTRL_SDM660
11416,CHECKPOINT_RESTORE
11417,IMA_APPRAISE_SIGNED_INIT
11418,IMX_IPUV3_CORE
11419,SPI_SH_MSIOF
11420,MEMSTICK_UNSAFE_RESUME
11421,BCM2835_WDT
11422,MANDATORY_FILE_LOCKING
11423,GLOB
11424,MAX77620_WATCHDOG
11425,IMA_APPRAISE_REQUIRE_KEXEC_SIGS
11426,HW_RANDOM_STM32
11427,DMA_ENGINE_RAID
11428,POWERCAP
11429,W1_SLAVE_DS2433_CRC
11430,PINCTRL_SM8150
11431,STRICT_DEVMEM
11432,ANDROID_BINDERFS
11433,INIT_ON_FREE_DEFAULT_ON
11434,LEGACY_PTYS
11435,PCIE_UNIPHIER_EP
11436,IMA_APPRAISE_REQUIRE_POLICY_SIGS
11437,PHY_QCOM_IPQ4019_USB
11438,WATCHDOG_PRETIMEOUT_DEFAULT_GOV_NOOP
11439,MFD_WM5102
11440,FONT_AUTOSELECT
11441,MOUSE_ELAN_I2C_SMBUS
11442,WATCHDOG_CORE
11443,WATCHDOG
11444,ZSMALLOC_STAT
11445,RCAR_GEN3_THERMAL
11446,X86_EXTENDED_PLATFORM
11447,GPIO_BCM_XGS_IPROC
11448,PHY_BCM_NS_USB2
11449,PCIE_ROCKCHIP_EP
11450,IMX8MM_THERMAL
11451,VIDEO_OMAP3_DEBUG
11452,VIRTIO_MMIO_CMDLINE_DEVICES
11453,GPIO_LPC32XX
11454,UEVENT_HELPER
11455,SPI_AT91_USART
11456,MFD_CS47L24
11457,GPIO_TEGRA186
11458,FSCACHE_OBJECT_LIST
11459,AIO
11460,RESET_UNIPHIER
11461,VMAP_STACK
11462,SERIAL_8250_16550A_VARIANTS
11463,DECOMPRESS_BZIP2
11464,RD_BZIP2
11465,SPARSEMEM_VMEMMAP
11466,MEDIA_CONTROLLER_REQUEST_API
11467,RT_GROUP_SCHED
11468,PWM_BCM_KONA
11469,ABX500_CORE
11470,ST_LPC_WATCHDOG
11471,FS_VERITY_DEBUG
11472,IMA_APPRAISE
11473,PHY_LANTIQ_RCU_USB2
11474,PCI_DRA7XX_EP
11475,PCI_V3_SEMI
11476,USB_SERIAL_SAFE_PADDED
11477,PCMCIA_LOAD_CIS
11478,FSL_MC_DPIO
11479,PCI_XGENE_MSI
11480,RTC_NVMEM
11481,REED_SOLOMON_ENC16
11482,PINCTRL_MT6765
11483,UNISYSSPAR
11484,PHY_MTK_TPHY
11485,PHY_BCM_SR_PCIE
11486,IMA_DEFAULT_HASH_SHA1
11487,IMA
11488,IMA_NG_TEMPLATE
11489,SERIAL_CORE
11490,STACKPROTECTOR_STRONG
11491,IMA_APPRAISE_REQUIRE_MODULE_SIGS
11492,SERIAL_MILBEAUT_USIO_CONSOLE
11493,PINCTRL_IPQ8074
11494,SENSORS_ARM_SCMI
11495,PCIE_UNIPHIER
11496,RD_LZMA
11497,DECOMPRESS_LZMA
11498,TTY
11499,IMA_WRITE_POLICY
11500,MFD_HI655X_PMIC
11501,FS_ENCRYPTION
11502,SECURITY_YAMA
11503,MFD_MAX77620
11504,I2C_DEBUG_BUS
11505,OPROFILE_EVENT_MULTIPLEX
11506,NET_DSA_SJA1105_VL
11507,I2C_GPIO_FAULT_INJECTOR
11508,FS_VERITY
11509,HID_PICOLCD_LCD
11510,MFD_WM8998
11511,OVERLAY_FS_REDIRECT_DIR
11512,DEVTMPFS_MOUNT
11513,RC_DEVICES
11514,FB_INTEL_DEBUG
11515,ASM9260_WATCHDOG
11516,IKCONFIG_PROC
11517,GENERIC_PHY
11518,PINCTRL_QCS404
11519,IMA_APPRAISE_BUILD_POLICY
11520,PHY_MVEBU_A38X_COMPHY
11521,X86_VERBOSE_BOOTUP
11522,PINCTRL_QDF2XXX
11523,MTD_ONENAND_VERIFY_WRITE
11524,KEYBOARD_EP93XX
11525,DEFAULT_VEGAS
11526,KEYBOARD_ST_KEYSCAN
11527,ARCH_HAS_KEXEC_PURGATORY
11528,KEXEC_FILE
11529,active_options
11530,cid
