,feature
0,DEBUG_INFO
1,DEBUG_INFO_REDUCED
2,DEBUG_INFO_SPLIT
3,RANDOMIZE_BASE
4,X86_NEED_RELOCS
5,STRICT_MODULE_RWX
6,DRM_NOUVEAU
7,MODULES
8,DRM_GMA500
9,DEBUG_INFO_COMPRESSED
10,GCOV_PROFILE_ALL
11,INTEL_GTT
12,DRM_TTM_HELPER
13,I2C_NVIDIA_GPU
14,DRM_AMDGPU
15,DYNAMIC_PHYSICAL_MASK
16,AMD_MEM_ENCRYPT
17,DMA_COHERENT_POOL
18,ARCH_HAS_FORCE_DMA_UNENCRYPTED
19,BLK_MQ_PCI
20,DRM_TTM
21,DRM_RADEON
22,L2TP
23,UBSAN_ALIGNMENT
24,UBSAN_SANITIZE_ALL
25,DRM_TTM_DMA_PAGE_POOL
26,KCOV_INSTRUMENT_ALL
27,GRO_CELLS
28,SERIO_PCIPS2
29,DIMLIB
30,DRM_QXL
31,ATM
32,DRM_VRAM_HELPER
33,LOCK_STAT
34,SKB_EXTENSIONS
35,MMU_NOTIFIER
36,FB_DDC
37,SBITMAP
38,IP_SCTP
39,OCFS2_DEBUG_MASKLOG
40,FB_CIRRUS
41,BLK_MQ_RDMA
42,SND_HDA
43,RAPIDIO_ENUM_BASIC
44,FB_ARK
45,SND_HDA_GENERIC
46,DRM_I915
47,VMXNET3
48,DRM_NOUVEAU_BACKLIGHT
49,FB_NEOMAGIC
50,PROVE_LOCKING
51,SATA_ACARD_AHCI
52,STACKDEPOT
53,SND_SOC_RT5663
54,SPI_AMD
55,SCSI_ISCSI_ATTRS
56,DRM_BOCHS
57,PROVE_RCU
58,UDF_FS
59,NET_DSA_MT7530
60,USB_G_DBGP
61,CONNECTOR
62,CEPH_LIB
63,BRIDGE
64,AMIGA_PARTITION
65,TARGET_CORE
66,MLX5_CORE
67,XFRM_IPCOMP
68,INET6_ESP
69,RFKILL_GPIO
70,I2C_SIS5595
71,NET_IPVTI
72,OCFS2_FS
73,HID_CHICONY
74,XFRM_OFFLOAD
75,NET_DEVLINK
76,PCI_SW_SWITCHTEC
77,STREAM_PARSER
78,DELL_RBTN
79,DNS_RESOLVER
80,SERIAL_8250_MID
81,BATMAN_ADV_TRACING
82,INET6_AH
83,HP_ILO
84,FB_SAVAGE
85,NET_SWITCHDEV
86,MDIO_XPCS
87,IBM_ASM
88,SCSI_FC_ATTRS
89,LLC
90,USB_F_ACM
91,MII
92,DQL
93,HID_WIIMOTE
94,MSI_WMI
95,QRTR
96,SND_SOC_WM_ADSP
97,BLK_SED_OPAL
98,SND_HDA_CORE
99,BT_MTKUART
100,JBD2
101,DEBUG_LOCK_ALLOC
102,DRM_CIRRUS_QEMU
103,LOCKDEP
104,MDIO_CAVIUM
105,TIFM_CORE
106,MDIO
107,SND_SOC_RT5682_I2C
108,NVME_CORE
109,SG_POOL
110,AF_RXRPC
111,SND_SOC_RT5651
112,SND_SOC_SI476X
113,BQL
114,SND_SOC_RT5670
115,BT_HCIVHCI
116,CRYPTO_USER_API_AEAD
117,LWTUNNEL
118,IOMMU_API
119,ATM_LANE
120,CRYPTO_GCM
121,SND_HDA_EXT_CORE
122,NET_VENDOR_NETERION
123,XFRM_AH
124,LLC2
125,VLAN_8021Q
126,FAILOVER
127,XFS_FS
128,GENERIC_NET_UTILS
129,MAXSMP
130,NET
131,PHYLINK
132,NET_IPIP
133,USB_F_MASS_STORAGE
134,HAVE_NET_DSA
135,AMD_NB
136,BLK_PM
137,CRYPTO_USER_API
138,ADFS_FS_RW
139,TCP_CONG_CUBIC
140,NET_VENDOR_CHELSIO
141,DRM_VMWGFX
142,DRM_MIPI_DSI
143,FB_UVESA
144,FUSION_FC
145,INFINIBAND_USER_ACCESS
146,UFS_FS_WRITE
147,HID_GEMBIRD
148,LEDS_LM3530
149,FB_S3_DDC
150,OCFS2_FS_O2CB
151,RDS
152,HID_AUREAL
153,SCSI_ENCLOSURE
154,RFKILL
155,BLK_INLINE_ENCRYPTION
156,HID_PLANTRONICS
157,SERIAL_IFX6X60
158,FS_MBCACHE
159,DRM_VBOXVIDEO
160,NFC
161,EROFS_FS_ZIP
162,GPIO_BT8XX
163,TERANETICS_PHY
164,HABANA_AI
165,BT_MRVL
166,UFS_FS
167,BT_HCIBTSDIO
168,NET_IFE
169,SENSORS_K8TEMP
170,MAPPING_DIRTY_HELPERS
171,BCM_NET_PHYLIB
172,EXT3_FS
173,MPLS
174,HID_SUNPLUS
175,CROS_EC_DEBUGFS
176,HID_LED
177,USB_F_SERIAL
178,BLK_DEV_IDETAPE
179,SECCOMP_FILTER
180,INET_ESP
181,NLATTR
182,SND_SOC_HDAC_HDA
183,BLK_DEV_ALI15X3
184,IBM_RTL
185,ATALK
186,WIMAX
187,FB_MB862XX
188,NET_DSA_TAG_LAN9303
189,BLK_DEV_INTEGRITY_T10
190,LCD_AMS369FG06
191,MFD_VX855
192,MDIO_THUNDER
193,MISC_RTSX_USB
194,HID_ZYDACRON
195,SND_SOC_RT5514
196,HID_VIEWSONIC
197,SENSORS_I5K_AMB
198,HID_GENERIC
199,INFINIBAND_ON_DEMAND_PAGING
200,CAN_KVASER_USB
201,INET_TUNNEL
202,HID_PICOLCD
203,BTRFS_FS
204,SND_SOC_TLV320AIC32X4
205,BLK_DEV_BSGLIB
206,COMPAL_LAPTOP
207,HID_GFRM
208,PHY_QCOM_USB_HSIC
209,SENSORS_ADC128D818
210,BCM84881_PHY
211,NET_VENDOR_CISCO
212,VIDEO_OV7740
213,SCSI_NETLINK
214,EISA_VLB_PRIMING
215,UNIX
216,USB_LINK_LAYER_TEST
217,DVB_MXL5XX
218,INFINIBAND_MTHCA
219,BLK_DEV_BSG
220,NET_NSH
221,UNIX98_PTYS
222,NET_VENDOR_CORTINA
223,BCM7XXX_PHY
224,SENSORS_ADM1026
225,PACKET
226,BLK_DEV_CMD64X
227,FB_SVGALIB
228,NET_RX_BUSY_POLL
229,CAN_C_CAN
230,CAN_GW
231,MSPRO_BLOCK
232,USBIP_VUDC
233,ETHTOOL_NETLINK
234,XFRM_ALGO
235,CHR_DEV_SG
236,CAN
237,SSB_PCIHOST_POSSIBLE
238,MFD_DA9062
239,SND_SOC_RT298
240,FAT_FS
241,SND_SOC_TAS5086
242,USB_F_ECM
243,INET6_XFRM_TUNNEL
244,HID_SENSOR_HUB
245,FIB_RULES
246,GARP
247,ACENIC
248,CRYPTO_USER
249,NET_UDP_TUNNEL
250,AGP_SIS
251,CRYPTO_USER_API_RNG
252,NET_SCH_PRIO
253,INET
254,SND_SOC_AK5386
255,PSAMPLE
256,INET_XFRM_TUNNEL
257,DEBUG_KMEMLEAK
258,NILFS2_FS
259,SCTP_DEFAULT_COOKIE_HMAC_MD5
260,EFS_FS
261,CHT_DC_TI_PMIC_OPREGION
262,VIDEO_OV772X
263,SCHED_DEBUG
264,BT_HCIBFUSB
265,IP_DCCP_CCID2_DEBUG
266,ARCH_USE_MEMREMAP_PROT
267,UCLAMP_TASK_GROUP
268,BNX2X
269,PANIC_ON_OOPS
270,DRM_I915_GVT
271,EXT4_KUNIT_TESTS
272,MQ_IOSCHED_DEADLINE
273,NETWORK_FILESYSTEMS
274,HFS_FS
275,SECURITY_TOMOYO_OMIT_USERSPACE_LOADER
276,INTERVAL_TREE
277,I2C_MUX_PCA954x
278,RFKILL_INPUT
279,FUJITSU_TABLET
280,EXT4_FS
281,USB_STORAGE_REALTEK
282,NETDEVICES
283,USB_CXACRU
284,NVME_FABRICS
285,SCSI_SAS_ATTRS
286,APPLE_GMUX
287,NET_SOCK_MSG
288,ENCLOSURE_SERVICES
289,SND_SOC_RT286
290,SND_SOC_WM8996
291,GPIO_UCB1400
292,UIO_CIF
293,TOUCHSCREEN_MTOUCH
294,SND_SOC_RT5660
295,QED_FCOE
296,MXM_WMI
297,CAN_VXCAN
298,ICPLUS_PHY
299,IPV6_MIP6
300,ADFS_FS
301,IP_DCCP
302,SENSORS_THMC50
303,CFG80211_REQUIRE_SIGNED_REGDB
304,6LOWPAN
305,LEDS_MLXCPLD
306,NET_DSA_MV88E6XXX
307,IIO_DUMMY_EVGEN
308,NET_IP_TUNNEL
309,SPI_MEM
310,FS_DAX
311,BLK_CMDLINE_PARSER
312,SPI_SIFIVE
313,SERIAL_MAX3100
314,EFI_PARTITION
315,CRYPTO_USER_API_SKCIPHER
316,USB4_NET
317,RFS_ACCEL
318,LXT_PHY
319,NETWORK_SECMARK
320,BATMAN_ADV
321,INTEL_OAKTRAIL
322,BLK_DEV_OFFBOARD
323,BT_HCIDTL1
324,DRM_SCHED
325,BNX2
326,RPMSG_CHAR
327,BACKLIGHT_TPS65217
328,UCB1400_CORE
329,SERIAL_8250_PNP
330,FB_BACKLIGHT
331,VGA_CONSOLE
332,HP_WMI
333,IOMMU_SUPPORT
334,SCSI_SPI_ATTRS
335,CHELSIO_T1
336,DST_CACHE
337,MSDOS_FS
338,NET_IFE_SKBPRIO
339,BLK_MQ_VIRTIO
340,BT
341,CHR_DEV_SCH
342,DEV_COREDUMP
343,AD7124
344,SCTP_COOKIE_HMAC_MD5
345,VIDEO_LM3560
346,INET_RAW_DIAG
347,VIDEO_FB_IVTV
348,INTEL_SOC_PMIC_CHTDC_TI
349,OMFS_FS
350,POSIX_MQUEUE
351,SYSFS_DEPRECATED_V2
352,FUJITSU_LAPTOP
353,ARCNET
354,MARVELL_10G_PHY
355,NVME_TARGET_TCP
356,PKCS7_TEST_KEY
357,RDMA_RXE
358,DRM_NOUVEAU_SVM
359,CRYPTO_LIB_BLAKE2S
360,LPC_ICH
361,STP
362,PATA_IT8213
363,EROFS_FS
364,VIDEO_SMIAPP_PLL
365,NTFS_FS
366,IOSF_MBI_DEBUG
367,LAPB
368,VFAT_FS
369,DLM
370,SPI_DEBUG
371,VIRTIO_BALLOON
372,TEXTSEARCH
373,DRM_I810
374,XOR_BLOCKS
375,CPUMASK_OFFSTACK
376,GADGET_UAC1
377,SND_SOC_NAU8825
378,INFINIBAND_I40IW
379,LOOPBACK_TARGET
380,SCSI_GDTH
381,HID_PANTHERLORD
382,VME_BUS
383,INTEL_MEI_ME
384,HID_GYRATION
385,SATA_INIC162X
386,IRQ_POLL
387,SENSORS_HIH6130
388,FB_KYRO
389,RAID6_PQ
390,SENSORS_NCT6775
391,NET_MPLS_GSO
392,RAW_DRIVER
393,CPU_RMAP
394,HSR
395,NET_DSA_TAG_KSZ
396,WEXT_CORE
397,INFINIBAND_EFA
398,REALTEK_PHY
399,SENSORS_LM90
400,SATA_AHCI
401,SATA_HOST
402,WAN
403,F2FS_FS_SECURITY
404,DRM_AST
405,W1_CON
406,FIXED_PHY
407,BLK_DEV_SD
408,VIRTIO_VSOCKETS_COMMON
409,CROS_EC_PROTO
410,VLAN_8021Q_MVRP
411,SERIO_ARC_PS2
412,RAID_ATTRS
413,RPS
414,NFC_NCI
415,BLK_DEV_PDC202XX_NEW
416,SND_SOC_HDAC_HDMI
417,PCI200SYN
418,TYPEC_NVIDIA_ALTMODE
419,INET_UDP_DIAG
420,NET_KEY_MIGRATE
421,BCM54140_PHY
422,GART_IOMMU
423,B53_SERDES
424,USB_SERIAL_OMNINET
425,SENSORS_ISL68137
426,SND_SOC_RT1011
427,NET_VENDOR_SILAN
428,SOUNDWIRE
429,SCSI_SCAN_ASYNC
430,DRM_TDFX
431,STM_SOURCE_HEARTBEAT
432,MDIO_BITBANG
433,TI_ADC128S052
434,MICROCODE
435,NET_VENDOR_SIS
436,ASYMMETRIC_TPM_KEY_SUBTYPE
437,SLHC
438,MFD_SMSC
439,SERIAL_LANTIQ
440,SCSI_DMA
441,SQUASHFS
442,FS_IOMAP
443,I2C_AMD756
444,BLK_DEBUG_FS
445,SENSORS_LIS3_I2C
446,UNIXWARE_DISKLABEL
447,DRM_I915_COMPRESS_ERROR
448,BLK_SCSI_REQUEST
449,WM831X_BACKUP
450,NET_VENDOR_RDC
451,CHECKPOINT_RESTORE
452,IPV6_RPL_LWTUNNEL
453,SPI_GPIO
454,BNXT_FLOWER_OFFLOAD
455,FAIL_MMC_REQUEST
456,NFC_PN533_USB
457,DRM_PARADE_PS8640
458,IPV6_VTI
459,UNIX_DIAG
460,MMC_USHC
461,USB_NET_RNDIS_WLAN
462,INET6_TUNNEL
463,BLK_DEV_IDEDMA_PCI
464,NET_VENDOR_MICREL
465,VIDEO_THS7303
466,DEFAULT_SECURITY_DAC
467,DRM_VGEM
468,IKHEADERS
469,BT_SELFTEST
470,MSDOS_PARTITION
471,DRM_VMWGFX_FBCON
472,NET_SB1000
473,XPS
474,USB_MAX3421_HCD
475,ISCSI_BOOT_SYSFS
476,LEDS_MAX8997
477,MTD_BLOCK2MTD
478,SND_SOC_RT711_SDW
479,EXT4_FS_SECURITY
480,NVME_TCP
481,CRYPTO_AUTHENC
482,SENSORS_AMC6821
483,NET_FLOW_LIMIT
484,NET_NCSI
485,XFS_POSIX_ACL
486,NET_INGRESS
487,SPI_ZYNQMP_GQSPI
488,AD525X_DPOT_I2C
489,GPIO_TWL4030
490,LEGACY_PTYS
491,FAIL_IO_TIMEOUT
492,SCSI_LOWLEVEL
493,DRM_DEBUG_MM
494,PAGE_POOL
495,MEDIA_TUNER_MT2131
496,INTEL_MEI_TXE
497,FDDI
498,XFRM
499,PCI_EPF_TEST
500,HID_GT683R
501,SIOX
502,SENSORS_ATXP1
503,SND_SOC_RT711
504,EEPROM_LEGACY
505,SND_SOC_ARIZONA
506,W1_MASTER_DS2482
507,SND_SOC_IMG_I2S_OUT
508,BT_MRVL_SDIO
509,MTD_MCHP23K256
510,MODIFY_LDT_SYSCALL
511,USB_U_SERIAL
512,BACKLIGHT_DA9052
513,CPU_IDLE_GOV_TEO
514,EXT4_FS_POSIX_ACL
515,MICREL_PHY
516,CNIC
517,RAID6_PQ_BENCHMARK
518,CRYPTO_ECDH
519,UNIX_SCM
520,LIBCRC32C
521,VSOCKETS
522,NVM
523,HID
524,HID_CYPRESS
525,KEYBOARD_QT1070
526,XFRM_MIGRATE
527,USB_WDM
528,CRYPTO_LIB_CHACHA20POLY1305
529,QEDF
530,CAN_PEAK_PCIEFD
531,AQTION
532,TI_DAC7311
533,SATA_SIL24
534,I2C_MUX_GPIO
535,AHCI_QORIQ
536,PSTORE_LZ4_COMPRESS
537,ZONE_DMA
538,SMSC_PHY
539,RTC_DRV_RX6110
540,X86_16BIT
541,BACKLIGHT_ARCXCNN
542,DRM_GEM_SHMEM_HELPER
543,CRYPTO_AEGIS128_AESNI_SSE2
544,FB_SM712
545,NET_9P
546,INPUT_SPARSEKMAP
547,ACPI_PROCESSOR
548,DECNET_ROUTER
549,USB_G_NOKIA
550,RXKAD
551,PPP
552,SND_SOC_RL6347A
553,XFS_DEBUG
554,DEBUG_RWSEMS
555,I2C_XILINX
556,NFT_LIMIT
557,BLK_DEV_RBD
558,SENSORS_LM77
559,TLS
560,I3C
561,BLOCK
562,PCIEASPM
563,EXTCON_RT8973A
564,BOUNCE
565,POWER_RESET_SYSCON
566,USB_MICROTEK
567,SENSORS_LM85
568,INTEL_WMI_SBL_FW_UPDATE
569,TYPEC_FUSB302
570,DEBUG_WW_MUTEX_SLOWPATH
571,SCSI
572,RTS5208
573,CRYPTO_DEV_PADLOCK_AES
574,LSI_ET1011C_PHY
575,SQUASHFS_DECOMP_SINGLE
576,LCD_ILI922X
577,FB_SAVAGE_I2C
578,INPUT_GPIO_BEEPER
579,IP_MROUTE_COMMON
580,QNX6FS_FS
581,SND_SOC_AD193X
582,FB_VT8623
583,BOOT_PRINTK_DELAY
584,WATCHDOG_PRETIMEOUT_GOV_NOOP
585,HID_MACALLY
586,MMC_SDHCI_AM654
587,IP_VS
588,SYSVIPC
589,INTEL_SPEED_SELECT_INTERFACE
590,REISERFS_FS
591,PATA_OPTI
592,JFFS2_RUBIN
593,TCP_MD5SIG
594,USB_F_UVC
595,PATA_NS87410
596,CRYPTO_CBC
597,MS_BLOCK
598,DEBUG_BOOT_PARAMS
599,NET_VENDOR_SAMSUNG
600,AUTOFS4_FS
601,JFFS2_FS
602,LEDS_TRIGGER_NETDEV
603,CFG80211_CRDA_SUPPORT
604,DEBUG_VM
605,W1_SLAVE_DS2431
606,ATA
607,NET_PKTGEN
608,NLS_CODEPAGE_874
609,SERIAL_8250_DWLIB
610,LZ4_COMPRESS
611,FUJITSU_ES
612,SND_SOC_ADAU1977
613,IRQ_BYPASS_MANAGER
614,CPU_FREQ_STAT
615,SND_SOC_RT1015
616,GCOV_KERNEL
617,X86_PM_TIMER
618,DM_DELAY
619,SENSORS_VT8231
620,INFINIBAND_ADDR_TRANS_CONFIGFS
621,SND_SOC_HDMI_CODEC
622,RFD_FTL
623,SCSI_SRP_ATTRS
624,HW_RANDOM_TIMERIOMEM
625,ACPI_CONTAINER
626,HID_ALPS
627,CAN_DEV
628,FB_PM2
629,BLK_DEV_INTEGRITY
630,DVB_DIB8000
631,SWPHY
632,AGP_INTEL
633,JFS_SECURITY
634,OCFS2_FS_STATS
635,MICROCHIP_PHY
636,CRYPTO_PCBC
637,XFRM_USER
638,USB_G_DBGP_SERIAL
639,MEMTEST
640,USB_G_SERIAL
641,GPIO_ARIZONA
642,I2C_ROBOTFUZZ_OSIF
643,PEAQ_WMI
644,SENSORS_ADT7475
645,MOUSE_SYNAPTICS_I2C
646,SENSORS_JC42
647,PATA_SERVERWORKS
648,PROC_EVENTS
649,NET_PTP_CLASSIFY
650,DVB_VES1820
651,VIA_RHINE
652,UBSAN_MISC
653,BPF
654,BCMA_HOST_PCI_POSSIBLE
655,SND_SOC_WM8983
656,NET_DROP_MONITOR
657,BLK_DEV_GENERIC
658,NLS_CODEPAGE_850
659,SCSI_QLA_ISCSI
660,MDIO_BUS_MUX_GPIO
661,DRM_DW_HDMI_I2S_AUDIO
662,SENSORS_LM95245
663,TASK_XACCT
664,PKCS8_PRIVATE_KEY_PARSER
665,SBNI
666,I2C_EMEV2
667,I40E
668,ZONEFS_FS
669,VGA_ARB
670,CRYPTO_DEV_QAT_DH895xCC
671,DRM_I915_ERRLOG_GEM
672,HID_PICOLCD_FB
673,SENSORS_LTC2945
674,BLK_DEV_IDEPCI
675,SND_SOC_NAU8822
676,NET_VENDOR_EMULEX
677,BLK_DEV_NVME
678,MTD_REDBOOT_PARTS_UNALLOCATED
679,SPI_BUTTERFLY
680,DEBUG_OBJECTS_SELFTEST
681,INPUT_IMS_PCU
682,COMPACTION
683,IEEE802154_DRIVERS
684,INET_SCTP_DIAG
685,HID_CMEDIA
686,IPV6_TUNNEL
687,BATTERY_RX51
688,L2TP_DEBUGFS
689,DRM_PANEL_BOE_TV101WUM_NL6
690,TOUCHSCREEN_TSC200X_CORE
691,INFINIBAND_USER_MEM
692,BPFILTER
693,INET6_ESPINTCP
694,PAGE_POISONING
695,BFS_FS
696,PATA_CMD640_PCI
697,RMI4_SMB
698,WM831X_WATCHDOG
699,PERF_EVENTS_INTEL_UNCORE
700,FB_NVIDIA_I2C
701,SENSORS_NCT6683
702,PHY_SAMSUNG_USB2
703,MDIO_DEVICE
704,HID_A4TECH
705,USB_NET_DRIVERS
706,REGULATOR_MAX77693
707,IP_VS_PROTO_SCTP
708,GFS2_FS
709,REGULATOR_AD5398
710,INTEL_RST
711,NTB_INTEL
712,NET_KEY
713,BEFS_FS
714,KEXEC
715,USB_SERIAL_IUU
716,SERIAL_SPRD
717,SLAB_MERGE_DEFAULT
718,FB_TRIDENT
719,SND_SOC_RT5682
720,NF_LOG_ARP
721,PSTORE_DEFLATE_COMPRESS_DEFAULT
722,MFD_MC13XXX_SPI
723,DEVFREQ_GOV_USERSPACE
724,I2C_AMD8111
725,VIDEO_OV8856
726,DVB_STV0910
727,JBD2_DEBUG
728,TOUCHSCREEN_EDT_FT5X06
729,VIDEO_VS6624
730,PRINTK
731,JFS_FS
732,HP_WIRELESS
733,FB_VOODOO1
734,NLS_CODEPAGE_775
735,GENERIC_PHY
736,SND_HRTIMER
737,PCI_ATS
738,SERIO_GPIO_PS2
739,SENSORS_LM87
740,IEEE802154
741,NVME_MULTIPATH
742,LCD_LMS283GF05
743,I2C_CHARDEV
744,SENSORS_INA209
745,NLS_ISO8859_5
746,VIDEO_M52790
747,ISO9660_FS
748,SCSI_DH_ALUA
749,INFTL
750,HW_RANDOM_VIA
751,NTP_PPS
752,BLK_CGROUP
753,SENSORS_DRIVETEMP
754,VIDEO_IPU3_IMGU
755,SENSORS_ADT7462
756,VIDEO_IMX214
757,VIDEO_IR_I2C
758,LEDS_GPIO
759,TCM_USER2
760,NLS_KOI8_U
761,I2C_NFORCE2
762,FB_CARMINE_DRAM_EVAL
763,TLS_DEVICE
764,CFG80211
765,WIRELESS
766,CRYPTO_DEFLATE
767,DEFXX
768,BRIDGE_EBT_802_3
769,ADIS16400
770,AF_KCM
771,NET_VENDOR_CAVIUM
772,MICROCHIP_T1_PHY
773,BLK_DEV_NBD
774,MTD_NAND_DENALI_PCI
775,BLK_DEV_IT821X
776,GREYBUS
777,CHECK_SIGNATURE
778,W1_SLAVE_DS2433_CRC
779,IQS620AT_TEMP
780,SATA_VITESSE
781,SLIP_SMART
782,CRYPTO_LIB_CHACHA
783,SENSORS_MCP3021
784,PHYLIB
785,INFINIBAND_ISER
786,SND_SOC_WM8988
787,HID_NTRIG
788,PANTHERLORD_FF
789,XILINX_GMII2RGMII
790,NET_NS
791,SENSORS_AXI_FAN_CONTROL
792,SQUASHFS_XATTR
793,HID_GREENASIA
794,SENSORS_MAX16065
795,UIO_DMEM_GENIRQ
796,KEYBOARD_SAMSUNG
797,I2C_DEBUG_BUS
798,FB_MATROX_I2C
799,DELL_SMO8800
800,SCSI_SAS_LIBSAS
801,PATA_TIMINGS
802,I2C_OCORES
803,INTEL_MID_POWER_BUTTON
804,ATM_MPOA
805,PCI_ENDPOINT_TEST
806,NETDEV_NOTIFIER_ERROR_INJECT
807,FRAME_VECTOR
808,SND_SOC_ADAU1781
809,BLK_DEV_SLC90E66
810,RAPIDIO_TSI721
811,PCI_LABEL
812,IDE_ATAPI
813,JOYSTICK_JOYDUMP
814,LEDS_LP3952
815,SATA_PROMISE
816,PERCPU_STATS
817,FB_MATROX_MILLENIUM
818,DMA_OF
819,NVME_HWMON
820,MMC_SDHCI_ACPI
821,MTD_NAND_PLATFORM
822,DP83869_PHY
823,SAMPLE_TIMER
824,HID_TIVO
825,CRYPTO_TEA
826,CRYPTO_ADIANTUM
827,OF_NET
828,TI_ADS8688
829,CHARGER_DETECTOR_MAX14656
830,DEVMEM
831,WLAN_VENDOR_TI
832,RFKILL_LEDS
833,DRM_MGA
834,REGULATOR_LP87565
835,SENSORS_SMSC47B397
836,NET_IPGRE_DEMUX
837,USB_LD
838,STRICT_DEVMEM
839,BOARD_TPCI200
840,CFS_BANDWIDTH
841,MAC_EMUMOUSEBTN
842,NFC_PN533
843,SENSORS_IT87
844,ANDROID_BINDERFS
845,NET_ACT_TUNNEL_KEY
846,OCFS2_DEBUG_FS
847,VIDEO_ST_MIPID02
848,NTB_PERF
849,EXTCON_GPIO
850,FB_PM3
851,OVERLAY_FS_INDEX
852,PWM_IQS620A
853,PSTORE_ZSTD_COMPRESS
854,NVME_FC
855,DRM_PANEL_XINPENG_XPP055C272
856,GPIO_ML_IOH
857,XEN_PV_SMP
858,MTD_JEDECPROBE
859,INPUT_88PM860X_ONKEY
860,MWIFIEX
861,SYN_COOKIES
862,HVC_DRIVER
863,INTEL_XWAY_PHY
864,SND_SOC_WM8995
865,TCM_IBLOCK
866,GTP
867,SMC
868,LEDS_TLC591XX
869,FB_MATROX_MYSTIQUE
870,CEC_CORE
871,MTD_CMDLINE_PARTS
872,PCI_QUIRKS
873,USB_GADGET_DEBUG
874,VIDEO_MT9M032
875,LEDS_LM355x
876,MTD_BLKDEVS
877,SND_SOC_WM1250_EV1
878,DRM_VM
879,DEBUG_CREDENTIALS
880,WIREGUARD
881,SERIAL_8250_16550A_VARIANTS
882,XILINX_WATCHDOG
883,CRYPTO_ENGINE
884,TCS3414
885,NLS_CODEPAGE_437
886,SENSORS_LTC2990
887,SND_BEBOB
888,CHELSIO_LIB
889,CPU_FREQ_GOV_CONSERVATIVE
890,GENERIC_IRQ_CHIP
891,ASUS_LAPTOP
892,RAPIDIO_DMA_ENGINE
893,TOUCHSCREEN_TSC2007
894,SRF04
895,MTD_NAND_DISKONCHIP_PROBE_ADVANCED
896,SENSORS_MAX31730
897,NATIONAL_PHY
898,WW_MUTEX_SELFTEST
899,MPLS_ROUTING
900,INTEL_POWERCLAMP
901,SENSORS_XDPE122
902,X86_AMD_PLATFORM_DEVICE
903,MTD_ABSENT
904,DWMAC_INTEL
905,SENSORS_ASPEED
906,MISC_ALCOR_PCI
907,XEN_SCSI_FRONTEND
908,KEYBOARD_OPENCORES
909,HID_ZEROPLUS
910,TRACE_IRQFLAGS
911,DRM_PANEL_SEIKO_43WVF1G
912,XFRM_ESP
913,VSOCKETS_LOOPBACK
914,ACPI_NFIT
915,MLX5_EN_IPSEC
916,EXFAT_FS
917,MFD_CROS_EC
918,ACPI_VIDEO
919,SND_SOC_WM8782
920,PCI_STUB
921,AMD_MEM_ENCRYPT_ACTIVE_BY_DEFAULT
922,EDAC_I5000
923,IPV6_NDISC_NODETYPE
924,HID_MCP2221
925,SENSORS_LM93
926,INTEL_SCU
927,GLOB
928,ATA_FORCE
929,RCU_TRACE
930,NLS_CODEPAGE_852
931,PATA_HPT366
932,NTFS_RW
933,LKDTM
934,HTS221_SPI
935,DYNAMIC_DEBUG_CORE
936,MFD_TPS65912
937,GPIO_AMD8111
938,FUSE_FS
939,MDIO_BCM_UNIMAC
940,CMA
941,WDTPCI
942,CRYPTO_CRC32
943,IOSF_MBI
944,SERIAL_8250_DETECT_IRQ
945,EXTCON_MAX77843
946,LEDS_TRIGGER_AUDIO
947,EXT2_FS
948,MISC_RTSX
949,MEMORY_BALLOON
950,IO_URING
951,SENSORS_I5500
952,DCB
953,USB_M66592
954,NLS_ISO8859_4
955,BLK_DEV_AMD74XX
956,NET_CLS_FW
957,DRM_I915_SELFTEST
958,I2C_MUX
959,TIPC
960,ADIN_PHY
961,GAMEPORT_FM801
962,FB_MATROX
963,GLOB_SELFTEST
964,QUOTA_NETLINK_INTERFACE
965,SND_PCM_IEC958
966,COUNTER
967,NET_SCH_PIE
968,RMI4_CORE
969,SND_X86
970,DELL_SMBIOS_WMI
971,USB_EHSET_TEST_FIXTURE
972,HID_MULTITOUCH
973,DEBUG_RT_MUTEXES
974,MCP320X
975,BACKLIGHT_88PM860X
976,PSTORE_LZ4HC_COMPRESS_DEFAULT
977,WLAN_VENDOR_QUANTENNA
978,OSF_PARTITION
979,NETFILTER
980,X86_POWERNOW_K8
981,NET_DSA_SMSC_LAN9303
982,CRYPTO_LIB_POLY1305
983,EBC_C384_WDT
984,MEDIA_CONTROLLER
985,SCHED_AUTOGROUP
986,ORANGEFS_FS
987,NVME_TARGET_FC
988,HID_TOPSEED
989,HID_PICOLCD_CIR
990,EXPERT
991,HID_ELAN
992,IP_VS_NQ
993,VIDEO_CAFE_CCIC
994,FB_CARMINE
995,FIREWIRE_NET
996,RMI4_I2C
997,UACCE
998,I2C_MUX_LTC4306
999,SENSORS_RM3100_SPI
1000,BCM87XX_PHY
1001,USB_G_MULTI_RNDIS
1002,VGASTATE
1003,NLS_MAC_CELTIC
1004,ETHERNET
1005,HID_DRAGONRISE
1006,DEBUG_SG
1007,DEBUG_TIMEKEEPING
1008,XILINX_VCU
1009,ALTERA_PR_IP_CORE
1010,CHARLCD
1011,DRM_GM12U320
1012,IP_PNP
1013,FB_MB862XX_I2C
1014,FB_VIRTUAL
1015,HAVE_SCHED_AVG_IRQ
1016,PM_SLEEP_SMP
1017,GCC_PLUGIN_CYC_COMPLEXITY
1018,TOUCHSCREEN_STMFTS
1019,ACPI_HOTPLUG_CPU
1020,LEDS_WM831X_STATUS
1021,BT_HCIUART_NOKIA
1022,X86_GOLDFISH
1023,QUOTACTL
1024,NETDEVSIM
1025,LEDS_CLEVO_MAIL
1026,BT_HCIUART_SERDEV
1027,SENSORS_SHT3x
1028,UCLAMP_TASK
1029,SCSI_UFS_DWC_TC_PCI
1030,QNX4FS_FS
1031,BCMA_DRIVER_PCI
1032,MAILBOX
1033,LEDS_DA9052
1034,TUN
1035,I2C_TINY_USB
1036,RTC_DRV_TPS65910
1037,BACKLIGHT_LV5207LP
1038,BLOCK_COMPAT
1039,SENSORS_TPS40422
1040,DEBUG_LOCKDEP
1041,TEST_RHASHTABLE
1042,SENSORS_BH1770
1043,DP83848_PHY
1044,PCF50633_GPIO
1045,HID_SAMSUNG
1046,BACKLIGHT_LP855X
1047,SCSI_DMX3191D
1048,SPI_SC18IS602
1049,DEBUG_MISC
1050,DEV_DAX
1051,REISERFS_FS_POSIX_ACL
1052,MFD_RC5T583
1053,DRAGONRISE_FF
1054,HID_EMS_FF
1055,HID_XINMO
1056,ATH10K_DFS_CERTIFIED
1057,HID_RMI
1058,HID_CORSAIR
1059,FUSION_SPI
1060,MTD_PHYSMAP_GEMINI
1061,I2C_DESIGNWARE_CORE
1062,HID_ORTEK
1063,TASKSTATS
1064,RENESAS_PHY
1065,IPV6_OPTIMISTIC_DAD
1066,NI_XGE_MANAGEMENT_ENET
1067,HID_THRUSTMASTER
1068,CEPH_LIB_PRETTYDEBUG
1069,GPIO_JANZ_TTL
1070,KEYS_REQUEST_CACHE
1071,UBIFS_FS_SECURITY
1072,EVENTFD
1073,SENSORS_W83795_FANCTRL
1074,LEDS_LP3944
1075,POWER_RESET
1076,CRC4
1077,VIDEO_TUNER
1078,SOCK_CGROUP_DATA
1079,NTB
1080,MOST_SOUND
1081,W1_SLAVE_DS2408
1082,MFD_RDC321X
1083,DRM_UDL
1084,SSB_PCIHOST
1085,TOUCHSCREEN_ROHM_BU21023
1086,SND_HDA_COMPONENT
1087,ATARI_PARTITION
1088,TEST_BITMAP
1089,SAMPLE_AUXDISPLAY
1090,TEST_LOCKUP
1091,FB_RADEON
1092,FB_HGA
1093,SCSI_CXGB3_ISCSI
1094,FW_LOADER_USER_HELPER_FALLBACK
1095,SENSORS_MAX6639
1096,SPEAKUP_SYNTH_DUMMY
1097,REGULATOR_LP3971
1098,XFS_ONLINE_REPAIR
1099,CHARGER_BQ24190
1100,GPIO_ADP5588
1101,COMMON_CLK_SI5341
1102,SND_SOC_ADAV80X
1103,BACKLIGHT_ADP8860
1104,CRAMFS_BLOCKDEV
1105,CRYPTO_FCRYPT
1106,HID_PETALYNX
1107,VIDEO_AD9389B
1108,DEBUG_BLOCK_EXT_DEVT
1109,X86_INTEL_LPSS
1110,USB_ACM
1111,AFFS_FS
1112,DEBUG_VM_PGTABLE
1113,SCSI_MPT3SAS
1114,AD5686_SPI
1115,RTC_DRV_RV3029_HWMON
1116,PINCTRL_SX150X
1117,REGULATOR_MAX8997
1118,FIREWIRE_SBP2
1119,X86_VSYSCALL_EMULATION
1120,COMMON_CLK_CS2000_CP
1121,F2FS_FS
1122,ZD1211RW
1123,DEBUG_RODATA_TEST
1124,MFD_CROS_EC_DEV
1125,REGULATOR_BD9571MWV
1126,SND_SIMPLE_CARD
1127,SYSVIPC_SYSCTL
1128,UBIFS_ATIME_SUPPORT
1129,IR_XMP_DECODER
1130,UBSAN
1131,MD_MULTIPATH
1132,CHARGER_ISP1704
1133,CORTINA_PHY
1134,W1_SLAVE_DS2805
1135,USB_ROLE_SWITCH
1136,TEST_STACKINIT
1137,SENSORS_ADM1021
1138,ISCSI_TCP
1139,XEN_XENBUS_FRONTEND
1140,CPA_DEBUG
1141,SND_SOC_TLV320AIC32X4_I2C
1142,NVMEM_SYSFS
1143,EXTCON_SM5502
1144,NLS_ISO8859_8
1145,FB_3DFX
1146,TI_ST
1147,HID_MAGICMOUSE
1148,DP83TC811_PHY
1149,VIDEO_ADV7842_CEC
1150,PREEMPTIRQ_TRACEPOINTS
1151,SDR_MAX2175
1152,FREEZER
1153,REGULATOR_MAX8952
1154,VIDEO_CX25840
1155,GCC_PLUGIN_STACKLEAK
1156,NOP_TRACER
1157,VIDEO_IMX274
1158,W1_SLAVE_DS2413
1159,GS_FPGABOOT
1160,MFD_INTEL_LPSS
1161,BASE_FULL
1162,SENSORS_W83L786NG
1163,FONT_10x18
1164,SND_SIMPLE_CARD_UTILS
1165,RTC_DRV_DS3232_HWMON
1166,IPV6_MROUTE
1167,BMI160_SPI
1168,MAC802154
1169,FONT_AUTOSELECT
1170,DVB_TS2020
1171,MODULE_SIG_SHA1
1172,CGROUP_NET_CLASSID
1173,MMC_DEBUG
1174,SENSORS_LM95241
1175,PTP_1588_CLOCK
1176,SCSI_HPTIOP
1177,SENSORS_WM831X
1178,INTEL_MEI
1179,XFRM_INTERFACE
1180,FB_EFI
1181,SECURITY_NETWORK
1182,SND_SOC_TOPOLOGY
1183,NVME_TARGET
1184,MLX4_INFINIBAND
1185,HID_JABRA
1186,HID_LCPOWER
1187,PINCTRL_DA9062
1188,SPARSEMEM_VMEMMAP
1189,VSOCKETS_DIAG
1190,SENSORS_W83795
1191,COMMON_CLK_MAX9485
1192,GPIO_ICH
1193,LEDS_BD2802
1194,POWER_AVS
1195,DMA_VIRTUAL_CHANNELS
1196,FB_VIA
1197,BTRFS_FS_RUN_SANITY_TESTS
1198,TWL6030_GPADC
1199,NET_CLS
1200,DRM_ETNAVIV
1201,BACKLIGHT_SKY81452
1202,INTEL_MEI_HDCP
1203,NF_DEFRAG_IPV4
1204,BACKLIGHT_ADP8870
1205,HID_ICADE
1206,CRYPTO_USER_API_HASH
1207,RCU_TORTURE_TEST
1208,FB_MODE_HELPERS
1209,SHUFFLE_PAGE_ALLOCATOR
1210,CRYPTO_RMD160
1211,DRM_PANEL_SHARP_LQ101R1SX01
1212,NET_DSA_TAG_MTK
1213,RMI4_F34
1214,I2C_ISCH
1215,SCSI_SYM53C8XX_2
1216,SLIM_QCOM_CTRL
1217,W1_SLAVE_DS28E04
1218,INPUT
1219,I2C_SIS96X
1220,DEVKMEM
1221,CHROMEOS_PSTORE
1222,SENSORS_ATK0110
1223,MFD_SYSCON
1224,EXTCON_MAX8997
1225,VIDEO_TDA7432
1226,PCI_LOCKLESS_CONFIG
1227,OPENVSWITCH
1228,SENSORS_FSCHMD
1229,SENSORS_SCH5636
1230,BATMAN_ADV_DEBUG
1231,FB_GOLDFISH
1232,NLS
1233,FAIL_MAKE_REQUEST
1234,DVB_TDA8083
1235,XFRM_SUB_POLICY
1236,CRYPTO_CTS
1237,DRM_MGAG200
1238,DRM_DP_AUX_CHARDEV
1239,BH1750
1240,DEV_APPLETALK
1241,FPGA_REGION
1242,HID_PENMOUNT
1243,MAC80211_DEBUGFS
1244,SENSORS_TPS53679
1245,SYSFS
1246,SCSI_CONSTANTS
1247,DMABUF_HEAPS
1248,PCMCIA_AXNET
1249,SENSORS_LM70
1250,NFSD_BLOCKLAYOUT
1251,ISL29003
1252,LEDS_LP8788
1253,SENSORS_PCF8591
1254,W1_SLAVE_DS28E17
1255,ACPI_THERMAL_REL
1256,EXTCON_PTN5150
1257,MMC_CQHCI
1258,DVB_B2C2_FLEXCOP_PCI
1259,MTD_BLOCK
1260,PINCTRL_SUNRISEPOINT
1261,SLUB_STATS
1262,HFSPLUS_FS
1263,GPIO_MSIC
1264,DEBUG_FORCE_WEAK_PER_CPU
1265,SENSORS_PC87427
1266,PID_NS
1267,BONDING
1268,RADIO_TEA5764
1269,INOTIFY_USER
1270,BNXT
1271,USB_XHCI_DBGCAP
1272,BLK_DEV_ZONED
1273,IPMB_DEVICE_INTERFACE
1274,BTRFS_DEBUG
1275,SERIO_PS2MULT
1276,SQUASHFS_FILE_CACHE
1277,STAGING
1278,PM
1279,BAREUDP
1280,EXTCON_INTEL_MRFLD
1281,LEDS_LP5562
1282,IOMMU_LEAK
1283,GPIO_WINBOND
1284,SENSORS_ADT7470
1285,HID_UDRAW_PS3
1286,USB_G_MULTI_CDC
1287,REGULATOR_LTC3589
1288,CEPH_LIB_USE_DNS_RESOLVER
1289,SCSI_AACRAID
1290,SND_SOC_DA7210
1291,MTD_PLATRAM
1292,MLX4_DEBUG
1293,BLK_DEV_PDC202XX_OLD
1294,CRYPTO_CHACHA20POLY1305
1295,SND_VERBOSE_PRINTK
1296,NFC_PN533_I2C
1297,SECTION_MISMATCH_WARN_ONLY
1298,FAULT_INJECTION
1299,LCD_TDO24M
1300,X86_ESPFIX64
1301,BTRFS_FS_CHECK_INTEGRITY
1302,CODA_FS
1303,MOUSE_PS2_CYPRESS
1304,SENSORS_TMP421
1305,TCG_TIS_ST33ZP24_SPI
1306,I2C_SMBUS
1307,HID_KYE
1308,USB4
1309,SND_SOC_SIRF_AUDIO_CODEC
1310,PUNIT_ATOM_DEBUG
1311,NTB_MSI_TEST
1312,MACHZ_WDT
1313,RTC_DRV_M48T86
1314,GREENASIA_FF
1315,MFD_88PM800
1316,CONSTRUCTORS
1317,SM_FTL
1318,NLS_CODEPAGE_857
1319,DMA_CMA
1320,NET_VENDOR_ALTEON
1321,VIDEO_OV9650
1322,EROFS_FS_DEBUG
1323,SKY2
1324,RPMSG_QCOM_GLINK
1325,KUNIT
1326,VOP_BUS
1327,TLS_TOE
1328,SND_SOC_PCM1789_I2C
1329,SND_SOC_WM8900
1330,SC92031
1331,CAN_C_CAN_PCI
1332,PROVE_RAW_LOCK_NESTING
1333,TIMERFD
1334,CRYPTO_MD5
1335,LEDS_TPS6105X
1336,DLCI
1337,KVM_GUEST
1338,MOXTET
1339,HSA_AMD
1340,THERMAL_GOV_USER_SPACE
1341,IKCONFIG
1342,BATTERY_MAX1721X
1343,BATTERY_DS2760
1344,TOUCHSCREEN_AD7879_SPI
1345,MTD_MTDRAM
1346,GCC_PLUGIN_LATENT_ENTROPY
1347,USB_HSIC_USB3503
1348,PCI_ENDPOINT
1349,CRYPTO_SHA3
1350,COMMON_CLK_WM831X
1351,DRM_GMA3600
1352,NET_VENDOR_ADAPTEC
1353,SECCOMP
1354,INTEL_MIC_BUS
1355,RMI4_F54
1356,TOUCHSCREEN_TSC2004
1357,OF_RECONFIG_NOTIFIER_ERROR_INJECT
1358,RAPIDIO_RXS_GEN3
1359,SENSORS_K10TEMP
1360,CPU_IDLE_GOV_MENU
1361,INTEL_RAPL_CORE
1362,GPIO_WM8994
1363,LEDS_LM36274
1364,EVM_ADD_XATTRS
1365,PROCESSOR_SELECT
1366,DEVTMPFS
1367,FB_S1D13XXX
1368,PHY_MIXEL_MIPI_DPHY
1369,TCM_PSCSI
1370,FAT_DEFAULT_UTF8
1371,DELL_SMBIOS
1372,ATM_CLIP_NO_ICMP
1373,CHELSIO_T4
1374,SND_SEQ_VIRMIDI
1375,SENSORS_VIA686A
1376,SCSI_MYRS
1377,CAN_GRCAN
1378,SCSI_IPS
1379,VIDEO_TW5864
1380,NET_VENDOR_BROCADE
1381,NOP_USB_XCEIV
1382,EARLY_PRINTK_USB
1383,MOUSE_SERIAL
1384,PINCTRL_ICELAKE
1385,FONT_7x14
1386,REBOOT_MODE
1387,CRC64
1388,INPUT_GPIO_ROTARY_ENCODER
1389,LEDS_TRIGGER_PANIC
1390,DRM_PANEL_TPO_TD028TTEC1
1391,NLS_CODEPAGE_1251
1392,FB_ATY128
1393,XFS_WARN
1394,GPIO_WATCHDOG
1395,CONTEXT_SWITCH_TRACER
1396,NLS_ISO8859_14
1397,PCI_ECAM
1398,DEBUG_MUTEXES
1399,IE6XX_WDT
1400,SECURITY_LOADPIN
1401,F2FS_FAULT_INJECTION
1402,REGULATOR_MP8859
1403,TRANSPARENT_HUGEPAGE
1404,CROS_EC_SENSORHUB
1405,SSB_DRIVER_PCICORE
1406,MFD_BD9571MWV
1407,DRM_I915_SW_FENCE_DEBUG_OBJECTS
1408,SCSI_BNX2_ISCSI
1409,KEYBOARD_MATRIX
1410,MUX_ADG792A
1411,DECNET
1412,CAN_C_CAN_PLATFORM
1413,LEDS_REGULATOR
1414,MCB
1415,USB_XHCI_PCI
1416,IP_PNP_RARP
1417,NIC7018_WDT
1418,SCSI_MVSAS
1419,SND_SOC_L3
1420,BLK_DEV_HPT366
1421,DRM_XEN_FRONTEND
1422,MOUSE_ELAN_I2C
1423,ENABLE_MUST_CHECK
1424,NLS_CODEPAGE_864
1425,NET_ACT_SKBMOD
1426,SENSORS_GPIO_FAN
1427,MLX5_INFINIBAND
1428,TEST_OVERFLOW
1429,USB_OHCI_HCD_PCI
1430,SENSORS_TC74
1431,SECURITYFS
1432,BLK_DEV_IDE_SATA
1433,EFI_EMBEDDED_FIRMWARE
1434,GENERIC_IRQ_DEBUGFS
1435,PHY_CADENCE_SIERRA
1436,BUG_ON_DATA_CORRUPTION
1437,GPIO_XILINX
1438,F2FS_FS_XATTR
1439,MFD_MENF21BMC
1440,INTEL_UNCORE_FREQ_CONTROL
1441,SND_SOC_MT6358
1442,POWER_RESET_GPIO
1443,MEDIA_PCI_SUPPORT
1444,STACKLEAK_METRICS
1445,CAN_IFI_CANFD
1446,HID_WALTOP
1447,GREYBUS_UART
1448,REGULATOR_MT6358
1449,NLS_CODEPAGE_737
1450,IDE_GD
1451,SENSORS_SHTC1
1452,ACPI_CPU_FREQ_PSS
1453,TRACING
1454,GPIO_AMD_FCH
1455,BRIDGE_MRP
1456,W1_MASTER_DS2490
1457,DMA_FENCE_TRACE
1458,TEST_UDELAY
1459,ACPI_DEBUG
1460,DEBUG_PER_CPU_MAPS
1461,MMC_REALTEK_PCI
1462,IR_RC5_DECODER
1463,UTS_NS
1464,AF_RXRPC_IPV6
1465,MAC80211_MESSAGE_TRACING
1466,CFG80211_DEVELOPER_WARNINGS
1467,QNX6FS_DEBUG
1468,MEMSTICK_REALTEK_PCI
1469,TIFM_7XX1
1470,LEDS_TRIGGER_DEFAULT_ON
1471,FB_CYBER2000
1472,CB710_DEBUG
1473,SLIP
1474,SLUB_DEBUG_ON
1475,INTEL_SCU_IPC
1476,SND_PCM_TIMER
1477,FSCACHE_DEBUG
1478,LEDS_DAC124S085
1479,PADATA
1480,DMA_API_DEBUG
1481,AD5272
1482,EDAC_AMD64
1483,MEDIA_TUNER_FC0012
1484,VIDEO_BT848
1485,PERF_EVENTS_INTEL_RAPL
1486,I2C_SLAVE_EEPROM
1487,NUMA_BALANCING_DEFAULT_ENABLED
1488,RTC_DRV_DS1742
1489,SENSORS_G760A
1490,DVB_SP8870
1491,REGMAP_W1
1492,MRP
1493,MTD_OOPS
1494,BLK_WBT
1495,PHY_QCOM_USB_HS
1496,TRACEPOINTS
1497,FAULT_INJECTION_DEBUG_FS
1498,FANOTIFY
1499,MFD_TQMX86
1500,SENSORS_INA3221
1501,PARPORT_SERIAL
1502,DEBUG_OBJECTS_RCU_HEAD
1503,RING_BUFFER
1504,I2C_VIA
1505,UBSAN_TRAP
1506,X86_SYSFB
1507,INT340X_THERMAL
1508,SERIO_PARKBD
1509,ACPI_TABLE_UPGRADE
1510,NET_FOU
1511,DW_DMAC
1512,MTD_NAND_DISKONCHIP_BBTWRITE
1513,CRYPTO_PCRYPT
1514,KCOV
1515,MFD_MT6397
1516,INFINIBAND
1517,VXFS_FS
1518,CRYPTO_CAMELLIA
1519,MMC_SDHCI_CADENCE
1520,SENSORS_MAX1668
1521,INET_ESP_OFFLOAD
1522,I2C_ALGOPCA
1523,MMC_TEST
1524,SYSV_FS
1525,DEBUG_VIRTUAL
1526,VIDEO_TVEEPROM
1527,ATA_ACPI
1528,SATA_QSTOR
1529,USB_OHCI_HCD_SSB
1530,USB_TMC
1531,FS_VERITY
1532,COMMON_CLK_VC5
1533,MFD_MAX77693
1534,XILLYBUS
1535,MEDIA_SDR_SUPPORT
1536,TOPSTAR_LAPTOP
1537,VIDEO_AK7375
1538,FB_TILEBLITTING
1539,USB_GPIO_VBUS
1540,SND_SOC_ALL_CODECS
1541,CRYPTO_CHACHA20_X86_64
1542,CORDIC
1543,VHOST_NET
1544,MVMDIO
1545,IDE
1546,SPI_DESIGNWARE
1547,SERIAL_FSL_LINFLEXUART
1548,I2C_MLXCPLD
1549,VHOST_RING
1550,I2C_KEMPLD
1551,CHARGER_MAX8903
1552,DEBUG_PAGEALLOC_ENABLE_DEFAULT
1553,SMSC37B787_WDT
1554,TOUCHSCREEN_INEXIO
1555,ISCSI_TARGET
1556,BRIDGE_VLAN_FILTERING
1557,BT_INTEL
1558,PATA_PDC2027X
1559,USB_CONFIGFS_F_LB_SS
1560,SENSORS_MAX1111
1561,CRYPTO_TWOFISH_COMMON
1562,LTC1660
1563,SBC_FITPC2_WATCHDOG
1564,SND_SOC_FSL_EASRC
1565,UBSAN_BOUNDS
1566,VIDEO_M5MOLS
1567,XZ_DEC_IA64
1568,RTC_DRV_WILCO_EC
1569,PINCTRL_CS47L85
1570,QUOTACTL_COMPAT
1571,REISERFS_CHECK
1572,HIGH_RES_TIMERS
1573,HID_REDRAGON
1574,ANDROID_BINDER_IPC
1575,X86_MSR
1576,F2FS_CHECK_FS
1577,SERIAL_DEV_BUS
1578,DRM_SAVAGE
1579,SATA_SIL
1580,NFC_MICROREAD_I2C
1581,CGROUP_NET_PRIO
1582,CRYPTO_LIB_CHACHA_GENERIC
1583,DRM_KOMEDA
1584,MFD_SEC_CORE
1585,COMMON_CLK_CDCE706
1586,DRM_KMS_HELPER
1587,MOUSE_BCM5974
1588,DVB_A8293
1589,I2C_DESIGNWARE_SLAVE
1590,ACPI_CUSTOM_METHOD
1591,REGULATOR_ISL9305
1592,DVB_USB_UMT_010
1593,VIDEO_IMX355
1594,USB_FUNCTIONFS
1595,BT_HCIUART_BCSP
1596,MAC80211_MPATH_DEBUG
1597,SBP_TARGET
1598,USB_SERIAL_IR
1599,VFIO_MDEV_DEVICE
1600,BOOTPARAM_HOTPLUG_CPU0
1601,I2C_DEBUG_ALGO
1602,NLS_ISO8859_7
1603,JSA1212
1604,WQ_POWER_EFFICIENT_DEFAULT
1605,MFD_PCF50633
1606,SENSORS_W83773G
1607,IPV6_SEG6_HMAC
1608,HID_LOGITECH
1609,CRYPTO_BLOWFISH
1610,HPFS_FS
1611,UIO_AEC
1612,XEN_WDT
1613,AXP288_CHARGER
1614,PM_GENERIC_DOMAINS_OF
1615,X86_SMAP
1616,ACPI_PROCESSOR_AGGREGATOR
1617,AIC79XX_REG_PRETTY_PRINT
1618,IP_SET_HASH_MAC
1619,PERF_EVENTS_INTEL_CSTATE
1620,SENSORS_G762
1621,PCI_DEBUG
1622,EVENT_TRACE_STARTUP_TEST
1623,SND_SOC_AK4641
1624,XZ_DEC_ARMTHUMB
1625,NLS_CODEPAGE_862
1626,PATA_SIL680
1627,CGROUP_SCHED
1628,BACKLIGHT_PANDORA
1629,MDIO_I2C
1630,PSI
1631,SERIAL_MAX310X
1632,SERIAL_8250_FINTEK
1633,KEYBOARD_MAX7359
1634,RANDOM32_SELFTEST
1635,SLIMBUS
1636,CRYPTO_DEV_ATMEL_I2C
1637,MEMREGION
1638,USB_GSPCA_PAC207
1639,NET_VENDOR_MICROSEMI
1640,CAIF
1641,IWLWIFI_DEVICE_TRACING
1642,CPU_HOTPLUG_STATE_CONTROL
1643,NET_SCH_TAPRIO
1644,EXT3_FS_POSIX_ACL
1645,PATA_ACPI
1646,IPV6
1647,POWER_RESET_RESTART
1648,MEMORY
1649,INPUT_JOYSTICK
1650,GPIO_TPS65086
1651,SCHED_INFO
1652,GPIO_104_DIO_48E
1653,HID_ITE
1654,TINYDRM_ILI9341
1655,LEDS_TRIGGER_TRANSIENT
1656,NAMESPACES
1657,USB_F_OBEX
1658,V4L_MEM2MEM_DRIVERS
1659,FB_SAVAGE_ACCEL
1660,PPP_MPPE
1661,EXTCON
1662,INTEL_PUNIT_IPC
1663,SENSORS_LM95234
1664,GOOGLE_FIRMWARE
1665,KEY_DH_OPERATIONS
1666,NLS_CODEPAGE_950
1667,MFD_TPS65912_I2C
1668,IP_SET_HASH_NETPORT
1669,SSB_DRIVER_PCICORE_POSSIBLE
1670,SERIAL_8250_LPSS
1671,REGULATOR_RC5T583
1672,MFD_TI_LP873X
1673,SERIAL_8250_DEPRECATED_OPTIONS
1674,NLS_ISO8859_6
1675,DEBUG_OBJECTS_PERCPU_COUNTER
1676,NETLINK_DIAG
1677,GREYBUS_LIGHT
1678,BACKLIGHT_GPIO
1679,ZSTD_COMPRESS
1680,BSD_PROCESS_ACCT
1681,MAGIC_SYSRQ_SERIAL
1682,CRYPTO_ECRDSA
1683,PRINTER
1684,MQ_IOSCHED_KYBER
1685,DRM_AMD_DC
1686,CAIF_DEBUG
1687,AQUANTIA_PHY
1688,IMA_APPRAISE
1689,OF_FPGA_REGION
1690,KSM
1691,SENSORS_TMP108
1692,TPS6507X
1693,RTC_DRV_ZYNQMP
1694,SND_USB_US122L
1695,STACKPROTECTOR
1696,FB_SIS_300
1697,GPIO_DA9052
1698,ACPI_HOTPLUG_IOAPIC
1699,NET_VENDOR_VIA
1700,BATTERY_BQ27XXX_I2C
1701,BACKLIGHT_CLASS_DEVICE
1702,PAGE_OWNER
1703,LEDS_LM3532
1704,INFINIBAND_RTRS_CLIENT
1705,MEDIA_CEC_SUPPORT
1706,GPIO_LOGICVC
1707,MFD_88PM805
1708,KALLSYMS_ABSOLUTE_PERCPU
1709,SENSORS_SMM665
1710,DRM_I915_USERPTR
1711,TOUCHSCREEN_CHIPONE_ICN8505
1712,NLS_ISO8859_1
1713,DVB_VES1X93
1714,LEDS_TRIGGER_GPIO
1715,USB_HCD_TEST_MODE
1716,CFG80211_DEFAULT_PS
1717,SENSORS_W83L785TS
1718,NLS_ISO8859_9
1719,I2C_MUX_PCA9541
1720,USB_ISP116X_HCD
1721,USB_SUPPORT
1722,NET_VENDOR_MELLANOX
1723,DRM_GEM_CMA_HELPER
1724,MMC_BLOCK
1725,GPIO_74X164
1726,SND_SOC_AD193X_I2C
1727,MFD_WM831X
1728,USB_STV06XX
1729,CRYPTO_BLOWFISH_COMMON
1730,GPIO_LP873X
1731,SENSORS_W83781D
1732,FB_CYBER2000_DDC
1733,USB_G_ACM_MS
1734,CRC16
1735,DRM_I2C_NXP_TDA998X
1736,SENSORS_AD7418
1737,VIDEO_CX231XX_DVB
1738,MMU_GATHER_RCU_TABLE_FREE
1739,PCI_PRI
1740,USB_MON
1741,SCSI_LOGGING
1742,DRM_I915_TRACE_GTT
1743,LCD_HX8357
1744,CRYPTO_CMAC
1745,SYNTH_EVENTS
1746,WLAN_VENDOR_MARVELL
1747,LEDS_APU
1748,BT_BREDR
1749,INPUT_APANEL
1750,SECURITY_SAFESETID
1751,EXTCON_MAX3355
1752,CRYPTO_GF128MUL
1753,ISL29501
1754,FB_NVIDIA
1755,SAMPLE_ANDROID_BINDERFS
1756,ANDROID
1757,PRINTK_NMI
1758,FIREWIRE_SERIAL
1759,IPMI_PANIC_EVENT
1760,EEPROM_EE1004
1761,TCM_FILEIO
1762,NET_9P_VIRTIO
1763,PHONET
1764,INFINIBAND_OPA_VNIC
1765,INPUT_REGULATOR_HAPTIC
1766,X86_ACPI_CPUFREQ_CPB
1767,REGULATOR_FAN53555
1768,HID_MALTRON
1769,FUSION
1770,FUNCTION_PROFILER
1771,TOUCHSCREEN_DYNAPRO
1772,PC104
1773,SQUASHFS_LZO
1774,HID_SENSOR_INCLINOMETER_3D
1775,TMPFS_XATTR
1776,NTFS_DEBUG
1777,MFD_RT5033
1778,BCMA_HOST_SOC
1779,DRM_PANEL_ORIENTATION_QUIRKS
1780,MOST_USB
1781,ISCSI_IBFT
1782,TYPEC_MUX_PI3USB30532
1783,NETWORK_PHY_TIMESTAMPING
1784,DVB_USB_LME2510
1785,REGULATOR_WM8994
1786,QUOTA_TREE
1787,INTEL_WMI_THUNDERBOLT
1788,PCI_FTPCI100
1789,SENSORS_LTC4261
1790,KALLSYMS_ALL
1791,BTRFS_FS_REF_VERIFY
1792,DRM_I2C_NXP_TDA9950
1793,BACKLIGHT_PWM
1794,SENSORS_TMP103
1795,REGULATOR_PV88080
1796,PPS_CLIENT_KTIMER
1797,PCI_MMCONFIG
1798,PARAVIRT_SPINLOCKS
1799,TELCLOCK
1800,NFC_PORT100
1801,ROCKETPORT
1802,BLK_DEV_OPTI621
1803,EDAC_I82975X
1804,SENSORS_PC87360
1805,CAN_SLCAN
1806,CROS_EC_CHARDEV
1807,BATTERY_RT5033
1808,REGULATOR_DA9211
1809,GOLDFISH_PIPE
1810,SSB_PCMCIAHOST_POSSIBLE
1811,RAPIDIO_TSI57X
1812,WAFER_WDT
1813,PATA_PDC_OLD
1814,PWM_DEBUG
1815,FB_METRONOME
1816,W1_SLAVE_DS2423
1817,REGULATOR_DA9062
1818,DRM_LOAD_EDID_FIRMWARE
1819,IDE_PROC_FS
1820,OPROFILE
1821,NOUVEAU_DEBUG_MMU
1822,EQUALIZER
1823,MAX30102
1824,MTD_NAND_ECC_SW_HAMMING_SMC
1825,ATM_ENI
1826,PARTITION_ADVANCED
1827,XEN_BLKDEV_BACKEND
1828,RT_GROUP_SCHED
1829,CPU_FREQ_GOV_POWERSAVE
1830,TRACE_SINK
1831,MFD_88PM860X
1832,SCHEDSTATS
1833,SENSORS_MAX20751
1834,MFD_CS47L15
1835,USB_SERIAL_XIRCOM
1836,SYNCLINK
1837,EVENT_TRACING
1838,CRYPTO_DEV_QAT_C3XXXVF
1839,MTD_SPI_NOR
1840,EXT4_DEBUG
1841,HAVE_ARCH_COMPAT_MMAP_BASES
1842,XFS_QUOTA
1843,DRM_I2C_ADV7511
1844,ELF_CORE
1845,SENSORS_W83792D
1846,X86_X2APIC
1847,CRYPTO_RMD128
1848,SENSORS_EMC2103
1849,USB_SERIAL_SPCP8X5
1850,MEDIA_TUNER_FC0011
1851,SCSI_UFSHCD
1852,DEFERRED_STRUCT_PAGE_INIT
1853,ACPI_PCI_SLOT
1854,ARCH_RANDOM
1855,CROS_EC_LIGHTBAR
1856,HTC_I2CPLD
1857,SENSORS_W83627HF
1858,BPF_SYSCALL
1859,SATA_AHCI_PLATFORM
1860,I2C_ALI15X3
1861,XEN_COMPAT_XENFS
1862,THERMAL_GOV_FAIR_SHARE
1863,RTW88_DEBUGFS
1864,EXT3_FS_SECURITY
1865,IP_SET_HASH_NETPORTNET
1866,EXPORTFS_BLOCK_OPS
1867,ZSTD_DECOMPRESS
1868,DRBD_FAULT_INJECTION
1869,ACER_WMI
1870,TOUCHSCREEN_WACOM_W8001
1871,QRTR_TUN
1872,SENSORS_ABITUGURU3
1873,SYSFS_DEPRECATED
1874,BT_LEDS
1875,HID_TWINHAN
1876,REISERFS_FS_SECURITY
1877,SOCK_VALIDATE_XMIT
1878,SENSORS_NTC_THERMISTOR
1879,PSTORE_BLK
1880,GPIO_LP3943
1881,XZ_DEC_ARM
1882,PM_GENERIC_DOMAINS
1883,RING_BUFFER_BENCHMARK
1884,DRM_LEGACY
1885,VIDEO_CS5345
1886,HDMI_LPE_AUDIO
1887,AB3100_CORE
1888,RTC_DRV_SD3078
1889,SCTP_COOKIE_HMAC_SHA1
1890,KEYBOARD_IQS62X
1891,NLS_CODEPAGE_932
1892,RAS_CEC
1893,TCP_CONG_HSTCP
1894,LEDS_AN30259A
1895,UBIFS_FS_ZLIB
1896,USB_HSIC_USB4604
1897,BCMA
1898,WLAN
1899,ROADRUNNER_LARGE_RINGS
1900,USB
1901,RTC_DRV_RX8010
1902,ARCH_ENABLE_THP_MIGRATION
1903,CRYPTO_BLAKE2B
1904,IO_STRICT_DEVMEM
1905,RADIO_TEA5764_XTAL
1906,FB_ATY_CT
1907,SCHED_MC
1908,SENSORS_ADT7411
1909,HW_RANDOM_VIRTIO
1910,US5182D
1911,CARDBUS
1912,AL_FIC
1913,TCG_NSC
1914,NLS_MAC_TURKISH
1915,CRYPTO_XCBC
1916,APPLICOM
1917,NET_VENDOR_HUAWEI
1918,THINKPAD_ACPI_ALSA_SUPPORT
1919,MFD_WM8998
1920,MAC80211_MESH_SYNC_DEBUG
1921,BLK_DEBUG_FS_ZONED
1922,IDEPCI_PCIBUS_ORDER
1923,DRM_AMDGPU_GART_DEBUGFS
1924,GPIO_MAX3191X
1925,FANOTIFY_ACCESS_PERMISSIONS
1926,CHARGER_TPS65090
1927,HARDENED_USERCOPY_PAGESPAN
1928,RDS_TCP
1929,VIDEO_OV7640
1930,NET_DSA_BCM_SF2
1931,CRYPTO_ECHAINIV
1932,MD_RAID1
1933,BLK_DEV_FD
1934,ZSMALLOC_PGTABLE_MAPPING
1935,SFC_MTD
1936,MOST_COMPONENTS
1937,VIDEO_CADENCE_CSI2RX
1938,SPI_TLE62X0
1939,FB_SIMPLE
1940,PATA_ATIIXP
1941,REGMAP_SCCB
1942,ISCSI_IBFT_FIND
1943,NET_ACT_PEDIT
1944,FHANDLE
1945,PINCONF
1946,CRYPTO_DEV_QAT_C3XXX
1947,BLK_DEV_PLATFORM
1948,SECURITY_DMESG_RESTRICT
1949,IDLE_PAGE_TRACKING
1950,HOTPLUG_PCI_CPCI
1951,AUDIT
1952,SND_SOC_MAX98927
1953,SENSORS_FAM15H_POWER
1954,BATMAN_ADV_DAT
1955,INPUT_EVBUG
1956,VMLINUX_VALIDATION
1957,WLAN_VENDOR_ZYDAS
1958,VIRTIO_BLK
1959,VIRTIO_VSOCKETS
1960,PROC_PID_CPUSET
1961,SND_SOC_WCD934X
1962,RADIO_SHARK2
1963,SYNCLINK_GT
1964,LEDS_AS3645A
1965,DVB_B2C2_FLEXCOP
1966,SENSORS_DME1737
1967,PCMCIA_PCNET
1968,USB_DWC2_PCI
1969,AUTOFS_FS
1970,SERIAL_RP2
1971,DRM_VIRTIO_GPU
1972,GPIO_MAX7301
1973,CAN_EMS_PCMCIA
1974,MEMSTICK_TIFM_MS
1975,RTC_DRV_DS1302
1976,CFG80211_WEXT
1977,REGULATOR_TPS6586X
1978,FSCACHE_OBJECT_LIST
1979,CHROMEOS_LAPTOP
1980,REGULATOR_MAX8925
1981,TRACER_SNAPSHOT_PER_CPU_SWAP
1982,PMC_ATOM
1983,INPUT_LEDS
1984,NLS_ISO8859_2
1985,INTEL_ATOMISP2_PM
1986,RETPOLINE
1987,NET_SCH_HTB
1988,PCI_HOST_COMMON
1989,XEN_NETDEV_FRONTEND
1990,CRYPTO_DEV_CHELSIO
1991,VIDEO_HDPVR
1992,WLAN_VENDOR_ATH
1993,ZPOOL
1994,DRM_ETNAVIV_THERMAL
1995,CRYPTO_CAMELLIA_AESNI_AVX_X86_64
1996,DEBUG_VM_RB
1997,GENERIC_IRQ_INJECTION
1998,GPIO_WS16C48
1999,CRYPTO_RMD256
2000,REMOTEPROC
2001,MFD_MT6360
2002,HID_BELKIN
2003,READABLE_ASM
2004,OPENVSWITCH_GENEVE
2005,HID_GLORIOUS
2006,SYSCON_REBOOT_MODE
2007,FIREWIRE_NOSY
2008,MFD_TPS65090
2009,F2FS_STAT_FS
2010,DRM_SIS
2011,RTC_DRV_DS1390
2012,INPUT_EVDEV
2013,NET_VENDOR_AGERE
2014,AFS_FS
2015,I2C_HID
2016,PRINTK_TIME
2017,VIDEO_CX25821
2018,REGULATOR_ACT8865
2019,MAXIM_THERMOCOUPLE
2020,W1_MASTER_DS1WM
2021,INTEL_TH_ACPI
2022,IDE_XFER_MODE
2023,XEN_SYMS
2024,CROS_EC_SYSFS
2025,INPUT_FF_MEMLESS
2026,AL3320A
2027,COMPAT_NETLINK_MESSAGES
2028,BINARY_PRINTF
2029,SND_MPU401
2030,VLAN_8021Q_GVRP
2031,RTC_DRV_V3020
2032,MEDIA_ALTERA_CI
2033,REGULATOR_88PG86X
2034,REGULATOR_RT5033
2035,DELL_LAPTOP
2036,USB_BDC_PCI
2037,RPMSG_VIRTIO
2038,REGULATOR_DA9063
2039,VIDEOMODE_HELPERS
2040,VOP
2041,IOSCHED_BFQ
2042,UIO_NETX
2043,DRM_EXPORT_FOR_TESTS
2044,DRM_I915_CAPTURE_ERROR
2045,VIDEO_TEA6415C
2046,USB_SERIAL_METRO
2047,SENSORS_LM92
2048,MFD_MAX8925
2049,DEBUG_KMEMLEAK_DEFAULT_OFF
2050,INPUT_ATMEL_CAPTOUCH
2051,SCSI_VIRTIO
2052,INIT_ON_FREE_DEFAULT_ON
2053,MLXSW_PCI
2054,CHR_DEV_ST
2055,DL2K
2056,INPUT_CMA3000
2057,NFT_NUMGEN
2058,VIDEO_EM28XX_ALSA
2059,CHARGER_ADP5061
2060,VIDEO_MT9T001
2061,MAGIC_SYSRQ
2062,CRYPTO_CAST6
2063,PAGE_TABLE_ISOLATION
2064,DM_LOG_WRITES
2065,NFC_ST_NCI
2066,INTERCONNECT
2067,BATTERY_BQ27XXX
2068,HID_STEELSERIES
2069,LOCK_DOWN_KERNEL_FORCE_NONE
2070,POWER_SUPPLY_HWMON
2071,SND_SOC_WM8978
2072,CHARGER_LT3651
2073,MFD_LP8788
2074,NLS_KOI8_R
2075,USB_GADGET_DEBUG_FILES
2076,ACCESSIBILITY
2077,DRM_VIA
2078,HYPERV_TIMER
2079,PARIDE_PG
2080,CHARGER_GPIO
2081,DRM_SII902X
2082,CRYPTO_SM4
2083,TPS65010
2084,SND_SOC_IMG
2085,MFD_WM8350_I2C
2086,PWM_PCA9685
2087,PDA_POWER
2088,USB_DWC3
2089,KEYBOARD_MTK_PMIC
2090,DEBUG_SECTION_MISMATCH
2091,NVRAM
2092,DECOMPRESS_BZIP2
2093,SECURITY_PATH
2094,LEDS_TRIGGER_PATTERN
2095,B53_MDIO_DRIVER
2096,X86_VSMP
2097,NFC_FDP
2098,RTC_DRV_RV3028
2099,SENSORS_MAX6650
2100,REGULATOR_MC13783
2101,STAGING_GASKET_FRAMEWORK
2102,EDAC_E752X
2103,NET_VENDOR_REALTEK
2104,COMEDI_ADV_PCI1710
2105,MFD_WM8997
2106,NTB_IDT
2107,PARPORT_PANEL
2108,SSFDC
2109,USB_SNP_CORE
2110,CRC_T10DIF
2111,BACKLIGHT_GENERIC
2112,VHOST_VSOCK
2113,W1_SLAVE_DS2781
2114,NFC_MRVL_USB
2115,CAN_HI311X
2116,RADIO_TEA575X
2117,DVB_STV090x
2118,BINFMT_SCRIPT
2119,CRYPTO_ARCH_HAVE_LIB_CHACHA
2120,GCC_PLUGIN_RANDSTRUCT_PERFORMANCE
2121,DVB_AV7110_IR
2122,XZ_DEC_TEST
2123,SND_SOC_IMG_PISTACHIO_INTERNAL_DAC
2124,CHARGER_DA9150
2125,RAVE_SP_CORE
2126,LEDS_LM3642
2127,DRM_PANEL_ILITEK_ILI9881C
2128,RTC_DRV_M48T59
2129,TINYDRM_ILI9486
2130,MEMSTICK_UNSAFE_RESUME
2131,DVB_PT3
2132,BLK_DEV_SVWKS
2133,LEDS_LP5521
2134,DW_I3C_MASTER
2135,SENSORS_LM83
2136,BT_BCM
2137,SENSORS_SCH56XX_COMMON
2138,CGROUP_PIDS
2139,SENSORS_DS1621
2140,USBIP_CORE
2141,GPIO_SCH
2142,CPU_IDLE_GOV_LADDER
2143,I2C_ISMT
2144,BPFILTER_UMH
2145,CGROUP_HUGETLB
2146,IPV6_SIT_6RD
2147,DLM_DEBUG
2148,USB_MIDI_GADGET
2149,NLS_ISO8859_13
2150,IPMI_DMI_DECODE
2151,HDMI
2152,SCSI_AIC79XX
2153,X86_DECODER_SELFTEST
2154,X86_CPU_RESCTRL
2155,USB_G_WEBCAM
2156,BROADCOM_PHY
2157,DEVFREQ_GOV_PASSIVE
2158,FIREWIRE
2159,VITESSE_PHY
2160,AGP
2161,UIO_PCI_GENERIC
2162,SND_SOC_AD73311
2163,I2C_MULTI_INSTANTIATE
2164,QEDI
2165,HSI_BOARDINFO
2166,CAN_PLX_PCI
2167,MFD_KEMPLD
2168,MFD_WL1273_CORE
2169,R8712U
2170,COMEDI_NI_LABPC_ISA
2171,DRM_PANEL_RONBO_RB070D30
2172,IT87_WDT
2173,NVME_TARGET_LOOP
2174,HID_ACCUTOUCH
2175,BLK_INLINE_ENCRYPTION_FALLBACK
2176,DMA_VIRT_OPS
2177,DYNAMIC_EVENTS
2178,CRYPTO_HW
2179,SPI_MXIC
2180,DW_EDMA
2181,INPUT_KXTJ9
2182,VIDEO_OV5645
2183,CACHEFILES
2184,CHARGER_MANAGER
2185,DRM_ANALOGIX_ANX78XX
2186,USB_CHIPIDEA_MSM
2187,CRYPTO_KHAZAD
2188,SND_SOC_SPDIF
2189,NLS_CODEPAGE_869
2190,BT_HCIBT3C
2191,PATA_WINBOND
2192,MFD_MC13XXX
2193,NFC_SIM
2194,DRM_VKMS
2195,AF_RXRPC_INJECT_LOSS
2196,INPUT_MOUSE
2197,LEDS_DA903X
2198,ADIS16201
2199,MMC_SDHCI_IO_ACCESSORS
2200,PINCTRL_MSM
2201,MFD_WM8400
2202,QED_RDMA
2203,ICS932S401
2204,CHROME_PLATFORMS
2205,RDS_DEBUG
2206,INET6_IPCOMP
2207,REGULATOR_DA9210
2208,MEGARAID_LEGACY
2209,STM_PROTO_SYS_T
2210,XZ_DEC_POWERPC
2211,U_SERIAL_CONSOLE
2212,B53
2213,SND_VIRMIDI
2214,USB_VIDEO_CLASS_INPUT_EVDEV
2215,RTL8192EE
2216,DMABUF_MOVE_NOTIFY
2217,MICROSEMI_PHY
2218,VIDEO_VIM2M
2219,WEXT_PROC
2220,AD5791
2221,RESET_CONTROLLER
2222,TEST_STRING_HELPERS
2223,GDB_SCRIPTS
2224,INTERVAL_TREE_TEST
2225,LG_LAPTOP
2226,INFINIBAND_IPOIB
2227,USB_SERIAL_EDGEPORT_TI
2228,USB_SERIAL_WWAN
2229,DRM_ANALOGIX_DP
2230,SND_USB_CAIAQ_INPUT
2231,FUTEX_PI
2232,NLS_UTF8
2233,ASYNC_TX_DMA
2234,WATCHDOG_NOWAYOUT
2235,CLKDEV_LOOKUP
2236,ALTERA_TSE
2237,TI_TLC4541
2238,MFD_TI_AM335X_TSCADC
2239,FRAMEBUFFER_CONSOLE_DETECT_PRIMARY
2240,SENSORS_MAX6621
2241,MFD_MAX77843
2242,SENSORS_LM73
2243,NET_VENDOR_BROADCOM
2244,DM_LOG_USERSPACE
2245,FB_I740
2246,PM_OPP
2247,PATA_PCMCIA
2248,MTD_PMC551
2249,USB_U132_HCD
2250,FB_NVIDIA_BACKLIGHT
2251,MMC_REALTEK_USB
2252,BOOTTIME_TRACING
2253,BATTERY_DA9052
2254,BLK_DEV_TRIFLEX
2255,SENSORS_F71882FG
2256,WLAN_VENDOR_INTEL
2257,DVB_ZL10353
2258,DEBUG_OBJECTS_TIMERS
2259,NET_SCH_NETEM
2260,THP_SWAP
2261,RESET_BRCMSTB_RESCAL
2262,AD525X_DPOT
2263,SERIAL_JSM
2264,TOUCHSCREEN_88PM860X
2265,CRYPTO_GHASH
2266,MFD_WM5102
2267,MOUSE_PS2_SENTELIC
2268,VIDEO_S5K5BAF
2269,KEXEC_SIG
2270,PINCTRL_MERRIFIELD
2271,NET_IPGRE
2272,VIDEO_ADV7604
2273,USB_MUSB_HDRC
2274,BUG
2275,LCD_CLASS_DEVICE
2276,RAVE_SP_WATCHDOG
2277,ZISOFS
2278,DETECT_HUNG_TASK
2279,EXT2_FS_SECURITY
2280,USB_CONFIGFS_EEM
2281,CRYPTO_CRC32_PCLMUL
2282,I2C_GPIO
2283,MISC_FILESYSTEMS
2284,COMPAT_BRK
2285,WATCHDOG_SYSFS
2286,GPIO_IT87
2287,AD799X
2288,SENSORS_BEL_PFE
2289,SENSORS_SHT15
2290,X86_SFI_CPUFREQ
2291,CX_ECAT
2292,TEST_HASH
2293,SND_SOC_ES8316
2294,ATH_TRACEPOINTS
2295,THERMAL_EMULATION
2296,SCTP_DBG_OBJCNT
2297,MMA7660
2298,INPUT_CMA3000_I2C
2299,CLEANCACHE
2300,BT_FEATURE_DEBUG
2301,NLS_MAC_GAELIC
2302,DEBUG_PAGE_REF
2303,RTC_DRV_DS1511
2304,FB_FOREIGN_ENDIAN
2305,SENSORS_W83627EHF
2306,TRACE_EVAL_MAP_FILE
2307,PM_WAKELOCKS
2308,PINCTRL_TIGERLAKE
2309,TOSHIBA_HAPS
2310,NET_IFE_SKBTCINDEX
2311,CAN_SJA1000_ISA
2312,CLK_TWL6040
2313,DRM_DEBUG_SELFTEST
2314,NLS_MAC_ROMANIAN
2315,REGULATOR_MAX77826
2316,CHROMEOS_TBMC
2317,LEDS_TRIGGER_HEARTBEAT
2318,I2C_GPIO_FAULT_INJECTOR
2319,VIDEO_OV9640
2320,ACPI_FAN
2321,XZ_DEC_X86
2322,OCFS2_FS_USERSPACE_CLUSTER
2323,SENSORS_LM78
2324,RTC_DRV_ISL12026
2325,MFD_MADERA_SPI
2326,DEVFREQ_GOV_SIMPLE_ONDEMAND
2327,FIRMWARE_MEMMAP
2328,USB_BDC_UDC
2329,PHY_CADENCE_TORRENT
2330,KEYBOARD_ADC
2331,EARLY_PRINTK_DBGP
2332,CRYPTO_SHA1_SSSE3
2333,HIST_TRIGGERS_DEBUG
2334,SENSORS_IBMPEX
2335,AC97_BUS
2336,HARDENED_USERCOPY_FALLBACK
2337,SENSORS_SHT21
2338,USB_PXA27X
2339,MOUSE_PS2_VMMOUSE
2340,LIBNVDIMM
2341,BACKLIGHT_APPLE
2342,STRIP_ASM_SYMS
2343,SND_SOC_IMG_SPDIF_OUT
2344,EXTCON_FSA9480
2345,CHARGER_RT9455
2346,GPIO_TPIC2810
2347,SND_SOC_IMG_I2S_IN
2348,COMEDI_ADDI_APCI_2200
2349,FW_CFG_SYSFS
2350,UEVENT_HELPER
2351,USB_SERIAL_OPTION
2352,USB_AIRSPY
2353,PPS
2354,CRYPTO_SERPENT_SSE2_X86_64
2355,VIRTIO_MMIO
2356,BATTERY_GOLDFISH
2357,BT_DEBUGFS
2358,BACKLIGHT_MAX8925
2359,JME
2360,REGULATOR_S2MPA01
2361,IXGBE_IPSEC
2362,GPIO_INTEL_MID
2363,DRM_PANEL_LEADTEK_LTK050H3146W
2364,RSEQ
2365,SENSORS_ASB100
2366,FS_ENCRYPTION_ALGS
2367,HID_MONTEREY
2368,MULTIPLEXER
2369,NTB_AMD
2370,BTRFS_FS_POSIX_ACL
2371,NETFILTER_XT_TARGET_MASQUERADE
2372,X86_CPA_STATISTICS
2373,RTC_DRV_RP5C01
2374,TOSHIBA_WMI
2375,ND_BLK
2376,REGULATOR_TPS51632
2377,SND_SOC_WM9081
2378,CROS_EC_LPC
2379,USB_SERIAL_AIRCABLE
2380,REGULATOR_LP8755
2381,DEBUG_TLBFLUSH
2382,KEY_NOTIFICATIONS
2383,SENSORS_MAX31785
2384,HMC425
2385,MFD_LM3533
2386,NFC_MRVL_SPI
2387,NET_SCH_CODEL
2388,SCSI_PROC_FS
2389,SND_SOC_IMG_PARALLEL_OUT
2390,SENSORS_LTC4222
2391,LEDS_88PM860X
2392,DMIID
2393,BT_MSFTEXT
2394,I2C_PCA_PLATFORM
2395,USB_SERIAL_EMPEG
2396,MFD_MP2629
2397,SENSORS_TSL2550
2398,CRYPTO_ESSIV
2399,NXP_TJA11XX_PHY
2400,VFIO_NOIOMMU
2401,NOTIFIER_ERROR_INJECTION
2402,FB_SYS_COPYAREA
2403,VIRTIO_PCI
2404,PCIEASPM_DEFAULT
2405,LEDS_BLINKM
2406,LOGIG940_FF
2407,DEBUG_WX
2408,LEDS_LP8860
2409,HID_ELECOM
2410,MACINTOSH_DRIVERS
2411,SENSORS_GL520SM
2412,EFI_RUNTIME_WRAPPERS
2413,GPIO_ADNP
2414,LPC_SCH
2415,BOOTPARAM_HARDLOCKUP_PANIC
2416,EDAC
2417,DVB_TDA1004X
2418,F2FS_FS_ZSTD
2419,TOUCHSCREEN_TPS6507X
2420,DVB_ULE_DEBUG
2421,WARN_ALL_UNSEEDED_RANDOM
2422,FPGA_MGR_MACHXO2_SPI
2423,PINCTRL_MCP23S08
2424,USB_ISP1301
2425,RUNTIME_TESTING_MENU
2426,SRAM
2427,REGULATOR_SLG51000
2428,PRIME_NUMBERS
2429,EPOLL
2430,MOUSE_PS2_SYNAPTICS
2431,RAPIDIO_CHMAN
2432,MTD_RAW_NAND
2433,VIDEO_ML86V7667
2434,FB_ATY128_BACKLIGHT
2435,USERIO
2436,MTD_REDBOOT_PARTS
2437,HID_CHERRY
2438,QFMT_V2
2439,MFD_AAT2870_CORE
2440,SIGNED_PE_FILE_VERIFICATION
2441,PVPANIC
2442,ACPI_BUTTON
2443,GPIO_PCA953X_IRQ
2444,DEVFREQ_GOV_PERFORMANCE
2445,SENSORS_ADM1031
2446,CRYPTO_TWOFISH_AVX_X86_64
2447,DEVFREQ_GOV_POWERSAVE
2448,VIDEO_OV5675
2449,SENSORS_SIS5595
2450,REGULATOR
2451,INTEL_SCU_PLATFORM
2452,MEMORY_FAILURE
2453,CGROUP_DEBUG
2454,CRYPTO_STATS
2455,TOUCHSCREEN_USB_PANJIT
2456,RMI4_F03_SERIO
2457,HARDENED_USERCOPY
2458,NTB_TOOL
2459,ETHOC
2460,UBIFS_FS_AUTHENTICATION
2461,CFG80211_USE_KERNEL_REGDB_KEYS
2462,DEBUG_PAGEALLOC
2463,LEDS_TRIGGER_ACTIVITY
2464,RTC_DRV_S35390A
2465,EROFS_FS_POSIX_ACL
2466,PAGE_COUNTER
2467,SCSI_SMARTPQI
2468,TOUCHSCREEN_GUNZE
2469,BT_HCIBTUSB
2470,SERIAL_SC16IS7XX_CORE
2471,I2C_SLAVE
2472,MDIO_GPIO
2473,DRM_SIL_SII8620
2474,EEPROM_93CX6
2475,SCSI_MYRB
2476,ALTERA_STAPL
2477,SND_SOC_RT1305
2478,MMC_CB710
2479,I2C_DEMUX_PINCTRL
2480,SENSORS_TC654
2481,CLK_LGM_CGU
2482,SERIAL_OF_PLATFORM
2483,TOUCHSCREEN_SX8654
2484,PNP_DEBUG_MESSAGES
2485,BLK_DEV_IT8172
2486,RC_MAP
2487,HID_MICROSOFT
2488,MFD_TPS65910
2489,SQUASHFS_XZ
2490,CDNS_I3C_MASTER
2491,SND_SOC_CS35L34
2492,842_COMPRESS
2493,PROC_KCORE
2494,IDE_TASK_IOCTL
2495,LOGO_LINUX_CLUT224
2496,DRM_KMS_FB_HELPER
2497,USB_STORAGE_SDDR09
2498,DRM_PANEL_ARM_VERSATILE
2499,SCSI_MPT2SAS
2500,DVB_CXD2841ER
2501,F2FS_IO_TRACE
2502,VL6180
2503,X86_VERBOSE_BOOTUP
2504,STACKPROTECTOR_STRONG
2505,FAIL_PAGE_ALLOC
2506,842_DECOMPRESS
2507,XARRAY_MULTI
2508,TSL4531
2509,XDP_SOCKETS
2510,N_HDLC
2511,PMIC_OPREGION
2512,NLS_ISO8859_15
2513,DRM_FBDEV_EMULATION
2514,CROS_EC_TYPEC
2515,IRQ_TIME_ACCOUNTING
2516,NET_9P_XEN
2517,DRM_AMDGPU_SI
2518,TEST_POWER
2519,CRYPTO_FIPS
2520,KPROBE_EVENTS
2521,VIDEO_S5K6A3
2522,ARMADA375_USBCLUSTER_PHY
2523,SLAB_FREELIST_RANDOM
2524,INPUT_PWM_VIBRA
2525,DYNAMIC_DEBUG
2526,RADIO_ADAPTERS
2527,LEDS_CLASS_FLASH
2528,SENSORS_ADM1177
2529,PARAVIRT_CLOCK
2530,RN5T618_ADC
2531,X86_DEBUG_FPU
2532,BLK_DEV_UMEM
2533,USB_FOTG210_HCD
2534,GPIO_VX855
2535,PAGE_REPORTING
2536,TCG_TIS_ST33ZP24
2537,DMI_SYSFS
2538,DEBUG_OBJECTS
2539,BE2ISCSI
2540,PINCTRL_BROXTON
2541,X86_MCE_AMD
2542,SND_SOC_ADAU_UTILS
2543,INLINE_READ_UNLOCK
2544,MEDIA_TUNER_TEA5761
2545,CROS_USBPD_NOTIFY
2546,DVB_USB_PCTV452E
2547,SYSTEM_DATA_VERIFICATION
2548,SYSTEM_BLACKLIST_KEYRING
2549,AUDITSYSCALL
2550,BLK_DEV_PCIESSD_MTIP32XX
2551,FB_HYPERV
2552,RMI4_F12
2553,TEST_KSTRTOX
2554,XEN_SAVE_RESTORE
2555,RTC_DRV_MAX6902
2556,DVB_HELENE
2557,MMC_SPI
2558,MFD_TI_LP87565
2559,W1_MASTER_GPIO
2560,I2C_SIMTEC
2561,SIGNALFD
2562,ALLOW_DEV_COREDUMP
2563,BEFS_DEBUG
2564,KEMPLD_WDT
2565,ARCH_USES_HIGH_VMA_FLAGS
2566,USB_SL811_HCD
2567,HP206C
2568,REGULATOR_LM363X
2569,X86_UMIP
2570,INTEL_TH_PTI
2571,FTRACE_STARTUP_TEST
2572,TOUCHSCREEN_PROPERTIES
2573,LTC2485
2574,X86_X32
2575,DCDBAS
2576,NET_EMATCH
2577,MMIOTRACE
2578,XFS_ONLINE_SCRUB
2579,VT_CONSOLE
2580,EXT2_FS_XATTR
2581,CRYPTO_CFB
2582,TWL6040_CORE
2583,THERMAL_WRITABLE_TRIPS
2584,IIO_ST_SENSORS_I2C
2585,HEADERS_INSTALL
2586,INTEL_PCH_THERMAL
2587,ATA_SFF
2588,6LOWPAN_NHC_ROUTING
2589,HID_LOGITECH_HIDPP
2590,BTRFS_ASSERT
2591,NLS_CODEPAGE_949
2592,BT_HCIUART_BCM
2593,MMC_USDHI6ROL0
2594,TMPFS
2595,TCS3472
2596,KPC2000_I2C
2597,DVB_USB_ZD1301
2598,MEDIA_HIDE_ANCILLARY_SUBDRV
2599,PARPORT
2600,AIX_PARTITION
2601,CRYPTO_LIB_BLAKE2S_GENERIC
2602,STM_SOURCE_FTRACE
2603,HID_SENSOR_PRESS
2604,SENSORS_MAX31790
2605,RD_LZMA
2606,SENSORS_VT1211
2607,CAN_BCM
2608,SND_SOC_ES8328_I2C
2609,MFD_INTEL_LPSS_PCI
2610,DVB_M88DS3103
2611,BCACHE_CLOSURES_DEBUG
2612,SLUB_DEBUG
2613,NLS_MAC_ROMAN
2614,HIDRAW
2615,SERIO_ALTERA_PS2
2616,DVB_MT352
2617,SCSI_DEBUG
2618,BATTERY_DA9030
2619,SSB_SDIOHOST
2620,WILC1000_HW_OOB_INTR
2621,MEDIA_RADIO_SUPPORT
2622,FB_SIS
2623,IPW2200_QOS
2624,CRC_ITU_T
2625,BLK_DEV_IDECD
2626,I2C_ALGOBIT
2627,VIDEOBUF2_VMALLOC
2628,LEDS_PCA955X_GPIO
2629,MFD_INTEL_LPSS_ACPI
2630,CONTIG_ALLOC
2631,TOUCHSCREEN_WM831X
2632,UAPI_HEADER_TEST
2633,PROVIDE_OHCI1394_DMA_INIT
2634,GPIO_PCA953X
2635,JOYSTICK_ZHENHUA
2636,INTEL_IPS
2637,CRYPTO_CRC32C
2638,CHARGER_BQ24257
2639,NET_VENDOR_AMAZON
2640,PROC_CHILDREN
2641,SERIAL_FSL_LPUART
2642,STM_DUMMY
2643,ACPI_SYSTEM_POWER_STATES_SUPPORT
2644,PMIC_ADP5520
2645,PERF_USE_VMALLOC
2646,ARCH_USES_PG_UNCACHED
2647,OVERLAY_FS_REDIRECT_ALWAYS_FOLLOW
2648,IEEE802154_NL802154_EXPERIMENTAL
2649,BLK_DEV_ATIIXP
2650,SND_SOC_MAX98926
2651,DEBUG_VM_VMACACHE
2652,CONSOLE_TRANSLATIONS
2653,CPU_SUP_HYGON
2654,POWER_SUPPLY_DEBUG
2655,IIO_ST_PRESS_I2C
2656,NFT_REJECT
2657,HID_STEAM
2658,INFINIBAND_EXP_LEGACY_VERBS_NEW_UAPI
2659,PM_SLEEP_DEBUG
2660,W1_SLAVE_DS2433
2661,FSCACHE
2662,RCU_EQS_DEBUG
2663,QSEMI_PHY
2664,NET_TULIP
2665,INTEL_IDMA64
2666,EDD_OFF
2667,EEPROM_AT25
2668,NET_DSA_TAG_GSWIP
2669,KEXEC_CORE
2670,X86_REROUTE_FOR_BROKEN_BOOT_IRQS
2671,USB_CDNS3
2672,HUGETLBFS
2673,TSL2583
2674,USB_AN2720
2675,DEBUG_SHIRQ
2676,STMPE_I2C
2677,INTEL_SOC_DTS_IOSF_CORE
2678,TI_ADS7950
2679,VHOST_VDPA
2680,SSB
2681,REGULATOR_PCF50633
2682,FB_BOOT_VESA_SUPPORT
2683,DMADEVICES_VDEBUG
2684,CC10001_ADC
2685,L2TP_V3
2686,EUROTECH_WDT
2687,WEXT_SPY
2688,CROSS_MEMORY_ATTACH
2689,FRAMEBUFFER_CONSOLE_DEFERRED_TAKEOVER
2690,NET_VENDOR_DLINK
2691,SCSI_FLASHPOINT
2692,SENSORS_NPCM7XX
2693,NFSD_V3_ACL
2694,BLK_DEV_THROTTLING
2695,MCP4018
2696,BOOT_CONFIG
2697,GOLDFISH_TTY_EARLY_CONSOLE
2698,RELAY
2699,SND_SOC_CS47L15
2700,COMPAT_32BIT_TIME
2701,CRYPTO_SALSA20
2702,INPUT_MAX8997_HAPTIC
2703,SCSI_LOWLEVEL_PCMCIA
2704,IP_ADVANCED_ROUTER
2705,CHARGER_BQ25890
2706,INPUT_ATLAS_BTNS
2707,CB710_DEBUG_ASSUMPTIONS
2708,TI_DAC5571
2709,DEBUG_OBJECTS_WORK
2710,SIMPLE_PM_BUS
2711,INFINIBAND_USER_MAD
2712,LEDS_LM3533
2713,CAN_DEBUG_DEVICES
2714,NLS_CODEPAGE_936
2715,VIDEO_OV7251
2716,SERIAL_NONSTANDARD
2717,INV_MPU6050_I2C
2718,SERIO_CT82C710
2719,PTDUMP_DEBUGFS
2720,PINCTRL_CHERRYVIEW
2721,SERIAL_8250_CONSOLE
2722,DE4X5
2723,QCOM_HIDMA
2724,MOUSE_PS2_ALPS
2725,ACPI_APEI_MEMORY_FAILURE
2726,SENSORS_LM63
2727,MFD_RETU
2728,REGULATOR_MT6397
2729,FB_ASILIANT
2730,INTEL_PMC_CORE
2731,ZBUD
2732,BATTERY_MAX17040
2733,DEBUG_PLIST
2734,SMS_SIANO_DEBUGFS
2735,NI903X_WDT
2736,GPIO_TPS65910
2737,CRYPTO_842
2738,CRYPTO_MD4
2739,TEST_IDA
2740,BRCMFMAC_PROTO_BCDC
2741,CFG80211_REG_RELAX_NO_IR
2742,INPUT_DA9055_ONKEY
2743,I2C_DEBUG_CORE
2744,LEDS_LM3697
2745,FB_TFT_S6D02A1
2746,SLUB_CPU_PARTIAL
2747,COMMON_CLK_SI544
2748,DLHL60D
2749,NLS_MAC_ICELAND
2750,CRYPTO_SHA512
2751,VIDEO_OV5695
2752,CHARGER_BD99954
2753,BIG_KEYS
2754,RADIO_SAA7706H
2755,FB_RIVA_BACKLIGHT
2756,PANASONIC_LAPTOP
2757,SND_PROC_FS
2758,SFP
2759,UNICODE_NORMALIZATION_SELFTEST
2760,GPIO_SAMA5D2_PIOBU
2761,REALTEK_AUTOPM
2762,GENERIC_PHY_MIPI_DPHY
2763,LED_TRIGGER_PHY
2764,AUXDISPLAY
2765,INTEL_SCU_IPC_UTIL
2766,INPUT_TOUCHSCREEN
2767,X25
2768,VMIVME_7805
2769,RADIO_TEF6862
2770,STATIC_USERMODEHELPER
2771,NET_VENDOR_AURORA
2772,HALTPOLL_CPUIDLE
2773,RCU_PERF_TEST
2774,CRYPTO_STREEBOG
2775,CRAMFS
2776,ACPI_WMI
2777,XEN_PVH
2778,RTC_DRV_X1205
2779,GOLDFISH
2780,EDAC_I3000
2781,C2PORT
2782,USB_MASS_STORAGE
2783,NET_CORE
2784,EDAC_AMD64_ERROR_INJECTION
2785,IXGBE
2786,REGULATOR_GPIO
2787,REGULATOR_MAX8998
2788,BACKLIGHT_LM3639
2789,VIDEO_TW9906
2790,OF_UNITTEST
2791,REGMAP_SPMI
2792,HW_RANDOM
2793,SENSORS_POWR1220
2794,REGULATOR_ISL6271A
2795,VMAP_STACK
2796,SND_SOC_MSM8916_WCD_DIGITAL
2797,TEST_HEXDUMP
2798,REGULATOR_TPS6524X
2799,AX25
2800,CPU_FREQ_DEFAULT_GOV_PERFORMANCE
2801,THERMAL_GOV_BANG_BANG
2802,KEYBOARD_TCA6416
2803,SND_SOC_AK4642
2804,CAN_MCP251X
2805,ADJD_S311
2806,USB_CDC_COMPOSITE
2807,MFD_DA9063
2808,DM_INTEGRITY
2809,TCG_TPM
2810,BPF_EVENTS
2811,FB_OPENCORES
2812,BACKLIGHT_BD6107
2813,QUOTA_DEBUG
2814,SCSI_INIA100
2815,SAMSUNG_LAPTOP
2816,DRM_NWL_MIPI_DSI
2817,X86_INTEL_PSTATE
2818,USB_DEFAULT_PERSIST
2819,PROC_VMCORE
2820,AX88796B_PHY
2821,REGULATOR_MAX8907
2822,ISA_BUS
2823,MTD_DOCG3
2824,LEDS_TRIGGER_ONESHOT
2825,MTD_BLOCK_RO
2826,PROC_PAGE_MONITOR
2827,DRM_KMS_CMA_HELPER
2828,ROMFS_FS
2829,LATTICE_ECP3_CONFIG
2830,BACKLIGHT_QCOM_WLED
2831,USB_LEDS_TRIGGER_USBPORT
2832,GNSS_SERIAL
2833,UNISYS_VISORNIC
2834,GPIO_MOXTET
2835,VIDEO_ADV7842
2836,SENSORS_ADCXX
2837,GREYBUS_VIBRATOR
2838,ADE7854
2839,TYPEC_TCPM
2840,SENSORS_ADM1029
2841,BLK_DEV_CRYPTOLOOP
2842,PINCTRL_AMD
2843,MEDIA_TUNER_MT20XX
2844,CRYPTO_CHACHA20
2845,MEDIA_TUNER_TDA18212
2846,BATMAN_ADV_DEBUGFS
2847,HSI_CHAR
2848,FAIL_FUTEX
2849,GPIO_GENERIC_PLATFORM
2850,LEDS_LP5523
2851,FB_ATY
2852,SENSORS_F71805F
2853,LCD_PLATFORM
2854,HID_PID
2855,SND_SOC_TLV320AIC23_I2C
2856,RAPIDIO_CPS_GEN2
2857,REGULATOR_PV88060
2858,MTD_NAND_DISKONCHIP
2859,MFD_ACT8945A
2860,SMSC_SCH311X_WDT
2861,ASSOCIATIVE_ARRAY
2862,NFT_FIB_IPV4
2863,EARLY_PRINTK_USB_XDBC
2864,SENSORS_LTC3815
2865,CRYPTO_DEV_QAT
2866,BLK_DEV_SIIMAGE
2867,LEDS_USER
2868,MEN_A21_WDT
2869,LATENCYTOP
2870,REGULATOR_PV88090
2871,NET_CLS_RSVP6
2872,OF_MDIO
2873,VIDEO_SAA7134_DVB
2874,KEYBOARD_LM8333
2875,DVB_CORE
2876,EEPROM_IDT_89HPESX
2877,SPMI
2878,OVERLAY_FS_METACOPY
2879,DRM_AMD_DC_DCN
2880,CRYPTO_SEQIV
2881,CRYPTO_LIB_ARC4
2882,SENSORS_W83791D
2883,GPD_POCKET_FAN
2884,PM_AUTOSLEEP
2885,WM831X_POWER
2886,IOMMU_HELPER
2887,VIDEO_OV6650
2888,SBC_EPX_C3_WATCHDOG
2889,SENSORS_RM3100_I2C
2890,SND_OSSEMUL
2891,REGULATOR_MC13XXX_CORE
2892,GPIO_LP87565
2893,ADVISE_SYSCALLS
2894,SENSORS_ZL6100
2895,TOUCHSCREEN_USB_3M
2896,BLK_DEV_IDECD_VERBOSE_ERRORS
2897,PM_DEBUG
2898,TI_ADS124S08
2899,GAMEPORT
2900,FAILSLAB
2901,CRYPTO_DEV_ATMEL_SHA204A
2902,DS1682
2903,TCP_CONG_LP
2904,INPUT_TABLET
2905,CRYPTO_CAST5_AVX_X86_64
2906,USB_XHCI_HCD
2907,HMS_ANYBUSS_BUS
2908,NVM_PBLK
2909,SND_SOC_AK4671
2910,PERSISTENT_KEYRINGS
2911,DTC
2912,REGULATOR_TPS65090
2913,NLS_MAC_GREEK
2914,CRYPTO_AEGIS128
2915,USB_HUB_USB251XB
2916,VIDEO_VIA_CAMERA
2917,NET_SCH_DRR
2918,DUMMY_CONSOLE
2919,BATTERY_DS2780
2920,DRM_I915_DEBUG_MMIO
2921,SERIAL_8250_RT288X
2922,NFC_NCI_SPI
2923,ENC28J60_WRITEVERIFY
2924,USB_EHCI_ROOT_HUB_TT
2925,RTC_DRV_RC5T583
2926,REGULATOR_FIXED_VOLTAGE
2927,PAGE_EXTENSION
2928,INFINIBAND_MTHCA_DEBUG
2929,FB_TFT_SSD1351
2930,INET_AH
2931,USB_GADGET_XILINX
2932,COMMON_CLK_PALMAS
2933,FB_SIS_315
2934,CMDLINE_BOOL
2935,PWM_LPSS
2936,UFS_DEBUG
2937,NET_DSA_MV88E6XXX_GLOBAL2
2938,TOUCHSCREEN_CHIPONE_ICN8318
2939,IP_VS_FTP
2940,INIT_ON_ALLOC_DEFAULT_ON
2941,SCSI_3W_SAS
2942,XEN_ACPI
2943,XILINX_XADC
2944,SND_PCM_OSS
2945,TOUCHSCREEN_CYTTSP4_SPI
2946,CRYPTO_CRCT10DIF_PCLMUL
2947,NET_SCH_HHF
2948,SENSORS_LTC2947
2949,AD5446
2950,RESET_TI_SYSCON
2951,XFS_RT
2952,VIDEO_S5K4ECGX
2953,RTC_DRV_CADENCE
2954,PERF_EVENTS_AMD_POWER
2955,VIDEO_TW2804
2956,OVERLAY_FS_REDIRECT_DIR
2957,NLS_CODEPAGE_863
2958,DRM_PANEL_RASPBERRYPI_TOUCHSCREEN
2959,SIS190
2960,SENSORS_ADS7828
2961,DEVTMPFS_MOUNT
2962,MFD_WM831X_I2C
2963,MTRR
2964,MAX31856
2965,PM_QOS_KUNIT_TEST
2966,SND_SOC_PCM3060_SPI
2967,UNICODE
2968,FRAMEBUFFER_CONSOLE
2969,BLK_DEV_IDEDMA_SFF
2970,REGULATOR_TPS65086
2971,LOCALVERSION_AUTO
2972,PARPORT_PC
2973,SENSORS_HMC5843_I2C
2974,DEBUG_STACK_USAGE
2975,DRM_PANEL_SAMSUNG_S6E63M0
2976,FB_CARILLO_RANCH
2977,MFD_TWL4030_AUDIO
2978,SENSORS_MAX1619
2979,SC1200_WDT
2980,AIC7XXX_REG_PRETTY_PRINT
2981,PARPORT_PC_SUPERIO
2982,IP_VS_DH
2983,GREYBUS_HID
2984,USB_COMMON
2985,TEST_STRSCPY
2986,CGROUPS
2987,SP5100_TCO
2988,IP6_NF_IPTABLES
2989,BINFMT_MISC
2990,RAPIDIO_CPS_XX
2991,USB_STORAGE_ALAUDA
2992,REGULATOR_WM831X
2993,TCP_CONG_VENO
2994,PCIE_CADENCE_HOST
2995,SENSORS_MAX34440
2996,CHARGER_SMB347
2997,DMADEVICES_DEBUG
2998,INTEL_SOC_PMIC_BXTWC
2999,MTD_NAND_ECC_SW_BCH
3000,NETFILTER_FAMILY_BRIDGE
3001,PCI_MESON
3002,NET_CLS_BPF
3003,RTC_DRV_RS5C372
3004,ROMFS_BACKED_BY_BLOCK
3005,VIDEO_IVTV
3006,IFCVF
3007,SYMBOLIC_ERRNAME
3008,KEYBOARD_TCA8418
3009,REGMAP_MMIO
3010,USB_UHCI_HCD
3011,CRYPTO_HASH_INFO
3012,MFD_WM5110
3013,UNISYSSPAR
3014,RATIONAL
3015,PMIC_DA9052
3016,PWM_LPSS_PCI
3017,BUILD_BIN2C
3018,MFD_CS47L24
3019,CGROUP_CPUACCT
3020,MFD_WM831X_SPI
3021,HPET
3022,TCG_TIS_ST33ZP24_I2C
3023,SERIO
3024,PATA_PLATFORM
3025,IP_NF_IPTABLES
3026,HOTPLUG_PCI_ACPI_IBM
3027,HMC6352
3028,MXC6255
3029,CRYPTO_SEED
3030,POSIX_TIMERS
3031,SCHED_OMIT_FRAME_POINTER
3032,GREYBUS_LOG
3033,ACPI_CONFIGFS
3034,USB_HIDDEV
3035,NET_VENDOR_EZCHIP
3036,IEEE802154_SOCKET
3037,MTD_ONENAND_OTP
3038,TOUCHSCREEN_GOODIX
3039,REGULATOR_MAX8660
3040,HIST_TRIGGERS
3041,SENSORS_MAX20730
3042,PRINTK_CALLER
3043,HID_SAITEK
3044,APDS9802ALS
3045,SAMPLE_SECCOMP
3046,I2C_HELPER_AUTO
3047,NET_VENDOR_NATSEMI
3048,F2FS_FS_LZORLE
3049,DRM_PANEL_SAMSUNG_S6E88A0_AMS452EF01
3050,UPROBES
3051,SYNTH_EVENT_GEN_TEST
3052,SCSI_MVUMI
3053,F2FS_FS_POSIX_ACL
3054,PACKING
3055,AIO
3056,FB_RIVA_DEBUG
3057,B44_PCICORE_AUTOSELECT
3058,DVB_AF9013
3059,USB_HCD_BCMA
3060,MEMSTICK_DEBUG
3061,SENSORS_NCT7802
3062,STANDALONE
3063,DRM_DEBUG_DP_MST_TOPOLOGY_REFS
3064,TCG_TIS_I2C_INFINEON
3065,TEST_XARRAY
3066,FTRACE_SYSCALLS
3067,MTD_UBI_FASTMAP
3068,BACKLIGHT_SAHARA
3069,LEDS_MLXREG
3070,LEDS_TRIGGER_CPU
3071,BATTERY_CW2015
3072,ACPI_DEBUGGER
3073,USB_NET_CDC_MBIM
3074,HID_BATTERY_STRENGTH
3075,IWLEGACY_DEBUGFS
3076,DRM_AMDGPU_CIK
3077,PMS7003
3078,VIDEO_SAA7127
3079,SGETMASK_SYSCALL
3080,SAMPLES
3081,PACKET_DIAG
3082,MFD_SKY81452
3083,FB_LE80578
3084,ASHMEM
3085,TEE
3086,F2FS_FS_COMPRESSION
3087,NF_SOCKET_IPV4
3088,COREDUMP
3089,COMMON_CLK_SI5351
3090,MEDIA_TUNER_TDA18218
3091,DEBUG_BUGVERBOSE
3092,LEDS_PWM
3093,VIDEO_OV5640
3094,GUP_BENCHMARK
3095,IPVTAP
3096,NLS_CODEPAGE_860
3097,TEST_MEMINIT
3098,JFS_STATISTICS
3099,MFD_MAX8907
3100,REGULATOR_TPS62360
3101,MFD_SM501
3102,MICROCODE_AMD
3103,SLIP_MODE_SLIP6
3104,HERMES
3105,STRING_SELFTEST
3106,GPIO_FTGPIO010
3107,VEML6030
3108,REED_SOLOMON_DEC8
3109,CPU_FREQ_GOV_ONDEMAND
3110,FUNCTION_TRACER
3111,USB_SERIAL_OTI6858
3112,VIDEO_SAA711X
3113,NLS_MAC_CYRILLIC
3114,INFINIBAND_RTRS_SERVER
3115,PATA_JMICRON
3116,CEC_SECO_RC
3117,FB_INTEL
3118,I2C_I801
3119,RING_BUFFER_STARTUP_TEST
3120,PROC_SYSCTL
3121,DRM_I915_DEBUG_GEM
3122,VIDEO_DT3155
3123,GPIO_SYSFS
3124,BCMA_DRIVER_GPIO
3125,CAN_JANZ_ICAN3
3126,HID_WACOM
3127,VFIO_PCI_VGA
3128,MHI_BUS
3129,XPOWER_PMIC_OPREGION
3130,RAPIDIO_TSI568
3131,TCP_CONG_ILLINOIS
3132,CEPH_FS_SECURITY_LABEL
3133,8139_OLD_RX_RESET
3134,CRYPTO_SERPENT_AVX2_X86_64
3135,ARCNET_COM90xxIO
3136,CMA_DEBUGFS
3137,USB_LCD
3138,NET_DSA_TAG_QCA
3139,VMWARE_VMCI
3140,CHARGER_TWL4030
3141,MFD_ATMEL_FLEXCOM
3142,PPP_BSDCOMP
3143,MLX5_EN_ARFS
3144,EXTCON_PALMAS
3145,INTEL_TH_MSU
3146,HDLC_CISCO
3147,DVB_DS3000
3148,HIPPI
3149,CRYPTO_ARCH_HAVE_LIB_POLY1305
3150,W1_SLAVE_DS2780
3151,INTEL_IDLE
3152,BCM_KONA_USB2_PHY
3153,SENSORS_LIS3LV02D
3154,VGACON_SOFT_SCROLLBACK_PERSISTENT_ENABLE_BY_DEFAULT
3155,PM_DEVFREQ
3156,LEDS_TRIGGERS
3157,EEPROM_AT24
3158,CRYPTO_OFB
3159,PHY_PXA_28NM_USB2
3160,ST_UVIS25
3161,FSCACHE_STATS
3162,CRYPTO_DES3_EDE_X86_64
3163,BACKLIGHT_DA903X
3164,W83877F_WDT
3165,BT_MTKSDIO
3166,TASKS_RCU_GENERIC
3167,CRYPTO_SERPENT_AVX_X86_64
3168,BT_BNEP_PROTO_FILTER
3169,XFRM_ESPINTCP
3170,BLK_DEV_THROTTLING_LOW
3171,SENSORS_PXE1610
3172,PHY_CPCAP_USB
3173,MMC_SDHCI
3174,POWERCAP
3175,DEBUG_OBJECTS_FREE
3176,PCMCIA_LOAD_CIS
3177,PVH
3178,GPIO_ADP5520
3179,NLS_CODEPAGE_1250
3180,REGULATOR_TPS65132
3181,MUSB_PIO_ONLY
3182,SENSORS_IRPS5401
3183,BLK_DEV_RZ1000
3184,DEBUG_LIST
3185,MMC
3186,INPUT_GPIO_DECODER
3187,BACKLIGHT_LM3630A
3188,PSI_DEFAULT_DISABLED
3189,FB_ATY_GX
3190,BATMAN_ADV_BLA
3191,INTEL_ISH_HID
3192,NETROM
3193,IP_SET_HASH_IP
3194,SFC_SRIOV
3195,NET_DSA_MV88E6060
3196,SENSORS_GSC
3197,MLXREG_HOTPLUG
3198,TOUCHSCREEN_SILEAD
3199,SENSORS_MAX16064
3200,ASYMMETRIC_KEY_TYPE
3201,DEBUG_TEST_DRIVER_REMOVE
3202,THERMAL_HWMON
3203,MEDIA_TUNER_XC4000
3204,BCH
3205,IWLDVM
3206,DRM_R128
3207,VIDEO_IVTV_DEPRECATED_IOCTLS
3208,DVB_ISL6421
3209,X86_IOPL_IOPERM
3210,BCMGENET
3211,PCIE_DW_HOST
3212,HOLTEK_FF
3213,SYSFS_SYSCALL
3214,SRF08
3215,PSTORE_PMSG
3216,X86_MCELOG_LEGACY
3217,MFD_CS47L85
3218,KEYBOARD_APPLESPI
3219,FB_SMSCUFX
3220,FB_CMDLINE
3221,USB_FUNCTIONFS_RNDIS
3222,RADIO_WL1273
3223,MFD_JANZ_CMODIO
3224,SAMPLE_WATCHDOG
3225,MFD_MAX8998
3226,SENSORS_LM75
3227,ALIM7101_WDT
3228,EXT2_FS_POSIX_ACL
3229,DEBUG_NOTIFIERS
3230,DEBUG_HOTPLUG_CPU0
3231,TINYDRM_ST7586
3232,VIDEO_TVP514X
3233,CRASH_DUMP
3234,NET_TEAM_MODE_RANDOM
3235,USB_DWC3_OF_SIMPLE
3236,BT_RFCOMM_TTY
3237,SENSORS_LTC4245
3238,MFD_DA9055
3239,MFD_ARIZONA_I2C
3240,DRM_I2C_SIL164
3241,DMARD09
3242,SCSI_AHA1740
3243,VHOST_CROSS_ENDIAN_LEGACY
3244,ACPI_AC
3245,NVDIMM_KEYS
3246,VIDEO_GO7007
3247,MOUSE_PS2_BYD
3248,SCSI_DH_RDAC
3249,MEMORY_HOTPLUG_DEFAULT_ONLINE
3250,RAS
3251,RTC_DRV_DS1672
3252,CAN_VCAN
3253,RTC_DRV_AB3100
3254,INPUT_BMA150
3255,PARPORT_NOT_PC
3256,MCB_PCI
3257,BMI160_I2C
3258,SND_SOC_WM8737
3259,SND_PDAUDIOCF
3260,CGROUP_DEVICE
3261,CRYPTO_CAMELLIA_AESNI_AVX2_X86_64
3262,USE_PERCPU_NUMA_NODE_ID
3263,SND_SOC_ADAU1977_I2C
3264,GENEVE
3265,SND_SOC_SIGMADSP
3266,SENSORS_EMC1403
3267,SCHED_HRTICK
3268,USB_EMI26
3269,SENSORS_LTC4260
3270,TPM_KEY_PARSER
3271,CRYPTO_DEV_VIRTIO
3272,I2C_PARPORT
3273,MTRR_SANITIZER
3274,CHARGER_SBS
3275,SND_SOC_TAS6424
3276,KS7010
3277,RING_BUFFER_ALLOW_SWAP
3278,VIDEO_ADV7183
3279,BACKTRACE_SELF_TEST
3280,ARCH_ENABLE_HUGEPAGE_MIGRATION
3281,GPIO_DWAPB
3282,VHOST
3283,MMC_HSQ
3284,GPIO_PALMAS
3285,MS5611
3286,SENSORS_MLXREG_FAN
3287,USB_F_SUBSET
3288,UDMABUF
3289,DRM_I2C_ADV7511_AUDIO
3290,VMWARE_BALLOON
3291,USB_GSPCA_MR97310A
3292,DRM_I915_DEBUG
3293,ACPI_PROCESSOR_CSTATE
3294,NET_SCH_FIFO
3295,DMI
3296,TWL4030_CORE
3297,PATA_HPT37X
3298,XEN_512GB
3299,X86_PMEM_LEGACY
3300,DRM
3301,SERIAL_8250_DMA
3302,HID_KEYTOUCH
3303,DRM_PANEL_RAYDIUM_RM67191
3304,DVB_USB_DTV5100
3305,ENCRYPTED_KEYS
3306,NET_FOU_IP_TUNNELS
3307,ROMFS_ON_BLOCK
3308,DAX_DRIVER
3309,DVB_TUNER_DIB0090
3310,IP_SET
3311,GAMEPORT_NS558
3312,W1_SLAVE_DS2438
3313,USB_SERIAL_KEYSPAN
3314,SERIAL_8250_EXTENDED
3315,SCSI_AM53C974
3316,CRYPTO_ARCH_HAVE_LIB_BLAKE2S
3317,STMMAC_PLATFORM
3318,CPU_FREQ_GOV_ATTR_SET
3319,USB_FTDI_ELAN
3320,REGULATOR_WM8350
3321,FILE_LOCKING
3322,HTC_PASIC3
3323,SERIO_I8042
3324,BCMA_SFLASH
3325,WLAN_VENDOR_MEDIATEK
3326,USB_STORAGE_CYPRESS_ATACB
3327,PCMCIA_3C574
3328,PINCTRL_SINGLE
3329,NFTL
3330,FUTEX
3331,COMEDI_KCOMEDILIB
3332,SENSORS_W83793
3333,SENSORS_INSPUR_IPSPS
3334,MFD_SM501_GPIO
3335,MEDIA_TUNER_R820T
3336,USB_ZERO_HNPTEST
3337,NET_CLS_TCINDEX
3338,SND_MTPAV
3339,GREYBUS_BOOTROM
3340,TRUSTED_KEYS
3341,CRYPTO_DEV_QAT_C62XVF
3342,DEBUG_GPIO
3343,GPIO_ALTERA
3344,UIO
3345,EROFS_FS_XATTR
3346,CDROM
3347,USB_USS720
3348,LEDS_PCA963X
3349,I2C_ALI1535
3350,CB710_CORE
3351,HAVE_ARCH_USERFAULTFD_WP
3352,NUMA_KEEP_MEMINFO
3353,PWM_CROS_EC
3354,LEDS_TRIGGER_BACKLIGHT
3355,DVB_AS102
3356,VIDEO_TC358743_CEC
3357,DRM_I915_TRACE_GEM
3358,MEMCG
3359,PPS_DEBUG
3360,AD7887
3361,PATA_RZ1000
3362,FW_CFG_SYSFS_CMDLINE
3363,GREYBUS_LOOPBACK
3364,DMA_API_DEBUG_SG
3365,APPLE_MFI_FASTCHARGE
3366,WATCH_QUEUE
3367,HOTPLUG_PCI_CPCI_GENERIC
3368,PINCTRL_GEMINILAKE
3369,VHOST_IOTLB
3370,SYSCTL
3371,RAPIDIO
3372,CRYPTO_CCM
3373,CRYPTO_RMD320
3374,60XX_WDT
3375,TCP_CONG_BBR
3376,CHARGER_MAX77693
3377,MFD_TPS65086
3378,ENERGY_MODEL
3379,VIDEO_MSP3400
3380,IPV6_FOU_TUNNEL
3381,PCI_CNB20LE_QUIRK
3382,CHARGER_LP8727
3383,ADVANTECH_WDT
3384,GPIO_PISOSR
3385,SENSORS_ADM1275
3386,SND_MPU401_UART
3387,VIDEO_GS1662
3388,CRYPTO_MICHAEL_MIC
3389,BALLOON_COMPACTION
3390,MUX_GPIO
3391,DEBUG_KMEMLEAK_AUTO_SCAN
3392,TEST_BITFIELD
3393,CEC_CROS_EC
3394,HAMRADIO
3395,STMPE_SPI
3396,CPU_SUP_AMD
3397,PCI_HOST_GENERIC
3398,RTC_DRV_GOLDFISH
3399,PROFILING
3400,SENSORS_EMC6W201
3401,VDPA
3402,LIBFC
3403,SQUASHFS_ZLIB
3404,NFT_FIB_NETDEV
3405,IIO_ST_GYRO_I2C_3AXIS
3406,MODVERSIONS
3407,LIQUIDIO
3408,SENSORS_TMP102
3409,SAMPLE_HIDRAW
3410,MFD_INTEL_MSIC
3411,SCSI_UFS_BSG
3412,CHARGER_PCF50633
3413,HMM_MIRROR
3414,BLK_DEV_RSXX
3415,USB_OHCI_HCD
3416,ARCH_HIBERNATION_HEADER
3417,SCSI_SAS_HOST_SMP
3418,BMI160
3419,GPIO_MAX730X
3420,SERIAL_8250_DW
3421,DEBUG_WQ_FORCE_RR_CPU
3422,CPU_SUP_CENTAUR
3423,SERIO_APBPS2
3424,GPIO_AMDPT
3425,MFD_AS3711
3426,LEDS_TRIGGER_MTD
3427,CRYPTO_TGR192
3428,GOOGLE_VPD
3429,VIRTIO_MENU
3430,BLK_DEV_IO_TRACE
3431,IR_SIR
3432,SENSORS_LTC2978
3433,INTEL_TH_GTH
3434,SERIO_RAW
3435,INET_TCP_DIAG
3436,USB_ETH_RNDIS
3437,SPS30
3438,FB_MB862XX_PCI_GDC
3439,VIRTUALIZATION
3440,VIDEO_TW9910
3441,SENSORS_MENF21BMC_HWMON
3442,BATTERY_DS2781
3443,SND_SOC_AK4554
3444,AGP_AMD64
3445,CRYPTO_TWOFISH
3446,PHY_INTEL_EMMC
3447,ISA_DMA_API
3448,MEDIA_TUNER_M88RS6000T
3449,SND_SOC_SSM4567
3450,QUOTA
3451,SND_SOC_MAX9759
3452,FIRMWARE_EDID
3453,USB_SERIAL_KLSI
3454,MAG3110
3455,USB_XHCI_PCI_RENESAS
3456,ATH6KL
3457,VIRT_WIFI
3458,CADENCE_WATCHDOG
3459,SND_SOC_RT5645
3460,NET_SCH_TBF
3461,DM_MIRROR
3462,VIDEO_TLV320AIC23B
3463,EDAC_DECODE_MCE
3464,AGP_VIA
3465,CRYPTO_AES_NI_INTEL
3466,GPIO_74XX_MMIO
3467,FTRACE_MCOUNT_RECORD
3468,REGMAP_SLIMBUS
3469,CAN_M_CAN_TCAN4X5X
3470,LIBERTAS_THINFIRM_USB
3471,PCIE_BW
3472,SCSI_QLA_FC
3473,WQ_WATCHDOG
3474,HOTPLUG_PCI
3475,I2C_MUX_PINCTRL
3476,NET_DSA
3477,CAN_SOFTING
3478,INTEL_HID_EVENT
3479,ASM_MODVERSIONS
3480,VT
3481,REGULATOR_PWM
3482,SND_PCM_OSS_PLUGINS
3483,SCSI_3W_9XXX
3484,ZLIB_DEFLATE
3485,HID_SPEEDLINK
3486,MOUSE_PS2_FOCALTECH
3487,RDMA_SIW
3488,VIDEO_HI556
3489,CRYPTO_SHA512_SSSE3
3490,SENSORS_IR35221
3491,VXGE
3492,CRYPTO_DRBG_HASH
3493,MFD_MAX14577
3494,SENSORS_AMD_ENERGY
3495,ACERHDF
3496,DHT11
3497,HW_RANDOM_CCTRNG
3498,CRYPTO_ECC
3499,COMEDI_PCL724
3500,PARPORT_1284
3501,NVMEM_SPMI_SDAM
3502,W1_SLAVE_THERM
3503,SERIAL_MCTRL_GPIO
3504,BE2NET_BE3
3505,RD_BZIP2
3506,SND_SOC_RT5640
3507,SSB_SPROM
3508,USB_EHCI_HCD
3509,PINCTRL_MADERA
3510,SND_SOC_MAX9850
3511,SND_SOC_PCM3168A_I2C
3512,PWM_SYSFS
3513,MEDIA_TUNER_QM1D1C0042
3514,DMABUF_SELFTESTS
3515,CRYPTO_ANUBIS
3516,MTD_AR7_PARTS
3517,USB_SERIAL_F8153X
3518,MDIO_IPQ8064
3519,SENSORS_LINEAGE
3520,DVB_FIREDTV_INPUT
3521,STMMAC_SELFTESTS
3522,V4L_PLATFORM_DRIVERS
3523,GPIO_SODAVILLE
3524,TOUCHSCREEN_WM9705
3525,PINCTRL_DENVERTON
3526,DVB_B2C2_FLEXCOP_DEBUG
3527,FS_ENCRYPTION
3528,PSTORE_ZONE
3529,MOST
3530,I2C_SCMI
3531,ISL29125
3532,PCI_IOV
3533,GNSS
3534,OVERLAY_FS
3535,X86_CPUID
3536,LEDS_PCA9532
3537,USB_OTG_WHITELIST
3538,CHARGER_UCS1002
3539,CRYPTO_WP512
3540,SCIF_BUS
3541,DRM_MXSFB
3542,SI7020
3543,LEDS_MENF21BMC
3544,GENWQE
3545,CRYPTO_CAST6_AVX_X86_64
3546,CRYPTO_XXHASH
3547,M62332
3548,EFI_VARS
3549,FIELDBUS_DEV
3550,SCSI_DC395x
3551,I2C_COMPAT
3552,SENSORS_AD7414
3553,AT803X_PHY
3554,CRYPTO_BLAKE2S
3555,SENSORS_SMSC47M1
3556,COMEDI_8255_SA
3557,SENSORS_ISL29018
3558,OID_REGISTRY
3559,NETFILTER_XT_TARGET_NFLOG
3560,INET_IPCOMP
3561,BOOTPARAM_HUNG_TASK_PANIC
3562,LCD_ILI9320
3563,VIDEO_KS0127
3564,DRM_MEGACHIPS_STDPXXXX_GE_B850V3_FW
3565,IMG_ASCII_LCD
3566,X86_BOOTPARAM_MEMORY_CORRUPTION_CHECK
3567,SAMPLE_VFS
3568,USB_C67X00_HCD
3569,IPMI_POWEROFF
3570,MMC_VUB300
3571,SENSORS_CORETEMP
3572,PCIE_DW
3573,PING
3574,CAN_PEAK_PCIEC
3575,DRM_I915_DEBUG_GUC
3576,DECOMPRESS_LZMA
3577,PRINT_QUOTA_WARNING
3578,AD7606
3579,ATM_DRIVERS
3580,PARIDE_ATEN
3581,GPIO_MAX77650
3582,CAN_ESD_USB2
3583,KEYBOARD_ADP5588
3584,SENSORS_LTC4151
3585,CPU_FREQ_GOV_USERSPACE
3586,RD_LZ4
3587,OF_RESOLVE
3588,HVC_IRQ
3589,THERMAL_OF
3590,CEC_NOTIFIER
3591,X86_PAT
3592,SND_PCM_XRUN_DEBUG
3593,DUMMY_IRQ
3594,XEN_SCRUB_PAGES_DEFAULT
3595,USB_SERIAL_WHITEHEAT
3596,DRM_TI_TFP410
3597,DRM_PANEL_SAMSUNG_S6D16D0
3598,VIDEO_ET8EK8
3599,USB_CYTHERM
3600,JOYSTICK_GF2K
3601,LEDS_MT6323
3602,DRM_ARCPGU
3603,RTC_DRV_R7301
3604,INPUT_MATRIXKMAP
3605,PM_GENERIC_DOMAINS_SLEEP
3606,HANGCHECK_TIMER
3607,SENSORS_ADM9240
3608,X86_5LEVEL
3609,CMA_DEBUG
3610,GPIO_RDC321X
3611,DVB_ATBM8830
3612,SERIAL_DEV_CTRL_TTYPORT
3613,COMMON_CLK_PWM
3614,PAGE_POISONING_ZERO
3615,JUMP_LABEL
3616,DRM_LVDS_CODEC
3617,KGDB_TESTS
3618,CYCLADES
3619,EFI_DISABLE_PCI_DMA
3620,CRYPTO_GHASH_CLMUL_NI_INTEL
3621,TOUCHSCREEN_USB_ETT_TC45USB
3622,Z3FOLD
3623,REGULATOR_CPCAP
3624,CRYPTO_DEV_QAT_DH895xCCVF
3625,FB_IBM_GXT4500
3626,SERIAL_8250_EXAR
3627,INTEL_ISH_FIRMWARE_DOWNLOADER
3628,FB_BOTH_ENDIAN
3629,RTC_DRV_DS1307
3630,RTC_DRV_HID_SENSOR_TIME
3631,SCSI_BUSLOGIC
3632,MLXSW_I2C
3633,CRYPTO_SHA256_SSSE3
3634,MFD_TI_LMU
3635,DRM_PANEL_ILITEK_IL9322
3636,HID_SENSOR_CUSTOM_SENSOR
3637,AD7816
3638,AFE4404
3639,MTD_ONENAND_VERIFY_WRITE
3640,INPUT_AD714X_I2C
3641,AF_RXRPC_DEBUG
3642,PCIE_PTM
3643,IO_WQ
3644,FB_N411
3645,ENIC
3646,USB_STORAGE_ENE_UB6250
3647,LOCK_SPIN_ON_OWNER
3648,OF_OVERLAY
3649,CICADA_PHY
3650,ATM_TCP
3651,NOA1305
3652,PARIDE_PCD
3653,SND_SOC_INTEL_USER_FRIENDLY_LONG_NAMES
3654,ACORN_PARTITION
3655,PWM_TWL_LED
3656,DRM_I915_DEBUG_RUNTIME_PM
3657,ACRN_GUEST
3658,SENSORS_DA9055
3659,PROC_PID_ARCH_STATUS
3660,CAIF_NETDEV
3661,MB1232
3662,SENSORS_DS620
3663,REGULATOR_MT6311
3664,DEBUG_ENTRY
3665,THINKPAD_ACPI
3666,SERIAL_SC16IS7XX
3667,W1
3668,INT3406_THERMAL
3669,BATTERY_SBS
3670,SX9310
3671,HID_PICOLCD_LEDS
3672,SENSORS_F75375S
3673,VIDEO_SAA7110
3674,VIRTIO_FS
3675,HW_RANDOM_TPM
3676,MPL115_I2C
3677,REGULATOR_MT6323
3678,DRM_DP_CEC
3679,MD
3680,SENSORS_MAX6642
3681,SND_SOC_WM8523
3682,RTC_I2C_AND_SPI
3683,SND_SOC_DA732X
3684,IRQ_SIM
3685,CRYPTO_DEV_PADLOCK_SHA
3686,PINCTRL_AS3722
3687,CRYPTO_BLOWFISH_X86_64
3688,PHY_CADENCE_SALVO
3689,EDAC_LEGACY_SYSFS
3690,SENSORS_XGENE
3691,HID_LENOVO
3692,USB_GADGET_TARGET
3693,EXT4_USE_FOR_EXT2
3694,CRC_CCITT
3695,MSI_LAPTOP
3696,DRM_LIB_RANDOM
3697,SERIO_LIBPS2
3698,WANT_DEV_COREDUMP
3699,DVB_TDA10086
3700,REGULATOR_88PM8607
3701,SND_SOC_RT5677
3702,INPUT_E3X0_BUTTON
3703,MEDIA_TUNER_MXL5007T
3704,BLK_DEV_IDEDMA
3705,LEDS_BRIGHTNESS_HW_CHANGED
3706,TPS6105X
3707,EXTCON_USBC_CROS_EC
3708,CRYPTO_AES_TI
3709,KUNIT_TEST
3710,DP83867_PHY
3711,DRM_RADEON_USERPTR
3712,SAMPLE_KOBJECT
3713,TCG_ATMEL
3714,CRYPTO_ANSI_CPRNG
3715,MFD_STMFX
3716,QED_OOO
3717,MEDIA_SUPPORT_FILTER
3718,VIDEO_THS8200
3719,REGULATOR_TPS6507X
3720,DRM_PANEL_OSD_OSD101T2587_53TS
3721,USB_PULSE8_CEC
3722,CRYPTO_ARC4
3723,TI_ADC108S102
3724,TRACE_EVENT_INJECT
3725,RDS_RDMA
3726,DELL_RBU
3727,MMC35240
3728,STM
3729,I2C_DESIGNWARE_PLATFORM
3730,PCF50633_ADC
3731,REED_SOLOMON_ENC16
3732,REGMAP_SPI
3733,IPV6_MULTIPLE_TABLES
3734,ST_UVIS25_I2C
3735,BLK_WBT_MQ
3736,MICROCODE_OLD_INTERFACE
3737,SENSORS_MAX31722
3738,TCP_CONG_DCTCP
3739,CPU_FREQ_GOV_SCHEDUTIL
3740,INTEL_MFLD_THERMAL
3741,BCACHE_DEBUG
3742,USB_LEGOTOWER
3743,SSB_SDIOHOST_POSSIBLE
3744,KVM_INTEL
3745,RTC_DRV_PCF85063
3746,CRC32_SELFTEST
3747,ZIIRAVE_WATCHDOG
3748,MTD_ICHXROM
3749,DRM_PANEL_LVDS
3750,MANAGER_SBS
3751,FB_MATROX_G
3752,FORTIFY_SOURCE
3753,MEMSTICK
3754,DVB_PLATFORM_DRIVERS
3755,CHELSIO_T3
3756,PSTORE_LZO_COMPRESS
3757,GRACE_PERIOD
3758,SENSORS_ADT7410
3759,VIDEO_FIXED_MINOR_RANGES
3760,DYNAMIC_MEMORY_LAYOUT
3761,HT16K33
3762,INTEL_VBTN
3763,TINYDRM_REPAPER
3764,USB_G_MULTI
3765,SENSORS_VIA_CPUTEMP
3766,LOGITECH_FF
3767,NET_VENDOR_INTEL
3768,LEDS_MC13783
3769,DEVFREQ_THERMAL
3770,NF_DUP_IPV4
3771,EMBEDDED
3772,DRM_PANEL_ORISETECH_OTM8009A
3773,BACKLIGHT_WM831X
3774,PCCARD
3775,GPIO_STMPE
3776,REGULATOR_LP8788
3777,VIDEO_OV5647
3778,GPIO_104_IDIO_16
3779,DW_DMAC_CORE
3780,V4L2_MEM2MEM_DEV
3781,TOUCHSCREEN_ATMEL_MXT_T37
3782,BNXT_HWMON
3783,CCS811
3784,KEXEC_FILE
3785,XEN_HAVE_VPMU
3786,FB_TFT_ILI9481
3787,KEYBOARD_CAP11XX
3788,DRM_AMDGPU_USERPTR
3789,EXTCON_MAX14577
3790,REGULATOR_AS3711
3791,DAVICOM_PHY
3792,USB_IDMOUSE
3793,DNOTIFY
3794,STATIC_KEYS_SELFTEST
3795,MWAVE
3796,REGULATOR_MC13892
3797,FONT_SUPPORT
3798,DMA_ACPI
3799,GPIO_SIFIVE
3800,ZOPT2201
3801,USB_SERIAL_QUALCOMM
3802,DRM_SIMPLE_BRIDGE
3803,VM_EVENT_COUNTERS
3804,GPIO_MOCKUP
3805,DRM_PANEL_KINGDISPLAY_KD097D04
3806,RMI4_F11
3807,VIDEO_BT856
3808,STAGING_BOARD
3809,KEYBOARD_SUNKBD
3810,XFS_ASSERT_FATAL
3811,HP03
3812,HID_NTI
3813,LOCK_TORTURE_TEST
3814,NLS_CODEPAGE_855
3815,GP2AP002
3816,BLK_DEV_CMD640
3817,USB_SERIAL_CH341
3818,USB_RAW_GADGET
3819,RESET_ATTACK_MITIGATION
3820,NOUVEAU_LEGACY_CTX_SUPPORT
3821,FS_VERITY_BUILTIN_SIGNATURES
3822,TCP_CONG_SCALABLE
3823,DEBUG_DRIVER
3824,USB_ISP1760_GADGET_ROLE
3825,TINYDRM_ILI9225
3826,SENSORS_GL518SM
3827,USB_SERIAL_SIERRAWIRELESS
3828,IDLE_INJECT
3829,PHY_OCELOT_SERDES
3830,NET_FAILOVER
3831,RTC_DRV_TEST
3832,REED_SOLOMON
3833,X86_MCE_THRESHOLD
3834,SECONDARY_TRUSTED_KEYRING
3835,X86_MPPARSE
3836,INPUT_WM831X_ON
3837,CXD2880_SPI_DRV
3838,BCH_CONST_PARAMS
3839,SUN_PARTITION
3840,DVB_CXD2099
3841,SENSORS_APDS990X
3842,X86_HV_CALLBACK_VECTOR
3843,TCG_XEN
3844,SND_HDA_I915
3845,I2C
3846,VIDEO_TW9903
3847,IPMI_PANIC_STRING
3848,PSTORE_COMPRESS
3849,QCOM_CPR
3850,SPI_OC_TINY
3851,ATA_OVER_ETH
3852,VME_TSI148
3853,MAX517
3854,POWER_SUPPLY
3855,DRM_CHRONTEL_CH7033
3856,CPUFREQ_DT_PLATDEV
3857,REGULATOR_TPS65023
3858,VIDEO_VPX3220
3859,SCSI_AIC7XXX
3860,PCI_DIRECT
3861,SND_ATMEL_SOC
3862,IPMI_HANDLER
3863,IPDDP
3864,RCU_EXPERT
3865,CRYPTO_DRBG_CTR
3866,USB_TRANCEVIBRATOR
3867,MPTCP
3868,SKGE
3869,SDIO_UART
3870,I2C_DESIGNWARE_PCI
3871,USB_EHCI_TT_NEWSCHED
3872,VT_HW_CONSOLE_BINDING
3873,RTC_SYSTOHC
3874,PCIEAER_INJECT
3875,RTC_DRV_ISL1208
3876,MTD_NAND_CORE
3877,USB_SISUSBVGA
3878,HID_CREATIVE_SB0540
3879,INPUT_MOUSEDEV
3880,GPIO_WCD934X
3881,MFD_DA9150
3882,IIO_ST_MAGN_SPI_3AXIS
3883,FUSION_SAS
3884,FPGA
3885,DVB_DIB3000MB
3886,GPIO_WM831X
3887,FB_3DFX_ACCEL
3888,FB_VIA_DIRECT_PROCFS
3889,TRACER_MAX_TRACE
3890,MEDIA_PLATFORM_SUPPORT
3891,X86_PLATFORM_DEVICES
3892,GPIO_GPIO_MM
3893,VIDEO_SOLO6X10
3894,SERIAL_ARC
3895,RTC_DRV_PCF50633
3896,HTU21
3897,REGULATOR_ARIZONA_LDO1
3898,COMEDI_MISC_DRIVERS
3899,REGULATOR_LP872X
3900,REGULATOR_WM8400
3901,GPIO_MENZ127
3902,VIDEO_OV2680
3903,SND_VERBOSE_PROCFS
3904,SENSORS_TMP401
3905,MOUSE_VSXXXAA
3906,MTD_CFI_I1
3907,SERIAL_UARTLITE
3908,UNISYS_VISORBUS
3909,SENSORS_HDAPS
3910,GPIO_SIOX
3911,PCI_REALLOC_ENABLE_AUTO
3912,FIND_BIT_BENCHMARK
3913,LOGO_LINUX_VGA16
3914,DEBUG_LOCKING_API_SELFTESTS
3915,RTC_DRV_DA9055
3916,SIOX_BUS_GPIO
3917,AXP20X_POWER
3918,TOUCHSCREEN_MK712
3919,SLUB_MEMCG_SYSFS_ON
3920,SENSORS_LTC2978_REGULATOR
3921,HAVE_KVM_IRQ_BYPASS
3922,BACKLIGHT_LP8788
3923,MOUSE_CYAPA
3924,ACPI_PROCFS_POWER
3925,TMPFS_POSIX_ACL
3926,DRM_I915_WERROR
3927,MLXREG_IO
3928,W1_SLAVE_DS250X
3929,NLS_ISO8859_3
3930,MEDIA_TUNER_SI2157
3931,SBNI_MULTILINE
3932,LEDS_PCA955X
3933,I2C_NFORCE2_S4985
3934,REGULATOR_LTC3676
3935,PSTORE_LZO_COMPRESS_DEFAULT
3936,MS5611_I2C
3937,X86_SPEEDSTEP_CENTRINO
3938,SPI_XCOMM
3939,DRM_PANEL_OLIMEX_LCD_OLINUXINO
3940,THERMAL_STATISTICS
3941,CHARGER_MAX77650
3942,SND_SOC_AK4104
3943,GCC_PLUGINS
3944,TRACER_SNAPSHOT
3945,DRM_I915_LOW_LEVEL_TRACEPOINTS
3946,BATTERY_WM97XX
3947,REGULATOR_TPS80031
3948,INPUT_KEYSPAN_REMOTE
3949,RTC_INTF_DEV
3950,MFD_RK808
3951,SERIAL_SCCNXP
3952,LEDS_LP55XX_COMMON
3953,SCSI_IMM
3954,USER_NS
3955,MODULE_UNLOAD
3956,FB_UDL
3957,SND_SOC_WM5100
3958,DRM_DW_HDMI_AHB_AUDIO
3959,QFMT_V1
3960,SCSI_AIC94XX
3961,SSB_DRIVER_GPIO
3962,SENSORS_LM80
3963,DMI_SCAN_MACHINE_NON_EFI_FALLBACK
3964,ACPI_SLEEP
3965,DEFAULT_SECURITY_TOMOYO
3966,KEYBOARD_XTKBD
3967,ARCX_ANYBUS_CONTROLLER
3968,NLS_MAC_CENTEURO
3969,JOYSTICK_WARRIOR
3970,AD7150
3971,POWER_RESET_SYSCON_POWEROFF
3972,SND_SOC_LM4857
3973,ATM_CLIP
3974,SENSORS_LTC4215
3975,QCOM_SPMI_VADC
3976,SPI_SPIDEV
3977,DM_DEBUG
3978,IA32_EMULATION
3979,CGROUP_FREEZER
3980,ALTERA_MSGDMA
3981,ISDN
3982,FB_HECUBA
3983,IKCONFIG_PROC
3984,CGROUP_BPF
3985,TEST_FIRMWARE
3986,MFD_PALMAS
3987,MLX5_FPGA_IPSEC
3988,VT_CONSOLE_SLEEP
3989,SENSORS_TMP513
3990,DVB_TDA8261
3991,SENSORS_MC13783_ADC
3992,HID_SENSOR_ALS
3993,DRM_I2C_CH7006
3994,TTPCI_EEPROM
3995,MFD_ATMEL_HLCDC
3996,SOC_TI
3997,CRYPTO_NHPOLY1305_SSE2
3998,YENTA
3999,NLS_CODEPAGE_865
4000,DVB_MB86A20S
4001,COMMON_CLK_SI514
4002,VIRTIO_INPUT
4003,SND_SEQUENCER_OSS
4004,BATTERY_GAUGE_LTC2941
4005,KUNIT_DEBUGFS
4006,USB_ANNOUNCE_NEW_DEVICES
4007,DVB_USB_DIBUSB_MC
4008,INPUT_DRV260X_HAPTICS
4009,DVB_DDBRIDGE
4010,DRM_PANEL_LG_LB035Q02
4011,NET_EMATCH_U32
4012,HID_SMARTJOYPLUS
4013,HWSPINLOCK
4014,NET_VENDOR_OKI
4015,MEDIA_TUNER_MC44S803
4016,FPGA_MGR_ALTERA_PS_SPI
4017,VBOXSF_FS
4018,DRM_THINE_THC63LVD1024
4019,FB_3DFX_I2C
4020,HIBERNATE_CALLBACKS
4021,LEDS_PCA9532_GPIO
4022,SENSORS_APPLESMC
4023,SCHED_THERMAL_PRESSURE
4024,BCACHE_ASYNC_REGISTRAION
4025,TCG_TIS_CORE
4026,DEV_PAGEMAP_OPS
4027,FB_NVIDIA_DEBUG
4028,SATA_PMP
4029,MAX11100
4030,IP_NF_TARGET_REJECT
4031,DMABUF_HEAPS_SYSTEM
4032,USB_CONN_GPIO
4033,IPV6_GRE
4034,SND_SOC_CS42L73
4035,MFD_BCM590XX
4036,COMEDI_DT2811
4037,USB_NET2272_DMA
4038,NFC_NCI_UART
4039,VHOST_MENU
4040,CRYPTO_POLY1305_X86_64
4041,SHMEM
4042,MEDIA_COMMON_OPTIONS
4043,ZSMALLOC
4044,BLK_DEV_TC86C001
4045,GOOGLE_SMI
4046,BMC150_MAGN
4047,CRYPTO_ZSTD
4048,LIBFCOE
4049,BLK_DEV_SKD
4050,SI7005
4051,LIBERTAS_THINFIRM
4052,UBIFS_FS
4053,BE2NET_BE2
4054,REGULATOR_AXP20X
4055,GPIO_MAX7300
4056,ISL29020
4057,ZPA2326_I2C
4058,DRM_PANEL_VISIONOX_RM69299
4059,PCMCIA_RAYCS
4060,SMARTJOYPLUS_FF
4061,NF_TPROXY_IPV4
4062,DRM_I915_SW_FENCE_CHECK_DAG
4063,HFI1_DEBUG_SDMA_ORDER
4064,MEM_SOFT_DIRTY
4065,FTL
4066,HAVE_ACPI_APEI_NMI
4067,SWAP
4068,BACKLIGHT_LED
4069,YENTA_O2
4070,DVB_S5H1411
4071,HWMON
4072,USELIB
4073,MTD_CFI_I2
4074,USB_MV_UDC
4075,BATTERY_DA9150
4076,LZO_COMPRESS
4077,ATM_BR2684
4078,ECRYPT_FS
4079,BNX2X_SRIOV
4080,RTC_DRV_DS1553
4081,JOYSTICK_COBRA
4082,RWSEM_SPIN_ON_OWNER
4083,MEDIA_TUNER_FC2580
4084,CRYPTO_DEV_SAFEXCEL
4085,PTP_1588_CLOCK_IDTCM
4086,DA311
4087,COMEDI_DT2817
4088,TASKS_TRACE_RCU_READ_MB
4089,SENSORS_LM25066
4090,ROCKCHIP_PHY
4091,RTC_DRV_WM8350
4092,FPGA_MGR_ALTERA_CVP
4093,VIDEO_CPIA2
4094,REGULATOR_VIRTUAL_CONSUMER
4095,VIDEOBUF2_CORE
4096,XEN_NETDEV_BACKEND
4097,USB_ETH
4098,RMI4_F03
4099,ENVELOPE_DETECTOR
4100,FS_VERITY_DEBUG
4101,SND_SOC_TSCS454
4102,TI_ADC081C
4103,BACKLIGHT_AAT2870
4104,SENSORS_SMSC47M192
4105,USB_YUREX
4106,REGULATOR_TPS65912
4107,REGULATOR_TPS65218
4108,DRM_PANEL_FEIXIN_K101_IM2BA02
4109,DEBUG_MEMORY_INIT
4110,RTC_HCTOSYS
4111,FPGA_DFL_FME_MGR
4112,FB_SSD1307
4113,POWER_RESET_GPIO_RESTART
4114,DVB_HORUS3A
4115,MAX1118
4116,JOYSTICK_GUILLEMOT
4117,I8K
4118,AD5504
4119,LEDS_SYSCON
4120,TOUCHSCREEN_ZFORCE
4121,SURFACE_3_POWER_OPREGION
4122,MACVLAN
4123,PROBE_EVENTS
4124,JFS_DEBUG
4125,USB_DWC2_VERBOSE
4126,SPI_MASTER
4127,ACPI_REDUCED_HARDWARE_ONLY
4128,N_GSM
4129,USB_PRINTER
4130,MLX5_CORE_IPOIB
4131,DEVPORT
4132,INPUT_DRV2665_HAPTICS
4133,CRYPTO_NHPOLY1305
4134,INPUT_CM109
4135,VIDEO_TM6000
4136,MANDATORY_FILE_LOCKING
4137,MDIO_IPQ4019
4138,CRYPTO_CAMELLIA_X86_64
4139,COMEDI_DEBUG
4140,GENERIC_MSI_IRQ_DOMAIN
4141,PHY_MAPPHONE_MDM6600
4142,COMMON_CLK_BD718XX
4143,NFC_MRVL
4144,AD7606_IFACE_PARALLEL
4145,TPL0102
4146,SND_SOC_SIGMADSP_REGMAP
4147,MEDIA_TUNER_QT1010
4148,DVB_NXT6000
4149,I8253_LOCK
4150,DRM_DW_HDMI
4151,SERIAL_8250_SHARE_IRQ
4152,GFS2_FS_LOCKING_DLM
4153,A11Y_BRAILLE_CONSOLE
4154,SND_SOC_AMD_CZ_DA7219MX98357_MACH
4155,FW_LOADER_COMPRESS
4156,RANDOM_TRUST_CPU
4157,USB_EG20T
4158,I2C_FSI
4159,SCHED_TRACER
4160,VIDEO_CX88
4161,ACER_WIRELESS
4162,XILINX_SDFEC
4163,NULL_TTY
4164,NFC_HCI
4165,CGROUP_RDMA
4166,CRYPTO_DEV_ATMEL_ECC
4167,NLS_MAC_CROATIAN
4168,MINIX_FS
4169,JOYSTICK_TMDC
4170,BLK_DEV
4171,FONT_8x16
4172,DRM_PANEL_RAYDIUM_RM68200
4173,WCN36XX_DEBUGFS
4174,W1_SLAVE_DS2408_READBACK
4175,MFD_MAX8997
4176,DRM_MXS
4177,MEMCG_SWAP
4178,F2FS_FS_LZO
4179,MFD_TPS80031
4180,REGULATOR_MAX77650
4181,RANDOM_TRUST_BOOTLOADER
4182,PWM_FSL_FTM
4183,VALIDATE_FS_PARSER
4184,CRYPTO_LZ4
4185,DVB_CXD2820R
4186,CRYPTO_MANAGER_DISABLE_TESTS
4187,OVERLAY_FS_XINO_AUTO
4188,RTC_DRV_RV8803
4189,FXAS21002C_SPI
4190,NFSD_V2_ACL
4191,PATA_OLDPIIX
4192,NETXEN_NIC
4193,PM_ADVANCED_DEBUG
4194,USB_U_ETHER
4195,NFC_SHDLC
4196,EXTCON_ADC_JACK
4197,IIO_INTERRUPT_TRIGGER
4198,BLK_DEV_LOOP
4199,IR_SERIAL_TRANSMITTER
4200,MODULE_SIG
4201,FAIR_GROUP_SCHED
4202,HID_PICOLCD_BACKLIGHT
4203,MFD_DA9052_SPI
4204,DEBUG_PINCTRL
4205,X86_CHECK_BIOS_CORRUPTION
4206,USB_CONFIGFS_F_HID
4207,CAIF_USB
4208,MEMFD_CREATE
4209,GPIO_TPS65912
4210,ATA_VERBOSE_ERROR
4211,SND_JACK
4212,JOYSTICK_WALKERA0701
4213,SATA_SX4
4214,CDROM_PKTCDVD
4215,ACPI_TAD
4216,MEGARAID_SAS
4217,EDAC_I5100
4218,RTC_DRV_RV3029C2
4219,VIDEO_AK881X
4220,VIDEO_SAA7164
4221,ZLIB_INFLATE
4222,SAMPLE_UHID
4223,MAX9611
4224,MICROCHIP_PIT64B
4225,SPI_BITBANG
4226,MEMSTICK_JMICRON_38X
4227,SCHED_STACK_END_CHECK
4228,DVB_HOPPER
4229,VMWARE_PVSCSI
4230,INPUT_DRV2667_HAPTICS
4231,KEYBOARD_NEWTON
4232,TOUCHSCREEN_PENMOUNT
4233,NLS_MAC_INUIT
4234,COMEDI_8254
4235,DVB_RTL2832_SDR
4236,CHARGER_MAX8998
4237,MEDIA_TUNER_MT2060
4238,RTC_DRV_M41T80
4239,F2FS_FS_LZ4
4240,LOGO
4241,VIDEO_COBALT
4242,PINCTRL_LYNXPOINT
4243,SND_SOC_PCM3008
4244,PWM_ATMEL_HLCDC_PWM
4245,TRACEPOINT_BENCHMARK
4246,DRM_ASPEED_GFX
4247,HID_PRIMAX
4248,PCCARD_NONSTATIC
4249,SYSVIPC_COMPAT
4250,USB_SERIAL_IPW
4251,SENSORS_IR38064
4252,FTRACE
4253,RMI4_F55
4254,LEDS_SGM3140
4255,EARLY_PRINTK
4256,VIDEO_BT819
4257,BRCMFMAC_SDIO
4258,RTC_DRV_TPS80031
4259,IR_IMON_RAW
4260,MEDIA_TUNER_MT2063
4261,PCI
4262,RAS_CEC_DEBUG
4263,PROVE_RCU_LIST
4264,TYPEC_RT1711H
4265,ACPI_SBS
4266,DVB_TUA6100
4267,REGULATOR_BD71828
4268,MMA9551
4269,VIDEO_OV5670
4270,DRM_BRIDGE
4271,TOUCHSCREEN_TOUCHIT213
4272,MTD_PMC551_BUGFIX
4273,SYNC_FILE
4274,SLAB_FREELIST_HARDENED
4275,REGULATOR_SKY81452
4276,USB_GOKU
4277,OF_EARLY_FLATTREE
4278,SENSORS_WM8350
4279,IP_VS_PROTO_AH
4280,LOCK_EVENT_COUNTS
4281,ADXL345
4282,CRYPTO_CURVE25519
4283,CPU_ISOLATION
4284,GP2AP020A00F
4285,DRM_PANEL_TRULY_NT35597_WQXGA
4286,INPUT_MOUSEDEV_PSAUX
4287,LCD_VGG2432A4
4288,FS_POSIX_ACL
4289,SUNDANCE
4290,HID_THINGM
4291,VIDEO_SONY_BTF_MPX
4292,NLS_CODEPAGE_866
4293,SND_PCM_ELD
4294,X86_EXTENDED_PLATFORM
4295,SND_SOC_WM9090
4296,SENSORS_MAX8688
4297,SOUNDWIRE_QCOM
4298,IWLEGACY
4299,SI1133
4300,INTEL_TH_DEBUG
4301,LOGIWHEELS_FF
4302,MTD_L440GX
4303,SND_PCXHR
4304,RTW88_8822C
4305,CRYPTO_LIB_DES
4306,MULTIUSER
4307,LEDS_AW2013
4308,GCC_PLUGIN_RANDSTRUCT
4309,MYRI10GE
4310,BACKLIGHT_PCF50633
4311,PMBUS
4312,HZ_PERIODIC
4313,REGULATOR_S2MPS11
4314,SND_SOC_SSM2602_SPI
4315,FUSION_CTL
4316,LEDS_MAX77650
4317,EROFS_FS_SECURITY
4318,CAN_CALC_BITTIMING
4319,XZ_DEC_SPARC
4320,MMC_GOLDFISH
4321,LIB80211_CRYPT_CCMP
4322,STK8BA50
4323,I2C_MUX_GPMUX
4324,USB_CONFIGFS_F_TCM
4325,TEST_UUID
4326,MAC80211_MESH_PS_DEBUG
4327,REGMAP_I2C
4328,SND_SOC_MIKROE_PROTO
4329,HID_COUGAR
4330,NFTL_RW
4331,INPUT_POWERMATE
4332,HD44780
4333,JOYSTICK_A3D
4334,NET_ACT_CT
4335,DVB_PLL
4336,PWRSEQ_SD8787
4337,GPIO_WHISKEY_COVE
4338,SENSORS_TSL2563
4339,PHANTOM
4340,FB_TFT_BD663474
4341,FB_RADEON_BACKLIGHT
4342,FB_RADEON_I2C
4343,PPP_DEFLATE
4344,RTC_DRV_ABX80X
4345,MOXA_SMARTIO
4346,MEDIA_SUBDRV_AUTOSELECT
4347,GPIO_PCF857X
4348,SENSORS_AS370
4349,TYPEC_UCSI
4350,CEC_SECO
4351,PSTORE_842_COMPRESS_DEFAULT
4352,LIBIPW_DEBUG
4353,MEDIA_CONTROLLER_DVB
4354,DM_WRITECACHE
4355,MAC80211
4356,FB_ARC
4357,B44_PCI_AUTOSELECT
4358,NET_9P_RDMA
4359,EDD
4360,SENSORS_LTC2947_I2C
4361,HID_EZKEY
4362,MFD_TPS65912_SPI
4363,HID_APPLE
4364,ATL2
4365,PC87413_WDT
4366,MELLANOX_PLATFORM
4367,INTEL_TH
4368,LIRC
4369,NF_LOG_NETDEV
4370,PMIC_DA903X
4371,X86_INTEL_TSX_MODE_OFF
4372,DRM_PANEL_SAMSUNG_S6E3HA2
4373,SW_SYNC
4374,X86_SUPPORTS_MEMORY_FAILURE
4375,PPS_CLIENT_LDISC
4376,PINCTRL_OCELOT
4377,LEDS_TRIGGER_TIMER
4378,VIDEO_AD5820
4379,IIO_ST_GYRO_SPI_3AXIS
4380,IIO_CROS_EC_BARO
4381,MTD_ROM
4382,ACORN_PARTITION_ADFS
4383,JFFS2_FS_POSIX_ACL
4384,MOUSE_PS2_SMBUS
4385,USB_IOWARRIOR
4386,ITCO_WDT
4387,MFD_MADERA
4388,PLX_DMA
4389,INTEL_SCU_PCI
4390,SPEAKUP_SYNTH_DECEXT
4391,RTC_DRV_DS1685
4392,TCG_TIS_I2C_ATMEL
4393,MEDIA_TUNER_XC5000
4394,ATA_PIIX
4395,GPIO_F7188X
4396,MTD_NETtel
4397,IP_PNP_DHCP
4398,JOYSTICK_GRIP_MP
4399,SND_ALI5451
4400,VIDEO_EM28XX_RC
4401,CRASH_CORE
4402,TEST_MEMCAT_P
4403,SND_SOC_CPCAP
4404,MTD_SLRAM
4405,KVM_WERROR
4406,TOUCHSCREEN_ELAN
4407,SECURITY
4408,REGULATOR_DA9052
4409,USB_CONFIGFS_F_UAC1
4410,MTD_ONENAND
4411,GPIO_WM8350
4412,KUNIT_EXAMPLE_TEST
4413,DM_MULTIPATH_ST
4414,MLX_PLATFORM
4415,AD5421
4416,SOUND
4417,VIDEO_SAA6588
4418,MTD_UBI
4419,CHARGER_WILCO
4420,CHARGER_BQ2415X
4421,BATTERY_BQ27XXX_DT_UPDATES_NVM
4422,TMP006
4423,PARIDE_PT
4424,USBIP_HOST
4425,LANMEDIA
4426,MMC_SDHCI_OF_AT91
4427,BCACHE
4428,CRYPTO_LIB_CURVE25519
4429,ABX500_CORE
4430,NLS_ASCII
4431,MOST_CDEV
4432,CRYPTO_NHPOLY1305_AVX2
4433,HW_RANDOM_INTEL
4434,MFD_HI6421_PMIC
4435,PINCTRL
4436,PM_CLK
4437,XEN_FRONT_PGDIR_SHBUF
4438,GREYBUS_RAW
4439,TABLET_SERIAL_WACOM4
4440,HID_SENSOR_DEVICE_ROTATION
4441,DRM_ANALOGIX_ANX6345
4442,SND_AC97_POWER_SAVE
4443,FIREWIRE_OHCI
4444,VEML6070
4445,TTY_PRINTK
4446,IRQSOFF_TRACER
4447,DVB_USB_DTT200U
4448,LEDS_INTEL_SS4200
4449,NET_SCH_ETF
4450,W1_SLAVE_DS2406
4451,WATCHDOG_HANDLE_BOOT_ENABLED
4452,VDPA_SIM
4453,PREVENT_FIRMWARE_BUILD
4454,CDROM_PKTCDVD_WCACHE
4455,PPDEV
4456,USB_ULPI_BUS
4457,SF_PDMA
4458,TI_AM335X_ADC
4459,INPUT_POLLDEV
4460,MFD_SI476X_CORE
4461,USB_DWC2_DUAL_ROLE
4462,ATOMIC64_SELFTEST
4463,GOOGLE_FRAMEBUFFER_COREBOOT
4464,REED_SOLOMON_DEC16
4465,NET_DSA_MICROCHIP_KSZ_COMMON
4466,ARCH_MEMORY_PROBE
4467,GPIO_CRYSTAL_COVE
4468,SXGBE_ETH
4469,DEBUG_KOBJECT
4470,CRYPTO_CRC32C_INTEL
4471,MMC_WBSD
4472,CPU_FREQ_DEFAULT_GOV_SCHEDUTIL
4473,DECOMPRESS_GZIP
4474,STM_PROTO_BASIC
4475,COMEDI_ADV_PCI1724
4476,NFSD_V4_2_INTER_SSC
4477,BLK_DEV_CMD640_ENHANCED
4478,IP_DCCP_CCID3_DEBUG
4479,BLK_DEV_AEC62XX
4480,TOUCHSCREEN_MELFAS_MIP4
4481,FB_TFT_TLS8204
4482,ATH9K_STATION_STATISTICS
4483,IPACK_BUS
4484,USB_HID
4485,TCP_CONG_BIC
4486,KMX61
4487,KPC2000_DMA
4488,IPMI_PLAT_DATA
4489,MD_RAID10
4490,BT_BNEP
4491,REGULATOR_MAX8649
4492,FB_RIVA_I2C
4493,VIDEOBUF_GEN
4494,CGROUP_WRITEBACK
4495,INPUT_ADXL34X
4496,SAMPLE_WATCH_QUEUE
4497,PPTP
4498,SND_RAWMIDI
4499,PINCTRL_STMFX
4500,BT_HCIUART_3WIRE
4501,THINKPAD_ACPI_VIDEO
4502,COMPAT_VDSO
4503,PANEL
4504,AD5449
4505,SENSORS_PMBUS
4506,SENSORS_IBMAEM
4507,I2C_CBUS_GPIO
4508,MUX_MMIO
4509,VIDEOBUF_VMALLOC
4510,TAHVO_USB
4511,MFD_DLN2
4512,DRM_PANEL_SIMPLE
4513,CPU_FREQ
4514,SPI_DW_DMA
4515,SENSORS_HMC5843
4516,SENSORS_MAX16601
4517,GENERIC_BUG_RELATIVE_POINTERS
4518,CRYPTO_SM3
4519,PREEMPT_COUNT
4520,GENERIC_MSI_IRQ
4521,BT_HCIBTUSB_BCM
4522,PPS_CLIENT_GPIO
4523,JOYSTICK_XPAD_FF
4524,BATTERY_BQ27XXX_HDQ
4525,WM8350_POWER
4526,PA12203001
4527,PCIE_EDR
4528,BLK_DEV_DELKIN
4529,ASYMMETRIC_PUBLIC_KEY_SUBTYPE
4530,VIDEO_PCI_SKELETON
4531,MTD_AMD76XROM
4532,REGULATOR_DA903X
4533,IIO_CROS_EC_SENSORS_CORE
4534,SPI_DLN2
4535,GPIO_CADENCE
4536,MTD_UBI_BLOCK
4537,COMEDI_PARPORT
4538,FB_RIVA
4539,RTC_DRV_DS1286
4540,MDIO_MVUSB
4541,COMEDI_ISA_DRIVERS
4542,DRM_PANEL_FEIYANG_FY07024DI26A30D
4543,BT_HCIBLUECARD
4544,RCU_NEED_SEGCBLIST
4545,RFD77402
4546,AD5755
4547,I2C_TAOS_EVM
4548,BRIDGE_EBT_PKTTYPE
4549,INPUT_88PM80X_ONKEY
4550,INTEL_TURBO_MAX_3
4551,SND_SOC_CS35L32
4552,USB_CHIPIDEA_GENERIC
4553,CROS_EC
4554,USB_OTG_BLACKLIST_HUB
4555,PSTORE_LZ4HC_COMPRESS
4556,NET_SCH_QFQ
4557,IDE_GENERIC
4558,USB_MUSB_GADGET
4559,USB_OHCI_HCD_PLATFORM
4560,HID_ACRUX
4561,I2C_CROS_EC_TUNNEL
4562,GPIO_ADP5588_IRQ
4563,CRC8
4564,VIDEO_CS53L32A
4565,CUSE
4566,CRYPTO_LRW
4567,W83627HF_WDT
4568,SCSI_ARCMSR
4569,CPU_IDLE
4570,PCIEPORTBUS
4571,USB_EMI62
4572,NVMEM_REBOOT_MODE
4573,LEDS_LP8501
4574,DWMAC_GENERIC
4575,DAX
4576,MTD_MAP_BANK_WIDTH_16
4577,MTD_HYPERBUS
4578,GREYBUS_BRIDGED_PHY
4579,IIO_SW_DEVICE
4580,DEBUG_RSEQ
4581,MFD_CS47L90
4582,RCU_NOCB_CPU
4583,FB_VGA16
4584,REGULATOR_BCM590XX
4585,LEDS_LM3692X
4586,SCSI_ESAS2R
4587,DCA
4588,TOUCHSCREEN_ZET6223
4589,DM_VERITY_VERIFY_ROOTHASH_SIG
4590,INFINIBAND_QEDR
4591,DRM_RCAR_LVDS
4592,CGROUP_PERF
4593,VBOXGUEST
4594,SQUASHFS_EMBEDDED
4595,BRANCH_PROFILE_NONE
4596,MTD_NAND_MXIC
4597,MCP3911
4598,RMI4_F30
4599,BCMA_DEBUG
4600,SND_SOC_ML26124
4601,COMEDI_AIO_IIRO_16
4602,KXSD9
4603,RTC_CLASS
4604,HMS_PROFINET
4605,GOOGLE_COREBOOT_TABLE
4606,SND_DEBUG_VERBOSE
4607,IIO_SW_TRIGGER
4608,SND_SOC_INTEL_SKYLAKE_HDAUDIO_CODEC
4609,MFD_TPS65217
4610,6LOWPAN_DEBUGFS
4611,PINCTRL_LEWISBURG
4612,NET_EMATCH_IPSET
4613,XILINX_PR_DECOUPLER
4614,FW_CACHE
4615,NETFILTER_ADVANCED
4616,TULIP_MWI
4617,SPI_INTEL_SPI_PCI
4618,MEDIA_TUNER_FC0013
4619,LEDS_BCM6358
4620,ALTERA_PR_IP_CORE_PLAT
4621,CRYPTO_DH
4622,DVB_TDA665x
4623,CAIF_HSI
4624,LZ4HC_COMPRESS
4625,TOUCHSCREEN_HAMPSHIRE
4626,GPIO_GRGPIO
4627,COMEDI_MULTIQ3
4628,DEBUG_VM_PGFLAGS
4629,NET_DSA_TAG_DSA
4630,SENSORS_ADM1025
4631,SND_SEQ_DUMMY
4632,STK3310
4633,ATA_BMDMA
4634,ADIS16080
4635,OPROFILE_EVENT_MULTIPLEX
4636,HID_ACRUX_FF
4637,FB_VIA_X_COMPATIBILITY
4638,WEXT_PRIV
4639,DVB_SP2
4640,SND_SOC_AK4535
4641,SAMPLE_PIDFD
4642,PHY_INTEL_COMBO
4643,CRYPTO_VMAC
4644,VCNL3020
4645,VIDEO_SAA7134_ALSA
4646,CRYPTO_RSA
4647,ZPA2326
4648,USB_SERIAL_MOS7720
4649,IPW2100_DEBUG
4650,SND_SOC_XTFPGA_I2S
4651,DVB_TDA10023
4652,VIDEO_MT9M001
4653,STACK_TRACER
4654,USB_EHCI_PCI
4655,XEN_PVCALLS_FRONTEND
4656,NL80211_TESTMODE
4657,ATM_ZATM_DEBUG
4658,ARCH_PROC_KCORE_TEXT
4659,USB_STORAGE_KARMA
4660,COMMON_CLK_XLNX_CLKWZRD
4661,FB_TFT_SEPS525
4662,ECHO
4663,CRC7
4664,PARIDE_EPAT
4665,JOLIET
4666,DEBUG_NMI_SELFTEST
4667,FPGA_DFL
4668,DECOMPRESS_LZ4
4669,BATTERY_MAX17042
4670,MDIO_MSCC_MIIM
4671,GPIO_PCI_IDIO_16
4672,ACPI_BGRT
4673,PCSPKR_PLATFORM
4674,HOTPLUG_PCI_SHPC
4675,HPET_MMAP_DEFAULT
4676,GPIO_SCH311X
4677,RETU_WATCHDOG
4678,USB_GADGET_DEBUG_FS
4679,MTD_SBC_GXX
4680,TORTURE_TEST
4681,ATM_BR2684_IPFILTER
4682,EDAC_I3200
4683,ALTERA_MBOX
4684,ADXL372
4685,LCD_LTV350QV
4686,RPMSG
4687,MFD_AS3722
4688,GREYBUS_SDIO
4689,MTD_MAP_BANK_WIDTH_32
4690,NET_SCH_ETS
4691,MEMCG_KMEM
4692,DM_ZONED
4693,INTEL_IOATDMA
4694,RTC_DRV_RX8025
4695,USB_NET_CDC_EEM
4696,IR_SANYO_DECODER
4697,TQMX86_WDT
4698,XILLYBUS_PCIE
4699,MTD_CFI_INTELEXT
4700,PCI_PASID
4701,BT_HCIBCM203X
4702,VIDEO_CX2341X
4703,INFINIBAND_IPOIB_DEBUG
4704,CYPRESS_FIRMWARE
4705,USB_HCD_SSB
4706,SENSORS_ASC7621
4707,CMDLINE_PARTITION
4708,NET_VENDOR_MYRI
4709,X86_VMX_FEATURE_NAMES
4710,USB_OXU210HP_HCD
4711,MFD_TPS6586X
4712,ARCH_SUPPORTS_MEMORY_FAILURE
4713,USB_CONFIGFS_F_UVC
4714,DUMMY
4715,SENSORS_UCD9200
4716,SYSCTL_KUNIT_TEST
4717,BT_LE
4718,RPR0521
4719,CROS_EC_I2C
4720,PCI_DOMAINS
4721,LIB80211_CRYPT_WEP
4722,JAILHOUSE_GUEST
4723,PINCTRL_CEDARFORK
4724,DVB_PLUTO2
4725,BRIDGE_EBT_NFLOG
4726,CHARGER_TPS65217
4727,IIO_SIMPLE_DUMMY_BUFFER
4728,REGULATOR_MAX77686
4729,MOUSE_APPLETOUCH
4730,LZO_DECOMPRESS
4731,GPIO_DA9055
4732,EFIVAR_FS
4733,REGULATOR_PFUZE100
4734,RC_DECODERS
4735,GADGET_UAC1_LEGACY
4736,VIDEO_AU0828_V4L2
4737,REGULATOR_S5M8767
4738,VIDEO_OV2685
4739,CRYPTO_DEV_QAT_C62X
4740,COMEDI_DT2801
4741,RTL8XXXU
4742,SCSI_UFSHCD_PLATFORM
4743,MMC_SDHCI_PCI
4744,SCSI_ISCI
4745,OF_IOMMU
4746,ALIENWARE_WMI
4747,USB_AUDIO
4748,SND_SOC_MAX98504
4749,PARPORT_PC_FIFO
4750,VIRT_DRIVERS
4751,MEDIA_SUPPORT
4752,DEBUG_ATOMIC_SLEEP
4753,REGULATOR_DEBUG
4754,SATA_DWC
4755,NET_IFE_SKBMARK
4756,ADF4350
4757,COPS_TANGENT
4758,EISA
4759,HWMON_DEBUG_CHIP
4760,MTD_MAP_BANK_WIDTH_4
4761,DMAR_TABLE
4762,MFD_LP3943
4763,F71808E_WDT
4764,CPU_FREQ_GOV_PERFORMANCE
4765,DPTF_POWER
4766,QCOM_HIDMA_MGMT
4767,IIO_TRIGGER
4768,DRM_PANEL_SONY_ACX424AKP
4769,BMA180
4770,VIDEO_TVP7002
4771,USB_DWC3_HAPS
4772,LEDS_TRIGGER_DISK
4773,REGULATOR_AAT2870
4774,RTC_DRV_MAX8998
4775,W1_SLAVE_DS2430
4776,RC_LOOPBACK
4777,LEDS_NIC78BX
4778,XIL_AXIS_FIFO
4779,SND_SOC_CS4341
4780,NATSEMI
4781,AIC7XXX_BUILD_FIRMWARE
4782,USERFAULTFD
4783,WATCHDOG_PRETIMEOUT_GOV_PANIC
4784,VIDEO_IMX319
4785,EXTCON_USB_GPIO
4786,INPUT_MISC
4787,EISA_PCI_EISA
4788,IP_DCCP_DEBUG
4789,CLKSRC_MMIO
4790,GPIO_MB86S7X
4791,CAIF_DRIVERS
4792,SERIAL_SC16IS7XX_SPI
4793,HP_ACCEL
4794,ALTERA_FREEZE_BRIDGE
4795,TEST_SYSCTL
4796,SND_DMA_SGBUF
4797,CACHEFILES_DEBUG
4798,LV0104CS
4799,PWM_LPSS_PLATFORM
4800,DRM_DW_HDMI_CEC
4801,RTC_DRV_TWL4030
4802,MFD_ARIZONA
4803,ZRAM
4804,RTC_DRV_AS3722
4805,RTC_DRV_BQ4802
4806,TIPC_MEDIA_IB
4807,VIDEO_HEXIUM_GEMINI
4808,DMABUF_HEAPS_CMA
4809,CAN_FLEXCAN
4810,SWIOTLB_XEN
4811,SENSORS_ACPI_POWER
4812,USB_TEST
4813,NFC_TRF7970A
4814,MFD_IQS62X
4815,FSI_MASTER_HUB
4816,ADIS16130
4817,VIDEO_TW686X
4818,COMMON_CLK_MAX77686
4819,XEN_PCIDEV_FRONTEND
4820,MEDIA_CAMERA_SUPPORT
4821,CAN_MCBA_USB
4822,DRM_PANEL_SHARP_LS043T1LE01
4823,SCSI_FDOMAIN
4824,COMMON_CLK_SI570
4825,BT_BNEP_MC_FILTER
4826,LEDS_TI_LMU_COMMON
4827,BE2NET_HWMON
4828,ZEROPLUS_FF
4829,PINCTRL_CS47L90
4830,VIDEO_AU0828_RC
4831,IIO_SSP_SENSORS_COMMONS
4832,PM_SLEEP
4833,BD70528_WATCHDOG
4834,TWL4030_WATCHDOG
4835,DP83822_PHY
4836,KUNIT_ALL_TESTS
4837,USB_G_NCM
4838,IIO_CROS_EC_SENSORS_LID_ANGLE
4839,IDE_GD_ATA
4840,USB_F_TCM
4841,GPIO_TQMX86
4842,SND_SOC_TAS2552
4843,GOLDFISH_AUDIO
4844,GAMEPORT_L4
4845,SGI_PARTITION
4846,MEN_Z188_ADC
4847,COMMON_CLK_FIXED_MMIO
4848,USB_CHIPIDEA_TEGRA
4849,CRYPTO_KEYWRAP
4850,TIPC_MEDIA_UDP
4851,INET_DIAG
4852,PPPOATM
4853,VIDEO_ADV_DEBUG
4854,W1_MASTER_MATROX
4855,AD7768_1
4856,CRYPTO_LZO
4857,SND_SOC_CS42XX8_I2C
4858,RANDOMIZE_MEMORY
4859,W1_MASTER_SGI
4860,VIDEO_VP27SMPX
4861,FB_PM2_FIFO_DISCONNECT
4862,8139TOO_PIO
4863,THINKPAD_ACPI_DEBUGFACILITIES
4864,IP_SET_HASH_NETIFACE
4865,SATA_DWC_DEBUG
4866,IDE_TIMINGS
4867,VIDEO_BT866
4868,SYSTEM_EXTRA_CERTIFICATE
4869,DRM_PANEL_INNOLUX_P079ZCA
4870,INPUT_TPS65218_PWRBUTTON
4871,USB_CHIPIDEA_PCI
4872,MEMORY_HOTPLUG_SPARSE
4873,HID_UCLOGIC
4874,RTC_DRV_HYM8563
4875,QED_LL2
4876,SND_SOC_MSM8916_WCD_ANALOG
4877,TEST_LIST_SORT
4878,PHY_PXA_28NM_HSIC
4879,USB_CONFIGFS_MASS_STORAGE
4880,USB_LED_TRIG
4881,MAC80211_MLME_DEBUG
4882,JFFS2_FS_WBUF_VERIFY
4883,QCOM_SPMI_ADC5
4884,REGULATOR_MP886X
4885,ATM_IA
4886,TOUCHSCREEN_ELO
4887,SND_SOC_FSL_AUDMIX
4888,IIO_CONFIGFS
4889,HX711
4890,MAX30100
4891,T5403
4892,NET_CLS_CGROUP
4893,USB_R8A66597_HCD
4894,PCIE_PME
4895,FB_TFT_ILI9341
4896,NET_L3_MASTER_DEV
4897,ACPI_APEI
4898,MTD_NAND_NANDSIM
4899,NET_VENDOR_AMD
4900,PINCTRL_AXP209
4901,LEDS_ADP5520
4902,JOYSTICK_PSXPAD_SPI_FF
4903,THRUSTMASTER_FF
4904,MPL115
4905,RCU_FAST_NO_HZ
4906,EFI_FAKE_MEMMAP
4907,NFC_PN544
4908,DVB_AU8522_V4L
4909,MFD_DA9052_I2C
4910,SND_SOC_WM8510
4911,VIDEO_MT9V011
4912,USB_SL811_HCD_ISO
4913,TCP_CONG_ADVANCED
4914,KS8851_MLL
4915,IPV6_SUBTREES
4916,XZ_DEC
4917,EISA_VIRTUAL_ROOT
4918,PCMCIA_3C589
4919,EDAC_DEBUG
4920,GPIO_TPS6586X
4921,FSI
4922,MLX5_CORE_EN_DCB
4923,PM_DEVFREQ_EVENT
4924,DA9150_GPADC
4925,INET6_ESP_OFFLOAD
4926,NUMA
4927,SND_SOC_WM8903
4928,MICROCODE_INTEL
4929,SND_SOC_WM8940
4930,KEXEC_BZIMAGE_VERIFY_SIG
4931,SENSORS_IIO_HWMON
4932,FB_INTEL_I2C
4933,INPUT_PCF50633_PMU
4934,CRYPTO_DEV_AMLOGIC_GXL_DEBUG
4935,VIRTIO_CONSOLE
4936,BT_HCIBPA10X
4937,IMA_APPRAISE_BOOTPARAM
4938,TEXTSEARCH_FSM
4939,COMEDI_ADQ12B
4940,I2C_ALGOPCF
4941,SURFACE_PRO3_BUTTON
4942,BATTERY_88PM860X
4943,X86_MCE_INJECT
4944,NFC_PN532_UART
4945,TCP_CONG_WESTWOOD
4946,SFI
4947,INPUT_KEYBOARD
4948,OF_ADDRESS
4949,MFD_CS47L92
4950,I2C_MUX_REG
4951,GPIO_MERRIFIELD
4952,DVB_LGDT3305
4953,REISERFS_FS_XATTR
4954,DVB_IX2505V
4955,DPS310
4956,LTR501
4957,MFD_AXP20X_I2C
4958,KEYBOARD_ADP5589
4959,IB700_WDT
4960,SND_SOC_DA9055
4961,PROC_CPU_RESCTRL
4962,BLK_DEV_SR
4963,USB_NET_SMSC75XX
4964,THINKPAD_ACPI_DEBUG
4965,STACKLEAK_RUNTIME_DISABLE
4966,PARAVIRT_DEBUG
4967,GENERIC_PENDING_IRQ
4968,CRYPTO_DEV_AMLOGIC_GXL
4969,SPI_SLAVE_SYSTEM_CONTROL
4970,REGULATOR_MP5416
4971,PINCTRL_CS47L15
4972,IOMMU_DEBUG
4973,MEMSTICK_R592
4974,SENSORS_IBM_CFFPS
4975,CRYPTO_ARCH_HAVE_LIB_CURVE25519
4976,MOST_I2C
4977,I2C_MUX_MLXCPLD
4978,MTD_COMPLEX_MAPPINGS
4979,CPU5_WDT
4980,REGULATOR_USERSPACE_CONSUMER
4981,REGULATOR_LP3972
4982,USB_STORAGE_DEBUG
4983,INPUT_PCSPKR
4984,LIBERTAS_THINFIRM_DEBUG
4985,DVB_TDA18271C2DD
4986,VIRTIO
4987,JFS_POSIX_ACL
4988,SENSORS_DA9052_ADC
4989,X86_MCE
4990,SECURITY_APPARMOR
4991,MEDIA_TUNER_SIMPLE
4992,MEDIA_TUNER_MAX2165
4993,SERIAL_8250
4994,USB_DWC2_DEBUG_PERIODIC
4995,KPC2000_CORE
4996,VME_FAKE
4997,FB_IMSTT
4998,MEDIA_CEC_RC
4999,RC_DEVICES
5000,MFD_WM8350
5001,RTC_NVMEM
5002,BINFMT_ELF
5003,MLX_WDT
5004,SENSORS_NCT7904
5005,ACPI_I2C_OPREGION
5006,NET_VENDOR_AQUANTIA
5007,SCSI_DH
5008,CRYPTO_POLY1305
5009,PAGE_POISONING_NO_SANITY
5010,DMADEVICES
5011,BFQ_GROUP_IOSCHED
5012,TOUCHSCREEN_ADC
5013,GPIO_MADERA
5014,X86_64_ACPI_NUMA
5015,WLAN_VENDOR_RALINK
5016,FUSION_LOGGING
5017,QUEUED_RWLOCKS
5018,SX9500
5019,NET_VENDOR_SOCIONEXT
5020,DEBUG_DEVRES
5021,BRIDGE_EBT_SNAT
5022,INTEL_INT0002_VGPIO
5023,BME680_I2C
5024,ACPI_CMPC
5025,EFI_TEST
5026,JOYSTICK_FSIA6B
5027,USB_GR_UDC
5028,SND_SPI
5029,MTD_ONENAND_2X_PROGRAM
5030,GOOGLE_MEMCONSOLE
5031,LTC2983
5032,ARCH_HAS_EARLY_DEBUG
5033,TI_ADC0832
5034,SERIAL_XILINX_PS_UART_CONSOLE
5035,KEYBOARD_CROS_EC
5036,FB_SM501
5037,ACPI_NUMA
5038,DRM_NXP_PTN3460
5039,ZSMALLOC_STAT
5040,DVB_AU8522
5041,EDAC_GHES
5042,NFS_DISABLE_UDP_SUPPORT
5043,HID_LOGITECH_DJ
5044,RD_XZ
5045,CRYPTO_DES
5046,JFFS2_RTIME
5047,INTEL_MRFLD_ADC
5048,RC_CORE
5049,9P_FS_SECURITY
5050,TOUCHSCREEN_DA9052
5051,NET_SCH_RED
5052,FB_TFT_HX8340BN
5053,QCA7000_UART
5054,ZSWAP_DEFAULT_ON
5055,MTD_NAND_CAFE
5056,ACQUIRE_WDT
5057,VIDEO_ADV7170
5058,TOUCHSCREEN_SIS_I2C
5059,GENERIC_ADC_THERMAL
5060,SENSORS_ADT7310
5061,USBPCWATCHDOG
5062,SENSORS_ABITUGURU
5063,UIO_SERCOS3
5064,VIDEO_ADV7343
5065,SCSI_STEX
5066,KEYBOARD_STOWAWAY
5067,ACPI_BATTERY
5068,HWLAT_TRACER
5069,MODULE_SIG_FORMAT
5070,SOFT_WATCHDOG
5071,TOUCHSCREEN_WM97XX
5072,JOYSTICK_SIDEWINDER
5073,CROS_KBD_LED_BACKLIGHT
5074,FSI_NEW_DEV_NODE
5075,HSI
5076,REGULATOR_QCOM_SPMI
5077,ICP10100
5078,NET_SCH_MQPRIO
5079,UIO_PDRV_GENIRQ
5080,USB_MUSB_HOST
5081,DA9055_WATCHDOG
5082,VIDEO_ADV7180
5083,TI_ADS1015
5084,SENSORS_STTS751
5085,DRM_PANEL_SHARP_LS037V7DW01
5086,DM_UNSTRIPED
5087,IOMMU_DEFAULT_PASSTHROUGH
5088,LEDS_TRIGGER_CAMERA
5089,USB_NET_HUAWEI_CDC_NCM
5090,SCSI_ADVANSYS
5091,MAX77620_THERMAL
5092,DEBUG_INFO_DWARF4
5093,YENTA_ENE_TUNE
5094,SND_SUPPORT_OLD_API
5095,RTC_DRV_MSM6242
5096,TRACE_ROUTER
5097,INPUT_XEN_KBDDEV_FRONTEND
5098,SND_SEQ_HRTIMER_DEFAULT
5099,BMA220
5100,MEDIA_TUNER_TDA18250
5101,MEGARAID_NEWGEN
5102,USB_CDNS3_PCI_WRAP
5103,ADUX1020
5104,TCG_VTPM_PROXY
5105,DRM_TOSHIBA_TC358768
5106,SYSTEM76_ACPI
5107,BLK_DEV_IT8213
5108,VIDEO_UPD64031A
5109,MC3230
5110,SENSORS_MAX197
5111,ARCNET_CAP
5112,MAX5487
5113,BLK_DEV_PMEM
5114,LOGIRUMBLEPAD2_FF
5115,KGDB_SERIAL_CONSOLE
5116,SND_DYNAMIC_MINORS
5117,TCM_FC
5118,USB_STORAGE_JUMPSHOT
5119,DA9063_WATCHDOG
5120,DRM_PANEL_ASUS_Z00T_TM5P5_NT35596
5121,USB_NET_AX88179_178A
5122,NET_VENDOR_SYNOPSYS
5123,VIDEO_NOON010PC30
5124,SCSI_CXGB4_ISCSI
5125,X86_P4_CLOCKMOD
5126,REGULATOR_AS3722
5127,BT_HIDP
5128,DP83640_PHY
5129,WIRELESS_WDS
5130,BATTERY_ACT8945A
5131,NET_DSA_MICROCHIP_KSZ8795_SPI
5132,NLS_CODEPAGE_861
5133,INTEL_TH_PCI
5134,INPUT_MAX8925_ONKEY
5135,COMEDI_8255
5136,HTS221
5137,8139TOO
5138,TOUCHSCREEN_TOUCHWIN
5139,VIDEO_S5K6AA
5140,EEPROM_93XX46
5141,INTEL_TH_STH
5142,EEPROM_MAX6875
5143,ACPI_APEI_GHES
5144,INTEL_BXTWC_PMIC_TMU
5145,MOUSE_PS2_ELANTECH_SMBUS
5146,CAN_PEAK_PCMCIA
5147,YAM
5148,MFD_WM8994
5149,FB_TFT_UC1701
5150,MD_CLUSTER
5151,IP_MULTICAST
5152,NETFILTER_XT_MATCH_OWNER
5153,FUNCTION_GRAPH_TRACER
5154,MEDIA_TUNER_IT913X
5155,XEN_GRANT_DMA_ALLOC
5156,TSYS02D
5157,KGDB
5158,ION_CMA_HEAP
5159,PARAVIRT_TIME_ACCOUNTING
5160,ACPI_WATCHDOG
5161,RTC_DRV_S5M
5162,IEEE802154_MCR20A
5163,RTC_DRV_PALMAS
5164,MLX5_FPGA_TLS
5165,YENTA_TI
5166,HWPOISON_INJECT
5167,VIDEOBUF2_DMA_SG
5168,REGULATOR_LP873X
5169,COMMON_CLK
5170,RTC_DRV_BQ32K
5171,RTC_DRV_STK17TA8
5172,USB_EZUSB_FX2
5173,FSCACHE_HISTOGRAM
5174,BATTERY_DS2782
5175,PLIP
5176,PCC
5177,SPI_PXA2XX
5178,SND_INDIGODJ
5179,VIA_WDT
5180,ACPI
5181,SND_SOC_MAX9877
5182,COMEDI_NI_670X
5183,VIDEO_DEV
5184,TAP
5185,SPI_ROCKCHIP
5186,UIO_PRUSS
5187,DRM_PANEL_JDI_LT070ME05000
5188,BRIDGE_EBT_MARK
5189,DW_WATCHDOG
5190,TOUCHSCREEN_HIDEEP
5191,SERIAL_SPRD_CONSOLE
5192,TOUCHSCREEN_UCB1400
5193,NFT_FLOW_OFFLOAD
5194,HYPERVISOR_GUEST
5195,HID_CP2112
5196,SND_SOC_WM8962
5197,RAPIDIO_DEBUG
5198,I2C_SIS630
5199,HID_ELO
5200,REGULATOR_STPMIC1
5201,DM_CACHE_SMQ
5202,MTD
5203,HVC_XEN_FRONTEND
5204,GPIO_TWL6040
5205,PATA_IT821X
5206,MTD_PHYSMAP_OF
5207,SND_SOC_IMG_SPDIF_IN
5208,LEDS_CLASS
5209,MFD_ARIZONA_SPI
5210,MODULE_COMPRESS_GZIP
5211,SERIAL_LANTIQ_CONSOLE
5212,USB_STORAGE_ISD200
5213,SND_SOC_SOF_DEVELOPER_SUPPORT
5214,TMP007
5215,MTD_CFI_STAA
5216,CRYPTO_CRCT10DIF
5217,COMEDI_AMPLC_DIO200
5218,MTD_MAP_BANK_WIDTH_2
5219,TCG_TIS_I2C_NUVOTON
5220,DVB_USB_DW2102
5221,PCIE_CADENCE_PLAT_EP
5222,RTC_DRV_MAX6900
5223,CAN_M_CAN_PLATFORM
5224,REGULATOR_TPS6105X
5225,ACPI_APEI_PCIEAER
5226,REED_SOLOMON_ENC8
5227,NUMA_BALANCING
5228,SCSI_SYM53C8XX_MMIO
5229,GPIO_MC33880
5230,SCHED_MC_PRIO
5231,IP_MROUTE
5232,TYPEC_HD3SS3220
5233,BRIDGE_EBT_LOG
5234,USB_R8A66597
5235,I6300ESB_WDT
5236,BOOTPARAM_SOFTLOCKUP_PANIC
5237,SENSORS_ADT7X10
5238,DVB_OR51132
5239,DRM_AMD_DC_HDCP
5240,REGULATOR_DA9055
5241,BRIDGE_IGMP_SNOOPING
5242,PSTORE_842_COMPRESS
5243,THERMAL_GOV_POWER_ALLOCATOR
5244,SND_SOC_MAX98371
5245,NFC_NXP_NCI
5246,SENSORS_LM3533
5247,BRCM_TRACING
5248,TLAN
5249,NET_VENDOR_DEC
5250,TABLET_USB_KBTAB
5251,ACPI_EC_DEBUGFS
5252,CAN_UCAN
5253,IONIC
5254,DVB_DRX39XYJ
5255,MFD_ROHM_BD718XX
5256,NETFILTER_XT_TARGET_TCPOPTSTRIP
5257,SND_SOC_CQ0093VC
5258,REGULATOR_SY8106A
5259,INTEL_MRFLD_PWRBTN
5260,NETFILTER_NETLINK
5261,MAX63XX_WATCHDOG
5262,ARMADA_37XX_RWTM_MBOX
5263,SND_SOC_AC97_BUS
5264,SOFTLOCKUP_DETECTOR
5265,DVB_B2C2_FLEXCOP_USB_DEBUG
5266,RTC_DRV_DS1305
5267,NVME_TARGET_FCLOOP
5268,IQS621_ALS
5269,STM_SOURCE_CONSOLE
5270,MTD_PCMCIA_ANONYMOUS
5271,USB_CHIPIDEA_UDC
5272,USB_F_MIDI
5273,QRTR_MHI
5274,AD7923
5275,ATLAS_EZO_SENSOR
5276,MTD_PHRAM
5277,VIDEO_PVRUSB2_SYSFS
5278,KEYBOARD_LKKBD
5279,ELFCORE
5280,LDISC_AUTOLOAD
5281,STAGING_MEDIA
5282,SND_FIREWIRE_MOTU
5283,DECOMPRESS_XZ
5284,PSTORE
5285,NET_SCH_CBQ
5286,KEYBOARD_QT2160
5287,USB_HACKRF
5288,RTC_DRV_MAX8907
5289,NLMON
5290,KEYBOARD_LM8323
5291,SGI_GRU_DEBUG
5292,LP_CONSOLE
5293,USB_NET_AQC111
5294,INPUT_GPIO_VIBRA
5295,INPUT_PCAP
5296,NV_TCO
5297,MPTCP_IPV6
5298,TCG_CRB
5299,WILC1000_SDIO
5300,INTEL_IDXD
5301,COMPILE_TEST
5302,NUMA_EMU
5303,NET_VENDOR_SUN
5304,FB_TFT_ILI9325
5305,ADXL345_I2C
5306,SDR_PLATFORM_DRIVERS
5307,SENSORS_INA2XX
5308,NFSD_PNFS
5309,NF_REJECT_IPV6
5310,SND_SOC_WCD9335
5311,SERIAL_8250_MANY_PORTS
5312,NET_9P_DEBUG
5313,RTC_DRV_DS1307_CENTURY
5314,FPGA_DFL_FME_REGION
5315,USB_LAN78XX
5316,SERIAL_8250_CS
5317,CRYPTO_TWOFISH_X86_64
5318,IPDDP_ENCAP
5319,ACPI_DEBUGGER_USER
5320,ACPI_HED
5321,DRM_FBDEV_LEAK_PHYS_SMEM
5322,MDIO_XGENE
5323,KXCJK1013
5324,TRACING_MAP
5325,MTD_DATAFLASH_OTP
5326,USB_CONFIGFS_F_FS
5327,L2TP_ETH
5328,VIDEO_PVRUSB2_DEBUGIFC
5329,GPIO_GENERIC
5330,TOUCHSCREEN_RM_TS
5331,TIPC_CRYPTO
5332,PWRSEQ_EMMC
5333,NVME_RDMA
5334,MEDIA_TUNER_MXL5005S
5335,NET_SCH_FQ
5336,ACPI_SPCR_TABLE
5337,AD9523
5338,B43_HWRNG
5339,INET_DCCP_DIAG
5340,MTD_DATAFLASH_WRITE_VERIFY
5341,USB_SERIAL_CYBERJACK
5342,DVB_CX24123
5343,DVB_L64781
5344,NET_VENDOR_STMICRO
5345,VIDEO_MUX
5346,SND_RME9652
5347,REISERFS_PROC_INFO
5348,SND_SOC_DA7219
5349,SND_VMASTER
5350,TABLET_USB_HANWANG
5351,IP_VS_PROTO_ESP
5352,CEPH_FS
5353,SND_VX_LIB
5354,UEFI_CPER_X86
5355,X86_UV
5356,MARVELL_PHY
5357,RESET_INTEL_GW
5358,EISA_NAMES
5359,TOUCHSCREEN_IQS5XX
5360,SERIAL_CONEXANT_DIGICOLOR
5361,PCIE_DW_PLAT_HOST
5362,DRM_PANEL_SITRONIX_ST7701
5363,RTC_DRV_RX8581
5364,KUNIT_DRIVER_PE_TEST
5365,IIO_ST_MAGN_I2C_3AXIS
5366,SND_HDA_CODEC_REALTEK
5367,MEDIA_TUNER_TEA5767
5368,DVB_USB_RTL28XXU
5369,ARCH_HAS_PKEYS
5370,DMARD10
5371,SLICOSS
5372,SYNCLINK_CS
5373,X86_FEATURE_NAMES
5374,MTD_MAP_BANK_WIDTH_1
5375,DM_ZERO
5376,MTD_PHYSMAP_COMPAT
5377,REGULATOR_MAX8973
5378,CRYPTO_DEV_CCP
5379,MEDIA_TUNER
5380,EDAC_IE31200
5381,AURORA_NB8800
5382,MAC80211_LEDS
5383,HID_SENSOR_ACCEL_3D
5384,SENSORS_FTSTEUTATES
5385,MCP4531
5386,MFD_LOCHNAGAR
5387,LEDS_LT3593
5388,LEDS_IS31FL32XX
5389,RTC_DRV_MT6397
5390,NF_FLOW_TABLE_IPV6
5391,MISDN_HFCMULTI
5392,UPROBE_EVENTS
5393,RTC_DRV_DA9052
5394,DRM_AMD_ACP
5395,COMEDI_VMK80XX
5396,NET_SCH_GRED
5397,USB_SERIAL_UPD78F0730
5398,MCP3422
5399,DVB_STV0367
5400,IIO_SIMPLE_DUMMY
5401,SND_SOC_CS42L42
5402,VIDEO_MT9M111
5403,JOYSTICK_ANALOG
5404,TASK_IO_ACCOUNTING
5405,LINEAR_RANGES_TEST
5406,DVB_DYNAMIC_MINORS
5407,SND_USB_POD
5408,RTC_DRV_MAX8925
5409,NET_VENDOR_RENESAS
5410,MTD_ONENAND_GENERIC
5411,SQUASHFS_LZ4
5412,XILINX_LL_TEMAC
5413,FEALNX
5414,MFD_GATEWORKS_GSC
5415,IOMMU_DEBUGFS
5416,DMARD06
5417,MTD_SPI_NAND
5418,MOUSE_PS2
5419,PM_WAKELOCKS_GC
5420,IIO_MUX
5421,ULTRIX_PARTITION
5422,COMPAT
5423,MTD_NAND_ARASAN
5424,HIBERNATION
5425,MMC_SDHCI_MILBEAUT
5426,NF_REJECT_IPV4
5427,MTD_LPDDR
5428,MFD_INTEL_QUARK_I2C_GPIO
5429,GPIO_MAX732X_IRQ
5430,NTB_PINGPONG
5431,GCOV_PROFILE_FTRACE
5432,JOYSTICK_XPAD
5433,TIME_NS
5434,NET_VENDOR_CIRRUS
5435,MAC_PARTITION
5436,MTD_CFI_NOSWAP
5437,IIO_ST_GYRO_3AXIS
5438,ACPI_IPMI
5439,TCP_CONG_YEAH
5440,GPIOLIB
5441,IPMI_SSIF
5442,DVB_TDA10071
5443,RBTREE_TEST
5444,MS5637
5445,BLK_DEV_IDEPNP
5446,BSD_DISKLABEL
5447,USB_F_SS_LB
5448,KPROBES
5449,USB_SL811_CS
5450,BCMA_DRIVER_GMAC_CMN
5451,RTC_DRV_MAX77686
5452,AMD_IOMMU_DEBUGFS
5453,SUSPEND_FREEZER
5454,WIZNET_W5100
5455,POSIX_MQUEUE_SYSCTL
5456,MFD_CS47L35
5457,MFD_MADERA_I2C
5458,TOUCHSCREEN_MCS5000
5459,REGULATOR_TWL4030
5460,MDIO_BUS_MUX_BCM_IPROC
5461,RTC_DRV_DS1374_WDT
5462,TOSHIBA_BT_RFKILL
5463,CPU_FREQ_GOV_COMMON
5464,VGA_SWITCHEROO
5465,DMATEST
5466,PCIE_DW_PLAT
5467,INPUT_JOYDEV
5468,DVB_CX24116
5469,PCMCIA
5470,DVB_ISL6423
5471,HPWDT_NMI_DECODING
5472,COMEDI_ADDI_APCI_1032
5473,TEST_SORT
5474,AD5592R
5475,INTEL_SOC_PMIC_MRFLD
5476,AMD_NUMA
5477,RTC_DRV_MAX6916
5478,IP_SET_HASH_IPPORT
5479,TCG_TIS
5480,NEED_MULTIPLE_NODES
5481,SENSORS_UCD9000
5482,DVB_STV6110x
5483,GPIO_DLN2
5484,SCSI_SAS_ATA
5485,FCOE_FNIC
5486,TYPEC_DP_ALTMODE
5487,MEDIA_TUNER_TDA9887
5488,EFI_RUNTIME_MAP
5489,NET_VENDOR_TI
5490,REGULATOR_MAX77620
5491,HDLC_PPP
5492,BATMAN_ADV_BATMAN_V
5493,DVB_LGDT330X
5494,MOUSE_PS2_ELANTECH
5495,SSB_PCMCIAHOST
5496,BLK_DEV_PIIX
5497,REGULATOR_MAX77802
5498,IMA_QUEUE_EARLY_BOOT_KEYS
5499,BT_HCIBTUSB_RTL
5500,ARCH_HAS_ACPI_TABLE_UPGRADE
5501,KEYBOARD_MCS
5502,HARDLOCKUP_DETECTOR_PERF
5503,ARCNET_1201
5504,RT2800_LIB_MMIO
5505,NET_VENDOR_XIRCOM
5506,LTC2497
5507,MTD_PHYSMAP
5508,MTD_CFI_I8
5509,USB_EHCI_HCD_PLATFORM
5510,CM36651
5511,DVB_TDA10021
5512,TICK_ONESHOT
5513,MOUSE_PS2_SYNAPTICS_SMBUS
5514,USBIP_DEBUG
5515,CAN_PEAK_PCI
5516,FSL_EDMA
5517,LMP91000
5518,BATMAN_ADV_SYSFS
5519,UCS2_STRING
5520,WATCHDOG_PRETIMEOUT_DEFAULT_GOV_PANIC
5521,MCB_LPC
5522,IIO_BUFFER_HW_CONSUMER
5523,USB_XUSBATM
5524,DEFAULT_CUBIC
5525,SND_SOC_TLV320ADCX140
5526,PARIDE_KBIC
5527,SND_JACK_INPUT_DEV
5528,NET_SCH_CAKE
5529,RTL8XXXU_UNTESTED
5530,DVB_PT1
5531,KXSD9_SPI
5532,DA9062_THERMAL
5533,BH1780
5534,AFS_DEBUG
5535,BLK_CGROUP_IOCOST
5536,MFD_MAX77620
5537,CHARGER_88PM860X
5538,SND_YMFPCI
5539,CM3323
5540,NET_VENDOR_3COM
5541,TOUCHSCREEN_TOUCHRIGHT
5542,SUNRPC_GSS
5543,XILLYBUS_OF
5544,NET_ACT_POLICE
5545,DRM_VC4
5546,USB_CYPRESS_CY7C63
5547,IA32_FEAT_CTL
5548,VIDEO_OV7670
5549,ARCH_HAS_KEXEC_PURGATORY
5550,MAC80211_DEBUG_COUNTERS
5551,IR_REDRAT3
5552,JFFS2_COMPRESSION_OPTIONS
5553,SCSI_IPR_TRACE
5554,MCP4131
5555,FPGA_DFL_FME
5556,IR_GPIO_TX
5557,HID_MAYFLASH
5558,VIDEO_EM28XX_DVB
5559,VIDEO_DW9714
5560,NTB_TRANSPORT
5561,DM_UEVENT
5562,PANEL_CHANGE_MESSAGE
5563,TABLET_USB_GTCO
5564,MMC_SDHCI_F_SDH30
5565,RAVE_SP_EEPROM
5566,ABP060MG
5567,TPS68470_PMIC_OPREGION
5568,TOUCHSCREEN_ADS7846
5569,IPMI_SI
5570,RTC_DRV_DS3232
5571,VIDEO_CS3308
5572,RTC_DRV_CROS_EC
5573,EINT_MTK
5574,DVB_NET
5575,CRYPTO_DEV_CCP_DD
5576,PARIDE_COMM
5577,SMP
5578,VF610_ADC
5579,REGULATOR_MPQ7920
5580,JOYSTICK_SPACEORB
5581,MEDIA_ATTACH
5582,LOGO_LINUX_MONO
5583,TABLET_USB_AIPTEK
5584,MLX4_CORE
5585,SND_SOC_MAX98090
5586,SYSTEM_TRUSTED_KEYRING
5587,HMEM_REPORTING
5588,FRONTSWAP
5589,X509_CERTIFICATE_PARSER
5590,STK8312
5591,XEN_PRIVCMD
5592,SND_SOC_ES8328
5593,TOUCHSCREEN_WM9713
5594,CHARGER_AXP20X
5595,DLN2_ADC
5596,SCSI_UFS_CDNS_PLATFORM
5597,LOCKUP_DETECTOR
5598,XEN_ACPI_PROCESSOR
5599,SND_SOC_SOF_DEBUG_PROBES
5600,SYSTEMPORT
5601,SERIAL_ALTERA_UART
5602,COMMON_CLK_CDCE925
5603,MEDIA_TUNER_MT2266
5604,USB_ZERO
5605,IP_SET_HASH_IPMAC
5606,MAX5432
5607,MODULE_FORCE_UNLOAD
5608,PKCS7_MESSAGE_PARSER
5609,INPUT_RK805_PWRKEY
5610,USB_STORAGE_DATAFAB
5611,BLK_DEV_INITRD
5612,MTD_OF_PARTS
5613,GENERIC_TRACER
5614,FONT_8x8
5615,NETFILTER_XT_MATCH_ADDRTYPE
5616,OPT3001
5617,AB3100_OTP
5618,PATA_HPT3X3
5619,NET_SCH_TEQL
5620,DVB_STV0288
5621,TOUCHSCREEN_AR1021_I2C
5622,MISC_RTSX_PCI
5623,KDB_KEYBOARD
5624,INV_MPU6050_IIO
5625,TYPEC
5626,IEEE802154_HWSIM
5627,RD_LZO
5628,EXTCON_MAX77693
5629,VIDEO_MEM2MEM_DEINTERLACE
5630,AD7949
5631,CRYPTO_CAST_COMMON
5632,DVB_LGDT3306A
5633,SND_ICE1724
5634,INPUT_MMA8450
5635,BLK_CGROUP_IOLATENCY
5636,PC300TOO
5637,SND_SOC_WM8727
5638,CRYPTO_CRYPTD
5639,USB_AMD5536UDC
5640,MSCC_OCELOT_SWITCH_OCELOT
5641,VMWARE_VMCI_VSOCKETS
5642,NFC_DIGITAL
5643,MTD_PHYSMAP_GPIO_ADDR
5644,SND_SOC_RT1308_SDW
5645,IR_WINBOND_CIR
5646,YENTA_RICOH
5647,CAN_SOFTING_CS
5648,DEBUG_PERF_USE_VMALLOC
5649,MD_LINEAR
5650,DVB_M88RS2000
5651,LWTUNNEL_BPF
5652,DRM_PANEL_BRIDGE
5653,INPUT_PCF8574
5654,JOYSTICK_DB9
5655,MOUSE_GPIO
5656,ARCH_CPUIDLE_HALTPOLL
5657,VIDEO_TVAUDIO
5658,PINCTRL_MTK
5659,MTD_OTP
5660,USB_MUSB_DUAL_ROLE
5661,TOUCHSCREEN_USB_ELO
5662,DM_VERITY_FEC
5663,HW_CONSOLE
5664,HID_GOOGLE_HAMMER
5665,MDIO_OCTEON
5666,FPGA_MGR_XILINX_SPI
5667,DVB_AV7110
5668,VIDEO_HEXIUM_ORION
5669,SND_SOC_STI_SAS
5670,RD_GZIP
5671,TRANSPARENT_HUGEPAGE_ALWAYS
5672,PCI_MSI
5673,VIDEOBUF2_MEMOPS
5674,PM_TRACE
5675,USB_FOTG210_UDC
5676,BLK_DEV_TRM290
5677,SND_SOC_INTEL_CML_H
5678,HID_PICOLCD_LCD
5679,NET_VENDOR_GOOGLE
5680,DRM_PANEL_ELIDA_KD35T133
5681,AM2315
5682,TOUCHSCREEN_SURFACE3_SPI
5683,GREYBUS_AUDIO
5684,SND
5685,INPUT_ADXL34X_SPI
5686,USB_U_AUDIO
5687,KARMA_PARTITION
5688,MEDIA_CONTROLLER_REQUEST_API
5689,MFD_TC3589X
5690,JFFS2_SUMMARY
5691,CRYPTO_TWOFISH_X86_64_3WAY
5692,MODULE_SIG_ALL
5693,PINCTRL_JASPERLAKE
5694,VIDEO_CX88_ALSA
5695,IIO_ADIS_LIB_BUFFER
5696,DVB_OR51211
5697,DMA_ENGINE_RAID
5698,KEYBOARD_GPIO
5699,PINCTRL_LOCHNAGAR
5700,CARDMAN_4000
5701,I2C_ALI1563
5702,RTC_DRV_WM831X
5703,SND_SOC_ALC5632
5704,TEST_PRINTF
5705,IPC_NS
5706,VGACON_SOFT_SCROLLBACK
5707,COMEDI_RTD520
5708,AD7793
5709,PINCTRL_CS47L92
5710,VIDEO_ADV748X
5711,BLK_CGROUP_RWSTAT
5712,USB_CHIPIDEA_IMX
5713,INFINIBAND_QIB_DCA
5714,DRM_MIPI_DBI
5715,VIDEO_SAA7134_RC
5716,SND_SOC_MT6351
5717,AMILO_RFKILL
5718,MEDIA_TUNER_TDA18271
5719,USB_PHY
5720,SND_KORG1212
5721,COMMON_CLK_RK808
5722,EFI_CAPSULE_LOADER
5723,PWM
5724,COMMON_CLK_SAMSUNG
5725,NO_HZ_IDLE
5726,SND_SOC_UDA1334
5727,TEST_MIN_HEAP
5728,PINCTRL_MCP23S08_I2C
5729,EFI_SOFT_RESERVE
5730,SPI_SLAVE_TIME
5731,INTEL_SOC_DTS_THERMAL
5732,SND_SOC_SOF_TOPLEVEL
5733,INPUT_MC13783_PWRBUTTON
5734,OF_PMEM
5735,RTC_DRV_PCF8523
5736,RMI4_2D_SENSOR
5737,MENF21BMC_WATCHDOG
5738,SCSI_PPA
5739,X86_THERMAL_VECTOR
5740,POWER_RESET_LTC2952
5741,NOZOMI
5742,IR_MCEUSB
5743,MFD_MAX77650
5744,MTD_INTEL_VR_NOR
5745,SND_SOC_AC97_CODEC
5746,IPQ_LCC_806X
5747,USB_STORAGE
5748,TYPEC_MUX_INTEL_PMC
5749,RCU_STALL_COMMON
5750,IP_DCCP_TFRC_LIB
5751,AL3010
5752,NETFILTER_XT_TARGET_CONNSECMARK
5753,KGDB_LOW_LEVEL_TRAP
5754,MMC_TOSHIBA_PCI
5755,EXTCON_INTEL_INT3496
5756,COMEDI_AMPLC_DIO200_ISA
5757,VIDEO_XILINX
5758,IPWIRELESS
5759,TYPEC_TCPCI
5760,PM_TRACE_RTC
5761,HID_SENSOR_IIO_COMMON
5762,VIDEO_CADENCE_CSI2TX
5763,SQUASHFS_4K_DEVBLK_SIZE
5764,USB_CATC
5765,CHARGER_BQ24735
5766,VIDEO_UDA1342
5767,MEDIA_DIGITAL_TV_SUPPORT
5768,GAMEPORT_EMU10K1
5769,SND_SOC_WM8955
5770,REGULATOR_MAX1586
5771,SND_RME32
5772,MEDIA_TUNER_XC2028
5773,LTC2471
5774,MMA7455_I2C
5775,VIDEO_V4L2_I2C
5776,DVB_USB_CXUSB
5777,SPI_AXI_SPI_ENGINE
5778,CHARGER_MAX8997
5779,PM_NOTIFIER_ERROR_INJECT
5780,CORE_DUMP_DEFAULT_ELF_HEADERS
5781,NVM_PBLK_DEBUG
5782,INPUT_AXP20X_PEK
5783,DM_DEBUG_BLOCK_STACK_TRACING
5784,CFG80211_DEBUGFS
5785,XEN_BALLOON
5786,USB_SERIAL_CP210X
5787,EEEPC_LAPTOP
5788,AFE4403
5789,VIDEO_TDA1997X
5790,SND_ICE1712
5791,BT_HCIUART_H4
5792,PM_TEST_SUSPEND
5793,MEDIA_USB_SUPPORT
5794,USB_CONFIGFS_SERIAL
5795,DVB_TTUSB_BUDGET
5796,PROC_THERMAL_MMIO_RAPL
5797,TINYDRM_MI0283QT
5798,NO_HZ
5799,SND_SOC_ISABELLE
5800,SND_SOC_WSA881X
5801,JOYSTICK_IFORCE
5802,IIO_TRIGGERED_EVENT
5803,LCD_LMS501KF03
5804,DEFXX_MMIO
5805,MISDN_HDLC
5806,VIRTIO_PCI_LEGACY
5807,INFINIBAND_RTRS
5808,USB_SEVSEG
5809,ACPI_DOCK
5810,ATM_NICSTAR_USE_SUNI
5811,NETFILTER_XTABLES
5812,CAN_J1939
5813,BATMAN_ADV_MCAST
5814,SND_SOC_DA7213
5815,SND_SOC_MAX9867
5816,CHELSIO_T4_DCB
5817,DVB_ZL10036
5818,PCIPCWATCHDOG
5819,USB_CDNS3_GADGET
5820,JFFS2_FS_XATTR
5821,I2C_PIIX4
5822,ACPI_TOSHIBA
5823,WLAN_VENDOR_RSI
5824,MTD_NAND_DENALI
5825,MMC_SDHCI_XENON
5826,GNSS_SIRF_SERIAL
5827,P54_PCI
5828,COMEDI
5829,BLK_DEV_IDECS
5830,RTC_DRV_DS1347
5831,SND_SOC_UDA134X
5832,HIBERNATION_SNAPSHOT_DEV
5833,ACPI_PROCESSOR_IDLE
5834,MAX44000
5835,POWER_RESET_MT6323
5836,TI_ADC161S626
5837,UIO_MF624
5838,INPUT_IQS269A
5839,CPU_SUP_ZHAOXIN
5840,IIO_TIGHTLOOP_TRIGGER
5841,DVB_LNBH29
5842,INTEL_MIC_X100_DMA
5843,BFQ_CGROUP_DEBUG
5844,MAX44009
5845,USB_SERIAL_PL2303
5846,MAC80211_MPL_DEBUG
5847,NET_VENDOR_PACKET_ENGINES
5848,USB_CHIPIDEA
5849,IDE_GD_ATAPI
5850,NET_ACT_SIMP
5851,NETFILTER_XT_TARGET_SECMARK
5852,PSTORE_FTRACE
5853,COMPAT_BINFMT_ELF
5854,NET_VENDOR_I825XX
5855,CRYPTO_LIB_CURVE25519_GENERIC
5856,TWL4030_MADC
5857,VIRTIO_MMIO_CMDLINE_DEVICES
5858,MLX5_MPFS
5859,DVB_USB_NOVA_T_USB2
5860,CAIF_VIRTIO
5861,REGMAP_I3C
5862,VIDEO_WM8739
5863,MEDIA_TEST_SUPPORT
5864,INFINIBAND_OCRDMA
5865,FPGA_MGR_ICE40_SPI
5866,BACKLIGHT_LM3533
5867,CHARLCD_BL_FLASH
5868,TOUCHSCREEN_CYTTSP_CORE
5869,DVB_DUMMY_FE
5870,IPVLAN
5871,NET_POLL_CONTROLLER
5872,SND_HDA_DSP_LOADER
5873,APDS9300
5874,GREYBUS_FIRMWARE
5875,SMS_USB_DRV
5876,MLXSW_CORE_HWMON
5877,VIDEO_I2C
5878,DM_INIT
5879,CM3232
5880,DRM_I915_DEBUG_VBLANK_EVADE
5881,CROS_EC_SPI
5882,SND_SOC_SOF_INTEL_TOPLEVEL
5883,USB_ADUTUX
5884,SND_SOC_WM8961
5885,IRQ_FASTEOI_HIERARCHY_HANDLERS
5886,GPIO_WATCHDOG_ARCH_INITCALL
5887,CACHEFILES_HISTOGRAM
5888,VIDEO_WM8775
5889,VIDEO_MXB
5890,ACORN_PARTITION_POWERTEC
5891,NETFILTER_XT_MATCH_SOCKET
5892,FXAS21002C
5893,DM_SNAPSHOT
5894,LIB80211
5895,MCP4725
5896,USB_DYNAMIC_MINORS
5897,CROS_EC_ISHTP
5898,IP_FIB_TRIE_STATS
5899,MISDN_DSP
5900,CRYPTO_CAST5
5901,USB_MAX3420_UDC
5902,RTC_DRV_FM3130
5903,VIDEO_SAA7146_VV
5904,SERIAL_SIFIVE
5905,DVB_STB6100
5906,PHY_TUSB1210
5907,MISDN_HFCPCI
5908,SYS_HYPERVISOR
5909,HID_BIGBEN_FF
5910,WIRELESS_EXT
5911,IP_PIMSM_V1
5912,VIDEO_ADV7393
5913,SND_SOC_CS35L36
5914,FB_TFT_WATTEROTT
5915,INGENIC_CGU_COMMON
5916,SMS_SIANO_RC
5917,DVB_STV0900
5918,SECURITY_YAMA
5919,DVB_TUNER_DIB0070
5920,TOUCHSCREEN_USB_COMPOSITE
5921,AD7292
5922,USB_MDC800
5923,PTP_1588_CLOCK_IDT82P33
5924,DELL_WMI_AIO
5925,VF610_DAC
5926,BATMAN_ADV_NC
5927,MTD_DATAFLASH
5928,SERIO_SERPORT
5929,DM_DUST
5930,AD5770R
5931,PPP_FILTER
5932,USB_CONFIGFS_PHONET
5933,SND_ISIGHT
5934,JOYSTICK_AS5011
5935,MPTCP_HMAC_TEST
5936,SD_ADC_MODULATOR
5937,WLAN_VENDOR_CISCO
5938,ANDROID_BINDER_IPC_SELFTEST
5939,RADIO_MAXIRADIO
5940,SPEAKUP_SYNTH_ACNTSA
5941,VIDEO_VIMC
5942,TOUCHSCREEN_EXC3000
5943,BLK_DEV_SIS5513
5944,SENSORS_PWM_FAN
5945,RTC_DRV_EM3027
5946,MTD_NAND_ECC_SW_HAMMING
5947,SCSI_UFSHCD_PCI
5948,INTEGRITY
5949,XEN_PVHVM_SMP
5950,DVB_USB_MXL111SF
5951,HUGETLB_PAGE
5952,HOTPLUG_CPU
5953,FSI_MASTER_GPIO
5954,VIDEO_MT9V032
5955,USB_NET_GL620A
5956,CAN_CC770_ISA
5957,COMEDI_MITE
5958,W1_SLAVE_SMEM
5959,BLK_DEV_JMICRON
5960,VIDEO_VIVID_CEC
5961,RTC_INTF_DEV_UIE_EMUL
5962,IP_NF_TARGET_NETMAP
5963,VIDEOBUF2_V4L2
5964,SPI_NXP_FLEXSPI
5965,MFD_WCD934X
5966,IGB
5967,COMEDI_ADDI_WATCHDOG
5968,IIO
5969,SND_SOC_TAS5720
5970,MIGRATION
5971,ECRYPT_FS_MESSAGING
5972,NET_SCH_CBS
5973,THERMAL_MMIO
5974,6LOWPAN_NHC_MOBILITY
5975,BRIDGE_EBT_IP
5976,WLAN_VENDOR_REALTEK
5977,IIO_BUFFER_DMA
5978,VIDEO_CX18
5979,PDC_ADMA
5980,USB_CONFIGFS_F_PRINTER
5981,PARIDE_KTTI
5982,ADE7854_I2C
5983,BPF_JIT_DEFAULT_ON
5984,DVB_BCM3510
5985,RTC_DRV_DA9063
5986,NET_VENDOR_ALACRITECH
5987,PTP_1588_CLOCK_VMW
5988,USB_ROLES_INTEL_XHCI
5989,MLX90632
5990,COMEDI_CB_DAS16_CS
5991,GPIO_AGGREGATOR
5992,PALMAS_GPADC
5993,AD2S90
5994,NET_VENDOR_QLOGIC
5995,SND_FIREWIRE
5996,SND_HDA_CODEC_CMEDIA
5997,SCSI_UFS_DWC_TC_PLATFORM
5998,ATL1E
5999,PINCTRL_CS47L35
6000,SONY_FF
6001,ARCH_WANT_OLD_COMPAT_IPC
6002,SND_ES1968_INPUT
6003,FB_ATY_GENERIC_LCD
6004,CHARGER_MP2629
6005,IR_SONY_DECODER
6006,DVB_S5H1409
6007,REGULATOR_88PM800
6008,BACKLIGHT_RAVE_SP
6009,FSL_ENETC_VF
6010,IIO_CROS_EC_SENSORS
6011,VIA_VELOCITY
6012,BMP280_I2C
6013,XEN_SCSI_BACKEND
6014,LCD_L4F00242T03
6015,SENSORS_DELL_SMM
6016,BNA
6017,USB_ARCH_HAS_HCD
6018,SND_SOC_XILINX_SPDIF
6019,SND_SOC_GTM601
6020,CRYPTO_RNG_DEFAULT
6021,DW_DMAC_PCI
6022,MLXSW_SWITCHIB
6023,JOYSTICK_TWIDJOY
6024,DMA_DECLARE_COHERENT
6025,MFD_STMPE
6026,NET_VENDOR_NI
6027,USB_PCI
6028,PSTORE_CONSOLE
6029,IP_MULTIPLE_TABLES
6030,6PACK
6031,SND_GINA24
6032,LEDS_WM8350
6033,TCG_TIS_SPI_CR50
6034,NET_DSA_MICROCHIP_KSZ9477_SPI
6035,HW_RANDOM_AMD
6036,INFINIBAND_ADDR_TRANS
6037,VIDEO_ADV7511_CEC
6038,TOUCHSCREEN_USB_DMC_TSC10
6039,SND_SOC_COMPRESS
6040,CRYPTO_CURVE25519_X86
6041,SND_HDA_RECONFIG
6042,SND_SOC_DMIC
6043,XFRM_STATISTICS
6044,NET_CLS_FLOWER
6045,IP_ROUTE_VERBOSE
6046,HYPERV_BALLOON
6047,DA280
6048,THUNDER_NIC_BGX
6049,UV_MMTIMER
6050,B43_DEBUG
6051,BROKEN_ON_SMP
6052,SPRD_COMMON_CLK
6053,PARAVIRT
6054,TIPC_DIAG
6055,TRACE_CLOCK
6056,ARCH_HAS_UACCESS_MCSAFE
6057,SND_LAYLA20
6058,MOUSE_ELAN_I2C_I2C
6059,NETCONSOLE_DYNAMIC
6060,GPIO_ASPEED
6061,VIDEO_SR030PC30
6062,SPI_ALTERA
6063,SPI_SLAVE
6064,JOYSTICK_GRIP
6065,VIDEO_ADV7511
6066,I2C_RK3X
6067,VIDEO_MT9V111
6068,INTEL_SOC_PMIC_CHTWC
6069,HVC_XEN
6070,USB_CONFIGFS_RNDIS
6071,SPEAKUP_SYNTH_DECTLK
6072,IIO_ST_LSM6DSX_I3C
6073,UID16
6074,ADXL345_SPI
6075,NEED_PER_CPU_KM
6076,NET_SCH_DEFAULT
6077,VIDEO_ADV7175
6078,I2C_THUNDERX
6079,DEFAULT_SECURITY_SELINUX
6080,INPUT_DA9063_ONKEY
6081,MEDIA_TUNER_TDA8290
6082,I2C_VIAPRO
6083,BPF_LIRC_MODE2
6084,SND_AU8830
6085,MEMORY_ISOLATION
6086,PWM_TWL
6087,CHARGER_LP8788
6088,SPEAKUP
6089,RTC_DRV_DS2404
6090,MMC_RICOH_MMC
6091,CAN_SJA1000_PLATFORM
6092,INTEL_SMARTCONNECT
6093,NET_CLS_U32
6094,FPGA_DFL_FME_BRIDGE
6095,DRM_PANEL_SITRONIX_ST7789V
6096,SENSORS_LTC2947_SPI
6097,USB_SERIAL_MCT_U232
6098,DS1803
6099,SCSI_MVSAS_TASKLET
6100,NET_VENDOR_CADENCE
6101,USB_STORAGE_FREECOM
6102,SPI_FSL_SPI
6103,ADIS16203
6104,TSYS01
6105,LEDS_TCA6507
6106,MEMBARRIER
6107,COMEDI_NI_MIO_CS
6108,GREYBUS_GPIO
6109,USB_SERIAL_CONSOLE
6110,CEPH_FSCACHE
6111,INPUT_MAX77693_HAPTIC
6112,DRM_PANEL_PANASONIC_VVX10F034N00
6113,GREYBUS_PWM
6114,SENSIRION_SGP30
6115,NET_VENDOR_SEEQ
6116,DRM_PANEL_LEADTEK_LTK500HD1829
6117,SAMSUNG_Q10
6118,MFD_AXP20X
6119,XEN_GRANT_DEV_ALLOC
6120,SND_SOC_MAX98925
6121,MAX8925_POWER
6122,MTD_PHYSMAP_VERSATILE
6123,SND_SOC_PCM186X_SPI
6124,PARPORT_PC_PCMCIA
6125,BACKLIGHT_ADP5520
6126,IPMI_WATCHDOG
6127,PCIE_CADENCE_PLAT
6128,RT2X00
6129,APDS9960
6130,SCSI_IZIP_SLOW_CTR
6131,USB_DSBR
6132,AD7746
6133,HID_APPLEIR
6134,PCI_XEN
6135,MXC4005
6136,HOTPLUG_SMT
6137,VIDEOBUF2_DVB
6138,CRYPTO_DEV_PADLOCK
6139,BLK_DEV_VIA82CXXX
6140,ACPI_ALS
6141,MODULE_FORCE_LOAD
6142,CARDMAN_4040
6143,SND_SOC_SOF_BROADWELL_SUPPORT
6144,RADIO_SI4713
6145,GPIO_HLWD
6146,HAVE_BOOTMEM_INFO_NODE
6147,CPUFREQ_DT
6148,GPIO_KEMPLD
6149,UEFI_CPER
6150,GENERIC_BUG
6151,PINCTRL_INTEL
6152,WLAN_VENDOR_ST
6153,SND_DEBUG
6154,SND_SEQ_MIDI
6155,USB_DWC3_GADGET
6156,CPUSETS
6157,USB_DWC3_ULPI
6158,HOTPLUG_PCI_CPCI_ZT5550
6159,MTD_PARTITIONED_MASTER
6160,HYPERV_KEYBOARD
6161,MFD_VIPERBOARD
6162,ASYNC_PQ
6163,ACPI_REV_OVERRIDE_POSSIBLE
6164,DEBUG_KERNEL_DC
6165,SND_SOC_TLV320AIC23
6166,SND_SOC_ADAU7118_HW
6167,6LOWPAN_GHC_EXT_HDR_ROUTE
6168,AXP288_ADC
6169,MUTEX_SPIN_ON_OWNER
6170,NFSD_V3
6171,INFINIBAND_IPOIB_CM
6172,REGULATOR_TPS65910
6173,SND_DESIGNWARE_PCM
6174,UHID
6175,MEDIA_ANALOG_TV_SUPPORT
6176,AK09911
6177,W1_SLAVE_DS2405
6178,BMC150_MAGN_I2C
6179,BRIDGE_NF_EBTABLES
6180,GPIO_XRA1403
6181,MFD_ROHM_BD70528
6182,VIDEO_OV2740
6183,I2C_ARB_GPIO_CHALLENGE
6184,DRM_PANEL_TPO_TD043MTEA1
6185,TOUCHSCREEN_AD7879_I2C
6186,TOUCHSCREEN_BU21029
6187,BCMA_HOST_PCI
6188,MTD_SWAP
6189,KEYBOARD_MPR121
6190,EL3
6191,PCI_PF_STUB
6192,MMA9553
6193,FB_S3
6194,NET_SCH_FQ_PIE
6195,MFD_STPMIC1
6196,NET_VENDOR_PENSANDO
6197,NFS_V4_1_MIGRATION
6198,DVB_CX22702
6199,MEMORY_HOTREMOVE
6200,JFFS2_ZLIB
6201,SPI_DW_MMIO
6202,HID_ASUS
6203,B43LEGACY_DEBUG
6204,KEXEC_JUMP
6205,TASKS_RUDE_RCU
6206,RTL8723_COMMON
6207,X86_MCE_INTEL
6208,PCENGINES_APU2
6209,AK8975
6210,LEDS_IS31FL319X
6211,SND_CTL_VALIDATION
6212,RTC_DRV_PCF8583
6213,PTDUMP_CORE
6214,KPROBE_EVENT_GEN_TEST
6215,USB_USBNET
6216,HPET_EMULATE_RTC
6217,SND_SOC_ADAU1701
6218,SERIAL_8250_MEN_MCB
6219,CAN_EMS_USB
6220,PROC_FS
6221,SND_SOC_SOF_OF
6222,ENA_ETHERNET
6223,FB_GEODE
6224,USB_CHAOSKEY
6225,DVB_NXT200X
6226,SND_SOC_ADAU1781_I2C
6227,SMS_SIANO_MDTV
6228,ARCH_WANT_COMPAT_IPC_PARSE_VERSION
6229,I2C_OWL
6230,USB_SERIAL_MOS7840
6231,FTRACE_SELFTEST
6232,VIDEO_GO7007_USB_S2250_BOARD
6233,DRM_PANEL
6234,STMMAC_ETH
6235,MTD_UBI_GLUEBI
6236,RESET_UNIPHIER
6237,ITCO_VENDOR_SUPPORT
6238,DVB_ZL10039
6239,RMI4_SPI
6240,MOUSE_PS2_TRACKPOINT
6241,DVB_SI2168
6242,GPIO_RC5T583
6243,BSD_PROCESS_ACCT_V3
6244,VCNL4035
6245,WATCHDOG_PRETIMEOUT_GOV
6246,SERIAL_ALTERA_JTAGUART
6247,USB_SERIAL_MXUPORT
6248,WM8350_WATCHDOG
6249,SND_SOC_LOCHNAGAR_SC
6250,IP_NF_SECURITY
6251,NET_VENDOR_ROCKER
6252,USB_MSI2500
6253,SND_SEQ_DEVICE
6254,MMC_MTK
6255,USB_NET_SMSC95XX
6256,GPIO_GW_PLD
6257,SND_USB_TONEPORT
6258,HTS221_I2C
6259,BMG160_I2C
6260,TCG_INFINEON
6261,RTC_DRV_MCP795
6262,SND_SOC_CS47L90
6263,SND_SOC_PCM1681
6264,PCI_MSI_IRQ_DOMAIN
6265,USB_DWC2_TRACK_MISSED_SOFS
6266,GPIO_BD9571MWV
6267,DA9052_WATCHDOG
6268,IPV6_SIT
6269,DRM_SII9234
6270,SND_SST_IPC_PCI
6271,ADE7854_SPI
6272,NETCONSOLE
6273,USB_SERIAL
6274,BLK_RQ_ALLOC_TIME
6275,RTC_DRV_DS1374
6276,OF_DYNAMIC
6277,CMA_SIZE_SEL_MBYTES
6278,TAHVO_USB_HOST_BY_DEFAULT
6279,SERIAL_8250_ASPEED_VUART
6280,AD525X_DPOT_SPI
6281,NFC_ST_NCI_SPI
6282,ATH_DEBUG
6283,CAN_RAW
6284,TOUCHSCREEN_EKTF2127
6285,PPP_ASYNC
6286,NET_SCH_CHOKE
6287,B44
6288,IPV6_ROUTER_PREF
6289,IIO_SYSFS_TRIGGER
6290,HID_HOLTEK
6291,INPUT_TWL6040_VIBRA
6292,NET_CLS_BASIC
6293,BLK_DEV_MD
6294,IOMMU_IOVA
6295,KGDB_TESTS_ON_BOOT
6296,PINCTRL_MAX77620
6297,COMEDI_BOND
6298,FPGA_BRIDGE
6299,SERIAL_8250_RSA
6300,QED_ISCSI
6301,IWLWIFI_BCAST_FILTERING
6302,NETFILTER_NETLINK_GLUE_CT
6303,RTC_DRV_PCF8563
6304,MOUSE_PS2_LOGIPS2PP
6305,IP_SET_BITMAP_IPMAC
6306,IBMASR
6307,PINCTRL_MCP23S08_SPI
6308,IIO_ST_ACCEL_I2C_3AXIS
6309,DVB_S5H1432
6310,SND_SOC_PCM186X_I2C
6311,CLOCK_THERMAL
6312,MMCONF_FAM10H
6313,DM_CLONE
6314,HDLC
6315,REGULATOR_ROHM
6316,SUSPEND_SKIP_SYNC
6317,SND_SOC_ES7241
6318,EZX_PCAP
6319,PPP_MULTILINK
6320,AHCI_CEVA
6321,LEDS_CR0014114
6322,AD9467
6323,REGULATOR_BD70528
6324,SERIAL_SCCNXP_CONSOLE
6325,REGULATOR_SY8824X
6326,USB_SNP_UDC_PLAT
6327,IIO_KFIFO_BUF
6328,PINCTRL_CANNONLAKE
6329,SND_SOC_RT715_SDW
6330,INPUT_AD714X
6331,KEYBOARD_QT1050
6332,NF_LOG_IPV4
6333,USB_CONFIGFS
6334,IIO_ST_SENSORS_CORE
6335,SPI_CADENCE
6336,RTC_DRV_LP8788
6337,VIDEO_SAA6752HS
6338,PINCTRL_ASPEED
6339,INPUT_MAX77650_ONKEY
6340,RTC_DRV_M41T80_WDT
6341,JOYSTICK_STINGER
6342,TCP_CONG_VEGAS
6343,VIDEO_TW68
6344,ND_CLAIM
6345,QCOM_QMI_HELPERS
6346,DRM_PANEL_TPO_TPG110
6347,CROS_EC_RPMSG
6348,DVB_LNBH25
6349,COMEDI_DAS08
6350,MISDN_W6692
6351,HAVE_CLK_PREPARE
6352,ACPI_HOTPLUG_MEMORY
6353,KEYBOARD_TC3589X
6354,SND_SOC_SOF_STRICT_ABI_CHECKS
6355,IEEE802154_CC2520
6356,DVB_DIB3000MC
6357,GNSS_UBX_SERIAL
6358,SPI_XILINX
6359,FB_INTEL_DEBUG
6360,NTB_SWITCHTEC
6361,USB_GADGET
6362,IP_NF_TARGET_ECN
6363,USB_CDNS3_HOST
6364,SPI_DW_PCI
6365,MDIO_BUS_MUX_MULTIPLEXER
6366,SND_SOC_ES7134
6367,XDP_SOCKETS_DIAG
6368,STE10XP
6369,DVB_USB_CINERGY_T2
6370,SERIAL_CORE
6371,UP_LATE_INIT
6372,FB_VESA
6373,WLAN_VENDOR_ATMEL
6374,SND_SOC_ES8328_SPI
6375,EDAC_I7300
6376,READ_ONLY_THP_FOR_FS
6377,NET_CLS_ACT
6378,VIDEO_IMX258
6379,SUSPEND
6380,B43_PHY_HT
6381,USB_SERIAL_F81232
6382,X86_INTEL_MEMORY_PROTECTION_KEYS
6383,INPUT_IDEAPAD_SLIDEBAR
6384,OF_GPIO
6385,PINCTRL_STM32
6386,RTC_DRV_FTRTC010
6387,X86_SPEEDSTEP_LIB
6388,DRM_PANEL_NOVATEK_NT35510
6389,ACORN_PARTITION_ICS
6390,SND_SOC_INTEL_BYT_CHT_DA7213_MACH
6391,SCSI_HPSA
6392,AD5380
6393,SND_SOC_WL1273
6394,ADXL372_I2C
6395,INLINE_SPIN_UNLOCK_IRQ
6396,MMC_SDHCI_PLTFM
6397,UBIFS_FS_XATTR
6398,VIDEO_OV2640
6399,DVB_DEMUX_SECTION_LOSS_LOG
6400,MD_RAID0
6401,USB_DWC2_HOST
6402,NF_NAT_FTP
6403,NET_SCH_SFB
6404,CLK_QORIQ
6405,IGC
6406,NET_DSA_TAG_AR9331
6407,LCD_OTM3225A
6408,RADIO_SHARK
6409,INLINE_READ_UNLOCK_IRQ
6410,BLK_DEV_DRBD
6411,EVM_ATTR_FSUUID
6412,ROSE
6413,TINY_RCU
6414,SI1145
6415,SND_DRIVERS
6416,SND_INTEL_NHLT
6417,DRM_PARADE_PS8622
6418,SND_HWDEP
6419,VIDEO_V4L2
6420,ISI
6421,USB_ISIGHTFW
6422,IIO_ST_PRESS
6423,VIDEO_TDA9840
6424,LIB80211_CRYPT_TKIP
6425,SCSI_DH_EMC
6426,USB_KEENE
6427,GENERIC_ISA_DMA
6428,IR_GPIO_CIR
6429,PHY_NS2_PCIE
6430,DRM_PANEL_NEC_NL8048HL11
6431,SND_ENS1370
6432,ADIS16260
6433,KEYBOARD_GOLDFISH_EVENTS
6434,MLXSW_CORE
6435,MMA7455_SPI
6436,KEYBOARD_ST_KEYSCAN
6437,DRM_PANEL_BOE_HIMAX8279D
6438,IIO_CROS_EC_ACCEL_LEGACY
6439,BT_HCIUART_QCA
6440,MTD_CFI_ADV_OPTIONS
6441,W83977F_WDT
6442,SERIAL_UARTLITE_CONSOLE
6443,VIDEO_TVP5150
6444,CAN_PEAK_USB
6445,SND_SST_IPC_ACPI
6446,MOUSE_PS2_LIFEBOOK
6447,BT_RFCOMM
6448,MTD_REDBOOT_PARTS_READONLY
6449,IXP4XX_NPE
6450,CM3605
6451,TOUCHSCREEN_USB_EGALAX
6452,VIRTIO_PMEM
6453,MLXSW_CORE_THERMAL
6454,GPIO_MAX732X
6455,IIO_ST_SENSORS_SPI
6456,NFSD_V4
6457,SND_SOC_PCM179X
6458,BT_HS
6459,TOUCHSCREEN_USB_E2I
6460,MMA8452
6461,DVB_CX22700
6462,USB_VL600
6463,IPV6_ILA
6464,COMMON_CLK_S2MPS11
6465,BACKLIGHT_AS3711
6466,NET_ACT_NAT
6467,PINCTRL_SAMSUNG
6468,DVB_MN88443X
6469,NFC_MICROREAD
6470,FRAMEBUFFER_CONSOLE_ROTATION
6471,MEDIA_TUNER_TUA9001
6472,CHARGER_MAX14577
6473,XEN_SYS_HYPERVISOR
6474,XEN_BACKEND
6475,MD_AUTODETECT
6476,SPI_MT65XX
6477,NAU7802
6478,SPI_LM70_LLP
6479,POWER_RESET_AS3722
6480,VIDEO_SMIAPP
6481,PLATFORM_MHU
6482,BMC150_ACCEL
6483,IIO_BUFFER_CB
6484,MODULE_SIG_FORCE
6485,SND_SOC_INTEL_SST_TOPLEVEL
6486,SND_SOC_WM8990
6487,VXLAN
6488,UBIFS_FS_LZO
6489,BT_6LOWPAN
6490,ATM_HE_USE_SUNI
6491,TREE_SRCU
6492,PARIDE_FRIQ
6493,SERIAL_KGDB_NMI
6494,SCR24X
6495,KEYBOARD_STMPE
6496,TOUCHSCREEN_COLIBRI_VF50
6497,NET_DSA_AR9331
6498,USB_LIBCOMPOSITE
6499,BLK_DEV_NULL_BLK
6500,TOUCHSCREEN_EETI
6501,SND_SST_ATOM_HIFI2_PLATFORM_ACPI
6502,SND_SOC_FSL_MICFIL
6503,KEYBOARD_GPIO_POLLED
6504,LIDAR_LITE_V2
6505,USB_DWC2
6506,SND_SOC_ZL38060
6507,MOUSE_PS2_TOUCHKIT
6508,IT8712F_WDT
6509,X86_PMEM_LEGACY_DEVICE
6510,TOUCHSCREEN_WM9712
6511,NET_DSA_SJA1105
6512,AXP20X_ADC
6513,IPMI_DEVICE_INTERFACE
6514,AIC7XXX_DEBUG_ENABLE
6515,HAVE_CLK
6516,MANTIS_CORE
6517,DELL_WMI_DESCRIPTOR
6518,SQUASHFS_ZSTD
6519,USB_APPLEDISPLAY
6520,REGULATOR_HI6421V530
6521,NETFILTER_XT_MATCH_HASHLIMIT
6522,CRYPTO_KPP
6523,HYPERV_STORAGE
6524,THERMAL_DEFAULT_GOV_STEP_WISE
6525,ACPI_HMAT
6526,SENSORS_ADS7871
6527,TEST_DEBUG_VIRTUAL
6528,EFI_STUB
6529,SND_SOC_SOF_HDA_ALWAYS_ENABLE_DMI_L1
6530,SND_SOC_ICS43432
6531,SND_SOC_I2C_AND_SPI
6532,CRYPTO_MANAGER_EXTRA_TESTS
6533,USBIP_VHCI_HCD
6534,USB_SERIAL_SIMPLE
6535,VHOST_SCSI
6536,REGULATOR_ACT8945A
6537,SND_FIREWIRE_TASCAM
6538,DVB_LNBP21
6539,USB_MA901
6540,USB_ZR364XX
6541,FB_TFT_SSD1305
6542,TOUCHSCREEN_AD7879
6543,PCIE_CADENCE_PLAT_HOST
6544,NET_SCH_MULTIQ
6545,IPV6_ROUTE_INFO
6546,CIO_DAC
6547,ATM_ENI_BURST_RX_16W
6548,XEN_DEBUG_FS
6549,QUEUED_SPINLOCKS
6550,SYSV68_PARTITION
6551,CAVIUM_PTP
6552,PCIE_CADENCE
6553,ION
6554,VIDEO_TC358743
6555,JOYSTICK_ADI
6556,NET_SCH_PLUG
6557,USB_OTG
6558,SOUND_OSS_CORE
6559,TASKS_RCU
6560,HDLC_RAW_ETH
6561,ET131X
6562,IR_JVC_DECODER
6563,RTC_DRV_M48T35
6564,WILCO_EC_TELEMETRY
6565,COMPAT_32
6566,ACPI_APEI_ERST_DEBUG
6567,MMC_SDHCI_OF_DWCMSHC
6568,HAMACHI
6569,QCOM_VADC_COMMON
6570,TI_CPSW_PHY_SEL
6571,X86_64_SMP
6572,IEEE802154_6LOWPAN
6573,MTD_CFI_GEOMETRY
6574,DEBUG_KOBJECT_RELEASE
6575,NET_VENDOR_WIZNET
6576,QCOM_SPMI_IADC
6577,BLK_DEV_DM_BUILTIN
6578,SATA_GEMINI
6579,SND_SOC_RT715
6580,FB
6581,SND_SOC_WM5110
6582,LOAD_UEFI_KEYS
6583,SCSI_DPT_I2O
6584,FB_TFT_TINYLCD
6585,VIDEO_OV13858
6586,VL53L0X_I2C
6587,LEDS_BCM6328
6588,SND_TRIDENT
6589,LEDS_LM3601X
6590,SERIAL_IPOCTAL
6591,SND_SOC_MT6660
6592,PINCTRL_PALMAS
6593,SND_SOC_WM8731
6594,CRYPTO_DEV_NITROX_CNN55XX
6595,I2C_VIPERBOARD
6596,MFD_TPS65218
6597,SCSI_QLOGIC_1280
6598,VIDEO_CADENCE
6599,CW1200_WLAN_SPI
6600,PARIDE_PD
6601,SND_LOLA
6602,INPUT_ARIZONA_HAPTICS
6603,REGULATOR_MCP16502
6604,SND_SOC_ADS117X
6605,COMPAT_OLD_SIGACTION
6606,TOUCHSCREEN_USB_ZYTRONIC
6607,MMC_VIA_SDMMC
6608,DMA_ENGINE
6609,E1000
6610,SND_SOC_NAU8540
6611,PWM_BERLIN
6612,PATA_EFAR
6613,MSM_GCC_8916
6614,INFINIBAND_VMWARE_PVRDMA
6615,IXGBEVF
6616,KEYBOARD_TWL4030
6617,DVB_CXD2880
6618,FSI_OCC
6619,AD5686
6620,PARPORT_AX88796
6621,MFD_MC13XXX_I2C
6622,PSTORE_LZ4_COMPRESS_DEFAULT
6623,SENSORS_MAX6697
6624,HID_SONY
6625,GNSS_MTK_SERIAL
6626,BLK_DEV_IDEACPI
6627,IEEE802154_FAKELB
6628,LEDS_KTD2692
6629,HID_BETOP_FF
6630,PINMUX
6631,PPS_CLIENT_PARPORT
6632,NFT_SOCKET
6633,TABLET_USB_ACECAD
6634,MFD_RN5T618
6635,NF_CONNTRACK_FTP
6636,UNISYS_VISORINPUT
6637,COMEDI_DAS08_CS
6638,SND_FIREWIRE_DIGI00X
6639,SERIAL_MEN_Z135
6640,HARDLOCKUP_DETECTOR
6641,JOYSTICK_MAGELLAN
6642,SND_PCI
6643,USB_DWC3_DUAL_ROLE
6644,LAN743X
6645,SND_DUMMY
6646,CAN_CC770_PLATFORM
6647,DRM_PANEL_ROCKTECH_JH057N00900
6648,VIDEO_UPD64083
6649,PHY_CADENCE_DPHY
6650,IPV6_MROUTE_MULTIPLE_TABLES
6651,USB_ISP1760_HCD
6652,SND_SOC_PCM5102A
6653,MTD_CFI
6654,INPUT_STPMIC1_ONKEY
6655,GREYBUS_USB
6656,ZONE_DEVICE
6657,FB_TFT_ST7735R
6658,DRM_PANEL_SAMSUNG_LD9040
6659,RTC_DRV_DS1343
6660,RTC_DRV_MAX8997
6661,FB_RADEON_DEBUG
6662,WILC1000
6663,FB_SYS_FILLRECT
6664,INET_DIAG_DESTROY
6665,EXPORTFS
6666,LZ4_DECOMPRESS
6667,CRYPTO_BLAKE2S_X86
6668,RESET_HISI
6669,RTC_DRV_ISL12022
6670,KXSD9_I2C
6671,SERIAL_FSL_LINFLEXUART_CONSOLE
6672,USB_CDC_PHONET
6673,NET_ACT_SKBEDIT
6674,ARCH_MAY_HAVE_PC_FDC
6675,NETFILTER_INGRESS
6676,AD5624R_SPI
6677,PWM_STMPE
6678,WIREGUARD_DEBUG
6679,USB_ISP1760
6680,BLK_DEV_NS87415
6681,EFI_DEV_PATH_PARSER
6682,INPUT_RETU_PWRBUTTON
6683,MLX5_ESWITCH
6684,NFC_ST_NCI_I2C
6685,COMEDI_DT9812
6686,SND_SOC
6687,TABLET_USB_PEGASUS
6688,FB_DEFERRED_IO
6689,TCP_CONG_NV
6690,LIBFDT
6691,SERIAL_ALTERA_JTAGUART_CONSOLE
6692,NF_FLOW_TABLE
6693,KPC2000
6694,PINCTRL_EQUILIBRIUM
6695,PSTORE_DEFLATE_COMPRESS
6696,AD8366
6697,KEYBOARD_OMAP4
6698,VIDEO_ADV7604_CEC
6699,IOMMU_DMA
6700,TIMER_OF
6701,AD7291
6702,REGULATOR_BD718XX
6703,DRM_PANEL_SAMSUNG_S6E8AA0
6704,NETFILTER_XT_MATCH_DEVGROUP
6705,NETFILTER_XT_TARGET_TCPMSS
6706,NETFILTER_XT_MATCH_RECENT
6707,DVB_USB_AZ6027
6708,PINCTRL_RK805
6709,CROS_USBPD_LOGGER
6710,HID_SENSOR_GYRO_3D
6711,MMC_TIFM_SD
6712,MDIO_MOXART
6713,XEN_GNTDEV_DMABUF
6714,DM_SWITCH
6715,ASUS_WIRELESS
6716,6LOWPAN_NHC_DEST
6717,DRM_TOSHIBA_TC358767
6718,FB_SYS_FOPS
6719,DVB_ASCOT2E
6720,RTC_DRV_PCF2127
6721,IMA_TRUSTED_KEYRING
6722,V4L2_FWNODE
6723,SERIAL_ALTERA_UART_CONSOLE
6724,CRYPTO_AES
6725,USB_SERIAL_CYPRESS_M8
6726,I2C_AMD_MP2
6727,GREYBUS_ES2
6728,COMEDI_NI_6527
6729,MFD_STM32_TIMERS
6730,DVB_STB6000
6731,TOUCHSCREEN_EGALAX_SERIAL
6732,SND_SOC_ADAU1761_SPI
6733,BAYCOM_SER_HDX
6734,RTC_INTF_SYSFS
6735,SCSI_CHELSIO_FCOE
6736,LOCKD_V4
6737,INTEL_IOMMU_DEFAULT_ON
6738,VIDEO_MT9T112
6739,SECURITY_SMACK_NETFILTER
6740,DVB_AF9033
6741,VIDEO_CX23885
6742,PCIE_XILINX
6743,RPMSG_QCOM_GLINK_RPM
6744,KEYBOARD_DLINK_DIR685
6745,MPL3115
6746,RTC_DRV_RK808
6747,RTC_DRV_ABB5ZES3
6748,C2PORT_DURAMAR_2150
6749,MOST_DIM2
6750,PARIDE_ON20
6751,BMG160_SPI
6752,OLD_SIGSUSPEND3
6753,USB_CONFIGFS_NCM
6754,COMEDI_ADL_PCI6208
6755,X86_INTEL_MID
6756,MFD_CPCAP
6757,IP_DCCP_TFRC_DEBUG
6758,SND_ES1938
6759,MACSEC
6760,DM_CRYPT
6761,NVMEM
6762,TOUCHSCREEN_S6SY761
6763,TOUCHSCREEN_ST1232
6764,USB_SERIAL_DIGI_ACCELEPORT
6765,MADERA_IRQ
6766,VIDEO_DW9807_VCM
6767,WLAN_VENDOR_BROADCOM
6768,MFD_MAX77686
6769,RTC_DRV_PCF85363
6770,SND_DESIGNWARE_I2S
6771,SND_SOC_RL6231
6772,SND_SOC_CS43130
6773,HSU_DMA_PCI
6774,BMC150_ACCEL_I2C
6775,PINCTRL_MSM8916
6776,DVB_STV6110
6777,DECOMPRESS_LZO
6778,GREYBUS_I2C
6779,RTC_DRV_ABEOZ9
6780,ARCH_ENABLE_MEMORY_HOTREMOVE
6781,MEDIA_TUNER_TDA827X
6782,MICREL_KS8995MA
6783,DVB_MMAP
6784,COMEDI_USBDUXSIGMA
6785,IP_VS_PROTO_TCP
6786,JOYSTICK_SPACEBALL
6787,HPET_MMAP
6788,QLCNIC
6789,CHELSIO_T4VF
6790,SND_SOC_INTEL_MACH
6791,ACPI_APEI_EINJ
6792,DVB_TDA10048
6793,SCIF
6794,COMEDI_ADDI_APCI_1564
6795,DM_RAID
6796,SCSI_INITIO
6797,CIFS_XATTR
6798,ASYNC_XOR
6799,DRM_PANEL_SAMSUNG_S6E63J0X03
6800,BT_HCIUART_LL
6801,CLK_BCM_NS2
6802,XEN
6803,NET_VENDOR_NETRONOME
6804,INLINE_WRITE_UNLOCK
6805,HYPERV
6806,ATH10K_SDIO
6807,DVB_DIB7000M
6808,JOYSTICK_PSXPAD_SPI
6809,GPIO_TC3589X
6810,6LOWPAN_NHC_FRAGMENT
6811,RTC_DEBUG
6812,TOUCHSCREEN_CY8CTMG110
6813,ATM_LANAI
6814,ARCNET_COM20020
6815,IP_ROUTE_CLASSID
6816,IIO_ST_LSM6DSX
6817,USB_MOUSE
6818,NETFILTER_NETLINK_LOG
6819,NET_SCH_SKBPRIO
6820,DVB_DIB7000P
6821,EFI_BOOTLOADER_CONTROL
6822,CAIF_SPI_SLAVE
6823,B44_PCI
6824,VFIO_IOMMU_TYPE1
6825,PHY_QCOM_USB_SNPS_FEMTO_V2
6826,PHY_NS2_USB_DRD
6827,RTC_DRV_RS5C348
6828,NET_VENDOR_NVIDIA
6829,WATCHDOG
6830,USB_EHCI_FSL
6831,ASYNC_RAID6_TEST
6832,RTC_DRV_MC13XXX
6833,PINCTRL_SH_PFC
6834,ADI_AXI_ADC
6835,FONT_TER16x32
6836,BT_HCIUART_AG6XX
6837,SOUND_OSS_CORE_PRECLAIM
6838,SND_SOC_XILINX_I2S
6839,USB_GADGET_VERBOSE
6840,ADIS16475
6841,UBIFS_FS_ADVANCED_COMPR
6842,SOC_BUS
6843,SOFT_WATCHDOG_PRETIMEOUT
6844,GPIO_PCIE_IDIO_24
6845,SND_SOC_PCM512x_SPI
6846,ADF4371
6847,SENSORS_RM3100
6848,DVB_ISL6405
6849,USB_SERIAL_SAFE_PADDED
6850,PINCTRL_BAYTRAIL
6851,TINY_SRCU
6852,HP_WATCHDOG
6853,KEYBOARD_TM2_TOUCHKEY
6854,IMA_READ_POLICY
6855,SERIAL_SC16IS7XX_I2C
6856,MFD_ROHM_BD71828
6857,DEFAULT_PFIFO_FAST
6858,GENERIC_IRQ_MIGRATION
6859,AD5696_I2C
6860,USB_GADGETFS
6861,FPGA_DFL_AFU
6862,SERIAL_CONEXANT_DIGICOLOR_CONSOLE
6863,DVB_USB_CE6230
6864,IIO_ST_LSM6DSX_I2C
6865,ASYNC_RAID6_RECOV
6866,DVB_CX24110
6867,CAN_CC770
6868,TOUCHSCREEN_MMS114
6869,SERIAL_CORE_CONSOLE
6870,USB_ISP1760_DUAL_ROLE
6871,COMMON_CLK_LOCHNAGAR
6872,CPU_SUP_INTEL
6873,LAPBETHER
6874,SND_SOC_CS47L35
6875,ASYNC_CORE
6876,FB_BROADSHEET
6877,CONFIGFS_FS
6878,DM_MULTIPATH
6879,NET_DSA_VITESSE_VSC73XX_PLATFORM
6880,BE2NET
6881,RC_XBOX_DVD
6882,MOUSE_ELAN_I2C_SMBUS
6883,MTD_NAND_DISKONCHIP_PROBE_HIGH
6884,COMEDI_PCL726
6885,HUAWEI_WMI
6886,LIST_KUNIT_TEST
6887,SND_SOC_FSL_MQS
6888,MISDN_ISAR
6889,NFT_OBJREF
6890,SND_CS4281
6891,SPI_FSI
6892,PWRSEQ_SIMPLE
6893,ARCNET_RIM_I
6894,NET_IPGRE_BROADCAST
6895,MMA7455
6896,CROS_EC_VBC
6897,GENERIC_PINCONF
6898,KPROBES_SANITY_TEST
6899,SND_SOC_TAS2770
6900,TOUCHSCREEN_MC13783
6901,VIDEO_SAA7146
6902,MMU_GATHER_TABLE_FREE
6903,KGDB_KDB
6904,MOXA_INTELLIO
6905,EDAC_I10NM
6906,APPLE_PROPERTIES
6907,COMMON_CLK_MMP2_AUDIO
6908,DYNAMIC_FTRACE_WITH_DIRECT_CALLS
6909,GPIO_104_IDI_48
6910,NET_CLS_FLOW
6911,MEDIA_TUNER_MXL301RF
6912,6LOWPAN_GHC_EXT_HDR_HOP
6913,SND_SOC_SOF_COMETLAKE_LP_SUPPORT
6914,REGULATOR_ARIZONA_MICSUPP
6915,TOUCHSCREEN_CYTTSP4_CORE
6916,VIDEO_V4L2_SUBDEV_API
6917,WIZNET_W5300
6918,TTY
6919,THUNDER_NIC_VF
6920,SERIAL_XILINX_PS_UART
6921,SCSI_HISI_SAS
6922,MD_FAULTY
6923,USB_FUNCTIONFS_GENERIC
6924,SND_PCSP
6925,RTC_DRV_DS1685_FAMILY
6926,VIDEOBUF2_DMA_CONTIG
6927,X86_NUMACHIP
6928,SENSORS_SCH5627
6929,IR_IGORPLUGUSB
6930,IP_NF_MANGLE
6931,AD5758
6932,YELLOWFIN
6933,FSI_SCOM
6934,WIZNET_BUS_ANY
6935,DVB_MANTIS
6936,SND_DICE
6937,FXAS21002C_I2C
6938,MTD_CK804XROM
6939,PATA_MARVELL
6940,TINYDRM_ST7735R
6941,DVB_MB86A16
6942,SND_BT87X_OVERCLOCK
6943,INTEGRITY_AUDIT
6944,ALIM1535_WDT
6945,IP_DCCP_CCID3
6946,AD7192
6947,SND_SOC_PCM179X_I2C
6948,NFS_V3_ACL
6949,XEN_EFI
6950,ADXL372_SPI
6951,PATA_ATP867X
6952,CIFS_UPCALL
6953,FB_S3C
6954,COMPAT_FOR_U64_ALIGNMENT
6955,ADT7316_I2C
6956,PATA_NETCELL
6957,DM_FLAKEY
6958,DRM_XEN
6959,AK8974
6960,LP8788_ADC
6961,VIDEO_TM6000_DVB
6962,DRM_I2C_ADV7511_CEC
6963,KVM
6964,MLX5_EN_TLS
6965,USB_CONFIGFS_OBEX
6966,RTL8180
6967,CRYPTO_LZ4HC
6968,THERMAL
6969,HID_SENSOR_MAGNETOMETER_3D
6970,BTREE
6971,VIDEO_IMX219
6972,INFINIBAND_SRP
6973,ADXRS450
6974,REGULATOR_TPS65217
6975,MTD_PCMCIA
6976,GPIO_BD70528
6977,TYPEC_TPS6598X
6978,DVB_DIB9000
6979,DVB_RTL2832
6980,HDC100X
6981,REGULATOR_VCTRL
6982,HOTPLUG_PCI_ACPI
6983,PCIEAER
6984,VSOCKMON
6985,IP6_NF_MATCH_RPFILTER
6986,IIO_RESCALE
6987,RTC_DRV_PCAP
6988,PCMCIA_SPECTRUM
6989,DVB_B2C2_FLEXCOP_USB
6990,SND_SOC_WM8753
6991,SND_SOC_FSL_SSI
6992,SFC_FALCON_MTD
6993,VIDEO_SAA717X
6994,DRM_TOSHIBA_TC358764
6995,NETFILTER_XT_MATCH_STATISTIC
6996,MKISS
6997,SND_SOC_SOF_DEBUG
6998,COPS
6999,RAPIDIO_ENABLE_RX_TX_PORTS
7000,RELOCATABLE
7001,GPIO_LPC32XX
7002,EDAC_I5400
7003,IPQ_GCC_806X
7004,VCNL4000
7005,FB_CFB_COPYAREA
7006,STMPE_ADC
7007,BTT
7008,ZRAM_WRITEBACK
7009,NET_DSA_TAG_SJA1105
7010,DVB_TDA826X
7011,EZCHIP_NPS_MANAGEMENT_ENET
7012,DVB_TTUSB_DEC
7013,TCP_CONG_HYBLA
7014,COMMON_CLK_KEYSTONE
7015,TUN_VNET_CROSS_LE
7016,INTEL_RAPL
7017,USB_SERIAL_SSU100
7018,INLINE_WRITE_UNLOCK_IRQ
7019,MEMORY_NOTIFIER_ERROR_INJECT
7020,TINYDRM_HX8357D
7021,MAX5821
7022,NFC_MEI_PHY
7023,AIC79XX_DEBUG_ENABLE
7024,USB_CONFIGFS_ACM
7025,TOUCHSCREEN_CYTTSP_I2C
7026,SND_SOC_BT_SCO
7027,I2C_DLN2
7028,NO_HZ_COMMON
7029,WDAT_WDT
7030,QRTR_SMD
7031,HAVE_KVM_NO_POLL
7032,NET_ACT_GATE
7033,CIFS_ALLOW_INSECURE_LEGACY
7034,COMMON_CLK_IPROC
7035,SECURITY_LOADPIN_ENFORCE
7036,CIFS
7037,VIDEO_SAA7134
7038,SATA_DWC_OLD_DMA
7039,SND_SOC_CS4270
7040,FSNOTIFY
7041,USB_MR800
7042,TASK_DELAY_ACCT
7043,SDMA_VERBOSITY
7044,SENSORS_AD7314
7045,DVB_STV0299
7046,IIO_TRIGGERED_BUFFER
7047,SND_FIREFACE
7048,LEDS_AAT1290
7049,BMA400_I2C
7050,PCMCIA_XIRC2PS
7051,NET_SCHED
7052,NET_VENDOR_8390
7053,DVB_AS102_FE
7054,SERIAL_EARLYCON
7055,FB_TFT_ILI9486
7056,PTP_1588_CLOCK_PCH
7057,JOYSTICK_GAMECON
7058,GENERIC_IRQ_EFFECTIVE_AFF_MASK
7059,SERIAL_ARC_CONSOLE
7060,INET_ESPINTCP
7061,SND_SOC_SOF_GEMINILAKE
7062,VIPERBOARD_ADC
7063,BME680_SPI
7064,FSI_MASTER_ASPEED
7065,DVB_BUDGET_CORE
7066,GPIO_SYSCON
7067,SND_SOC_LM49453
7068,ROCKER
7069,TOUCHSCREEN_AD7877
7070,VIDEO_VICODEC
7071,USB_NET2272
7072,DVB_USB_DIGITV
7073,DVB_AV7110_OSD
7074,NFC_ST95HF
7075,TOUCHSCREEN_USB_GENERAL_TOUCH
7076,AD5592R_BASE
7077,USB_MTU3_DUAL_ROLE
7078,MEDIA_TUNER_E4000
7079,MTD_RAM
7080,USB_G_PRINTER
7081,ADIS16209
7082,INTEL_CHTDC_TI_PWRBTN
7083,JOYSTICK_PXRC
7084,USB_F_NCM
7085,CHARGER_BD70528
7086,CPU_THERMAL
7087,MTD_CFI_AMDSTD
7088,BRIDGE_EBT_T_NAT
7089,DVB_RTL2830
7090,ADAPTEC_STARFIRE
7091,SND_SOC_SOF_DEBUG_IPC_FLOOD_TEST
7092,KEYBOARD_ADP5520
7093,KEXEC_SIG_FORCE
7094,DEFAULT_HTCP
7095,TOUCHSCREEN_IMX6UL_TSC
7096,9P_FS_POSIX_ACL
7097,BLK_DEV_3W_XXXX_RAID
7098,SND_SOC_WM8776
7099,ISA_BUS_API
7100,SND_SOC_ADAU17X1
7101,GREYBUS_SPI
7102,TOUCHSCREEN_TSC2005
7103,INPUT_PWM_BEEPER
7104,MAC80211_RC_DEFAULT_MINSTREL
7105,TCG_TIS_SPI
7106,DVB_STV0297
7107,MESON_GXL_PHY
7108,SND_XEN_FRONTEND
7109,TOUCHSCREEN_PIXCIR
7110,MTD_CFI_UTIL
7111,NET_CLS_MATCHALL
7112,REGULATOR_HI6421
7113,IPV6_PIMSM_V2
7114,V4L2_FLASH_LED_CLASS
7115,MMA9551_CORE
7116,NET_SCH_FQ_CODEL
7117,EFI_RCI2_TABLE
7118,VIDEO_IMX290
7119,HAVE_ARCH_MMAP_RND_COMPAT_BITS
7120,DPOT_DAC
7121,CRYPTO_SERPENT
7122,6LOWPAN_GHC_ICMPV6
7123,TOUCHSCREEN_ILI210X
7124,BMC150_ACCEL_SPI
7125,COMEDI_PCM3724
7126,MAC80211_HT_DEBUG
7127,XXHASH
7128,DVB_LGS8GL5
7129,COMEDI_NI_LABPC_CS
7130,NET_ACT_GACT
7131,DVB_DRXD
7132,SATA_VIA
7133,RT2800_LIB
7134,SND_SOC_PCM512x
7135,SND_SOC_WM8974
7136,SND_SOC_WM8804_I2C
7137,TIMER_PROBE
7138,ARCNET_COM90xx
7139,I2C_CHT_WC
7140,IR_SPI
7141,SPEAKUP_SYNTH_LTLK
7142,RTC_DRV_RX4581
7143,MDIO_BUS_MUX
7144,SND_SOC_TSCS42XX
7145,BLK_DEV_SC1200
7146,CAN_KVASER_PCIEFD
7147,SUN50I_A64_CCU
7148,HAVE_ACPI_APEI
7149,USB_RAREMONO
7150,LTPC
7151,VIDEO_ADP1653
7152,X86_ACPI_CPUFREQ
7153,V4L_TEST_DRIVERS
7154,SND_SOC_WM8993
7155,PCIE_SPEAR13XX
7156,SECURITY_APPARMOR_HASH_DEFAULT
7157,I2C_SI4713
7158,USB_ATM
7159,TCP_CONG_HTCP
7160,DW_APB_TIMER
7161,TOUCHSCREEN_MAX11801
7162,SATA_DWC_VDEBUG
7163,SOC_BRCMSTB
7164,NFC_S3FWRN5_I2C
7165,PATA_VIA
7166,TOUCHSCREEN_USB_GOTOP
7167,GPIO_EXAR
7168,PCI_HYPERV
7169,SND_SOC_INTEL_HASWELL
7170,RTC_DRV_CPCAP
7171,USB_RTL8150
7172,NFC_PN544_MEI
7173,IRQCHIP
7174,SND_SOC_WM8804
7175,CIFS_POSIX
7176,PCNET32
7177,GENERIC_ADC_BATTERY
7178,EXTCON_INTEL_CHT_WC
7179,COMEDI_PCMDA12
7180,TOUCHSCREEN_BU21013
7181,VIDEO_MT9P031
7182,VIDEO_CX88_ENABLE_VP3054
7183,RTC_INTF_PROC
7184,USB_DWC3_HOST
7185,SND_SOC_CS47L85
7186,DELL_SMBIOS_SMM
7187,PROC_VMCORE_DEVICE_DUMP
7188,RTC_DRV_TPS6586X
7189,NET_DSA_REALTEK_SMI
7190,UNUSED_SYMBOLS
7191,XEN_DEV_EVTCHN
7192,DW_AXI_DMAC
7193,MEMORY_HOTPLUG
7194,PCIE_CADENCE_EP
7195,COMEDI_ADDI_APCI_3501
7196,MDIO_BUS_MUX_MMIOREG
7197,DRM_TIDSS
7198,PHY_FSL_IMX8MQ_USB
7199,MISDN_HFCUSB
7200,INTEL_MENLOW
7201,FB_SYS_IMAGEBLIT
7202,MFD_PM8XXX
7203,SND_SOC_RT5682_SDW
7204,NFT_DUP_IPV4
7205,DVB_MN88473
7206,IPV6_SEG6_LWTUNNEL
7207,SND_BCM63XX_I2S_WHISTLER
7208,MOUSE_SYNAPTICS_USB
7209,DELL_WMI_LED
7210,TYPHOON
7211,MTD_GEN_PROBE
7212,AD5933
7213,GPIO_PCH
7214,PPPOE
7215,INPUT_AD714X_SPI
7216,USB_GSPCA_SPCA508
7217,TOUCHSCREEN_USB_IDEALTEK
7218,SND_SOC_SOF_DEBUG_VERBOSE_IPC
7219,RTC_DRV_88PM80X
7220,MAX1363
7221,NFP
7222,SND_MAESTRO3_INPUT
7223,USB_ISP1760_HOST_ROLE
7224,MMC_ALCOR
7225,TOUCHSCREEN_WACOM_I2C
7226,PPP_SYNC_TTY
7227,ND_BTT
7228,8139TOO_8129
7229,SND_TIMER
7230,RTC_DRV_88PM860X
7231,TASKS_TRACE_RCU
7232,USB_F_HID
7233,MEDIA_TUNER_QM1D1B0004
7234,WILCO_EC
7235,SND_SOC_ADAU7118_I2C
7236,SCSI_ACARD
7237,ADIS16480
7238,INTEL_BXT_PMIC_THERMAL
7239,HOSTAP_PLX
7240,HID_SENSOR_IIO_TRIGGER
7241,EVM
7242,MINIX_SUBPARTITION
7243,DRM_TI_SN65DSI86
7244,MODULE_SRCVERSION_ALL
7245,IIO_HRTIMER_TRIGGER
7246,DVB_STB0899
7247,MLX4_EN_DCB
7248,NETLABEL
7249,FXOS8700_SPI
7250,GOLDFISH_TTY
7251,I82092
7252,ICST
7253,USB_ISP1761_UDC
7254,PHY_UNIPHIER_PCIE
7255,IP_VS_WLC
7256,INTEL_CHT_INT33FE
7257,USB_DWC2_DEBUG
7258,TOUCHSCREEN_CYTTSP4_I2C
7259,NTB_MSI
7260,IWLWIFI
7261,MDIO_HISI_FEMAC
7262,NET_VENDOR_MICROCHIP
7263,SERIAL_CLPS711X
7264,HID_KENSINGTON
7265,IP_SET_BITMAP_PORT
7266,SND_SOC_TAS571X
7267,CRYPTO_LIB_AES
7268,HID_SENSOR_PROX
7269,MTD_PSTORE
7270,USB_OTG_FSM
7271,COMEDI_CONTEC_PCI_DIO
7272,CM32181
7273,SENSORS_ISL29028
7274,SND_SOC_STA32X
7275,PINCTRL_MTK_MOORE
7276,IR_RC6_DECODER
7277,SCHED_SMT
7278,USB_UAS
7279,FB_CFB_REV_PIXELS_IN_BYTE
7280,NETFILTER_XT_MATCH_U32
7281,TOUCHSCREEN_DMI
7282,EXTCON_AXP288
7283,I2C_AMD756_S4882
7284,NCSI_OEM_CMD_GET_MAC
7285,DEBUG_KERNEL
7286,IP_VS_MH
7287,DVB_BUDGET_AV
7288,JOYSTICK_TURBOGRAFX
7289,NFS_FS
7290,SND_SOC_WM8580
7291,NET_EMATCH_IPT
7292,KEYBOARD_ATKBD
7293,TI_DAC082S085
7294,PINCTRL_MTK_PARIS
7295,OF_RESERVED_MEM
7296,OF_FLATTREE
7297,DVB_CX24117
7298,USB_F_PRINTER
7299,PINCTRL_MT8127
7300,RTC_DRV_RC5T619
7301,NF_TABLES_NETDEV
7302,RESET_SIMPLE
7303,SND_OPL3_LIB
7304,MUX_ADGS1408
7305,MDIO_BUS
7306,FXOS8700
7307,RTC_DRV_BD70528
7308,SND_SOC_NAU8824
7309,BMC150_MAGN_SPI
7310,MPU3050_I2C
7311,SND_PCMCIA
7312,DVB_FIREDTV
7313,FB_NOTIFY
7314,JFFS2_LZO
7315,SATA_SVW
7316,MEDIA_TUNER_MSI001
7317,IMA_NG_TEMPLATE
7318,MTD_NAND_CADENCE
7319,FONT_PEARL_8x8
7320,RADIO_SI470X
7321,SPEAKUP_SYNTH_APOLLO
7322,SCSI_MOD
7323,TSL2772
7324,PHY_ROCKCHIP_INNO_HDMI
7325,IP_VS_PROTO_UDP
7326,B53_MMAP_DRIVER
7327,USB_F_FS
7328,SND_USB_LINE6
7329,BLK_DEV_SX8
7330,DM_BIO_PRISON
7331,VIDEO_GO7007_LOADER
7332,VIDEO_OV2659
7333,NET_DSA_VITESSE_VSC73XX_SPI
7334,COMEDI_DYNA_PCI10XX
7335,MLX90614
7336,SND_HDA_PATCH_LOADER
7337,SND_BCD2000
7338,REGULATOR_PCAP
7339,SND_ATIIXP_MODEM
7340,CHTCRC_PMIC_OPREGION
7341,INA2XX_ADC
7342,SUNDANCE_MMIO
7343,SND_SOC_RT5631
7344,REGULATOR_MAX14577
7345,DW_EDMA_PCIE
7346,ZPA2326_SPI
7347,SCSI_WD719X
7348,NETFILTER_XT_TARGET_CLASSIFY
7349,RT2800PCI
7350,RSI_USB
7351,SND_MESON_AIU
7352,DM_THIN_PROVISIONING
7353,MFD_INTEL_PMC_BXT
7354,VIDEO_SAA7185
7355,REGMAP_SOUNDWIRE
7356,LEDS_SPI_BYTE
7357,LOONGSON_PCH_MSI
7358,PSTORE_RAM
7359,INPUT_RAVE_SP_PWRBUTTON
7360,ROMFS_BACKED_BY_MTD
7361,I40E_DCB
7362,THERMAL_GOV_STEP_WISE
7363,NET_SCH_HFSC
7364,ATM_IDT77252_USE_SUNI
7365,GOOGLE_MEMCONSOLE_COREBOOT
7366,PINCTRL_PFC_R8A7793
7367,SND_SOC_BD28623
7368,DVB_LNBP22
7369,DM_ERA
7370,SND_SOC_CS42XX8
7371,USB_GSPCA_STV0680
7372,VFIO_MDEV
7373,BME680
7374,USB_RAINSHADOW_CEC
7375,WILCO_EC_DEBUGFS
7376,SND_SOC_CS47L92
7377,TRIM_UNUSED_KSYMS
7378,GPIOLIB_IRQCHIP
7379,COMEDI_DAS16
7380,CPU_FREQ_THERMAL
7381,ROMFS_ON_MTD
7382,LIB80211_DEBUG
7383,PCIE_ROCKCHIP
7384,NET_DSA_TAG_OCELOT
7385,HYPERV_VSOCKETS
7386,IMA_WRITE_POLICY
7387,DVB_CX24120
7388,IAQCORE
7389,SERIAL_MXS_AUART
7390,NET_TEAM_MODE_ACTIVEBACKUP
7391,I2C_DIOLAN_U2C
7392,DVB_LG2160
7393,SND_SOC_INTEL_BYT_CHT_NOCODEC_MACH
7394,WILC1000_SPI
7395,VFIO_PCI_INTX
7396,MAC80211_VERBOSE_DEBUG
7397,EFI_GENERIC_STUB_INITRD_CMDLINE_LOADER
7398,SENSORS_RASPBERRYPI_HWMON
7399,ZSWAP
7400,SND_SOC_INNO_RK3036
7401,SND_VXPOCKET
7402,PI433
7403,PWM_IMX_TPM
7404,GPIO_TPS65218
7405,SND_SOC_MAX98095
7406,IR_ITE_CIR
7407,SND_SST_ATOM_HIFI2_PLATFORM
7408,INFINIBAND_SRPT
7409,SND_MTS64
7410,INPUT_YEALINK
7411,SND_SOC_GENERIC_DMAENGINE_PCM
7412,LEDS_EL15203000
7413,SND_HDSP
7414,AD7606_IFACE_SPI
7415,I2C_PXA
7416,PINCTRL_TI_IODELAY
7417,IR_STREAMZAP
7418,SCSI_SIM710
7419,CFG80211_REG_CELLULAR_HINTS
7420,TOUCHSCREEN_USB_IRTOUCH
7421,XEN_GNTDEV
7422,NETFILTER_XT_MATCH_QUOTA
7423,NFT_TUNNEL
7424,NF_CONNTRACK
7425,HAVE_INTEL_TXT
7426,FB_TFT_SH1106
7427,SECURITY_SMACK
7428,THINKPAD_ACPI_HOTKEY_POLL
7429,SENSORS_HMC5843_SPI
7430,INPUT_UINPUT
7431,ADIS16136
7432,INPUT_DA9052_ONKEY
7433,BLK_DEV_RAM
7434,BPQETHER
7435,TOUCHSCREEN_FUJITSU
7436,DVB_S921
7437,THUNDER_NIC_RGX
7438,ACORN_PARTITION_RISCIX
7439,IP_ROUTE_MULTIPATH
7440,COMEDI_DT2814
7441,RADIO_SI476X
7442,AD7091R5
7443,UNISYS_VISORHBA
7444,NET_SCH_SFQ
7445,CIFS_DEBUG2
7446,VZ89X
7447,PATA_LEGACY
7448,USB_SERIAL_NAVMAN
7449,LTC2496
7450,AMD_PHY
7451,PCIE_ECRC
7452,AXP288_FUEL_GAUGE
7453,SERIAL_8250_PCI
7454,SND_ES1968_RADIO
7455,HWMON_VID
7456,OF
7457,USB_MV_U3D
7458,VIRTIO_MEM
7459,IMX_THERMAL
7460,GPIO_TEGRA186
7461,DNET
7462,MTD_MAP_BANK_WIDTH_8
7463,CLK_BCM_63XX
7464,SND_SOC_TS3A227E
7465,ADT7316_SPI
7466,WATCHDOG_PRETIMEOUT_DEFAULT_GOV_NOOP
7467,DRM_GMA600
7468,SND_HDA_CODEC_CONEXANT
7469,ZD1211RW_DEBUG
7470,I2C_SI470X
7471,USB_SERIAL_QCAUX
7472,SND_USB_UA101
7473,GPIO_BD71828
7474,DRM_RCAR_DW_HDMI
7475,USB_SERIAL_XSENS_MT
7476,FONT_ACORN_8x8
7477,SATA_NV
7478,NET_VENDOR_FARADAY
7479,DRM_TI_TPD12S015
7480,COMEDI_NI_LABPC
7481,DVB_USB_AF9035
7482,DEVICE_PRIVATE
7483,ARCNET_RAW
7484,IXGBE_DCB
7485,DVB_EC100
7486,BT_ATH3K
7487,DWMAC_DWC_QOS_ETH
7488,VIDEO_XILINX_TPG
7489,RADIO_WL128X
7490,SND_SOC_DAVINCI_MCASP
7491,DRM_TVE200
7492,CRYPTO_DEV_SP_PSP
7493,USB_SERIAL_WISHBONE
7494,DE2104X
7495,VIDEO_XILINX_VTC
7496,SPRD_EFUSE
7497,AX25_DAMA_SLAVE
7498,COMEDI_NI_PCIMIO
7499,NET_VENDOR_QUALCOMM
7500,BE2NET_LANCER
7501,PINCTRL_MSM8X74
7502,IGB_HWMON
7503,ACPI_EXTLOG
7504,TI_DAC7612
7505,FB_ATY_BACKLIGHT
7506,SND_SOC_TAS2562
7507,NET_TEAM_MODE_BROADCAST
7508,NF_CONNTRACK_LABELS
7509,SND_SOC_SOF_PCI
7510,WLAN_VENDOR_ADMTEK
7511,IP6_NF_MATCH_RT
7512,BMG160
7513,HAVE_KVM_MSI
7514,DVB_SI2165
7515,IP_NF_MATCH_RPFILTER
7516,SND_SOC_SOF_DEBUG_ENABLE_FIRMWARE_TRACE
7517,RTC_DRV_CMOS
7518,STACKTRACE
7519,THINKPAD_ACPI_UNSAFE_LEDS
7520,REGULATOR_PALMAS
7521,HID_ROCCAT
7522,AIC94XX_DEBUG
7523,SND_SOC_WM8960
7524,CAN_8DEV_USB
7525,JOYSTICK_IFORCE_USB
7526,DVB_STV6111
7527,NET_ACT_MIRRED
7528,UNINLINE_SPIN_UNLOCK
7529,BLK_DEV_RNBD
7530,GPIO_TEGRA
7531,DYNAMIC_FTRACE_WITH_REGS
7532,SCSI_LPFC_DEBUG_FS
7533,NET_EMATCH_CANID
7534,I2C_MXS
7535,RTC_DRV_PCF2123
7536,CIFS_FSCACHE
7537,USB_STORAGE_ONETOUCH
7538,AD5360
7539,SERIAL_TIMBERDALE
7540,SPEAKUP_SYNTH_TXPRT
7541,BATTERY_LEGO_EV3
7542,SPI
7543,LEDS_CPCAP
7544,FONT_6x11
7545,EFI_EARLYCON
7546,VIDEO_LM3646
7547,USB_DUMMY_HCD
7548,PHY_BERLIN_SATA
7549,USB_CONFIGFS_ECM_SUBSET
7550,HYPERV_TESTING
7551,SND_PCM
7552,RTC_DRV_VRTC
7553,CYZ_INTR
7554,DVB_SP887X
7555,PCI_ENDPOINT_CONFIGFS
7556,NFC_S3FWRN5
7557,TOUCHSCREEN_TSC2007_IIO
7558,COMEDI_USBDUX
7559,SPI_MUX
7560,WATCHDOG_PRETIMEOUT_GOV_SEL
7561,XIAOMI_WMI
7562,ZRAM_MEMORY_TRACKING
7563,SND_SOC_ADAU7002
7564,MMC_SDHCI_OMAP
7565,DVB_TUNER_ITD1000
7566,ACPI_CPPC_LIB
7567,SPI_INTEL_SPI
7568,IP_PIMSM_V2
7569,PHY_QCOM_USB_HS_28NM
7570,DVB_USB_EC168
7571,AMD_IOMMU
7572,SND_SOC_STA350
7573,DRM_PANEL_SONY_ACX565AKM
7574,UBIFS_FS_ZSTD
7575,USB_NET_CH9200
7576,GPIO_VIPERBOARD
7577,VMD
7578,FB_SM750
7579,SND_SOC_TPA6130A2
7580,SFC_MCDI_MON
7581,VFIO
7582,ATLAS_PH_SENSOR
7583,BT_QCA
7584,PINCTRL_PFC_SH7203
7585,USB_CHIPIDEA_HOST
7586,DEV_DAX_KMEM
7587,VIDEO_CX231XX_ALSA
7588,SND_HDA_CODEC_ANALOG
7589,BMA400
7590,PHY_DA8XX_USB
7591,MISDN_L1OIP
7592,AD9832
7593,DVB_USB_DVBSKY
7594,FW_LOADER_PAGED_BUF
7595,DEBUG_SPINLOCK
7596,HOSTAP
7597,SND_AU8820
7598,QCOM_GDSC
7599,XEN_FBDEV_FRONTEND
7600,TOUCHSCREEN_USB_GUNZE
7601,IR_SERIAL
7602,MT7615E
7603,REGULATOR_UNIPHIER
7604,TOUCHSCREEN_TI_AM335X_TSC
7605,LDM_PARTITION
7606,AD7791
7607,BMP280
7608,SND_SOC_WM8994
7609,ARCH_MIGHT_HAVE_ACPI_PDC
7610,TOUCHSCREEN_ATMEL_MXT
7611,CEPH_FS_POSIX_ACL
7612,COMEDI_ADL_PCI9111
7613,INGENIC_ADC
7614,USB_SERIAL_ARK3116
7615,E100
7616,SND_SOC_SOF_BAYTRAIL_SUPPORT
7617,SND_SOC_AK4458
7618,SND_SOC_SOF_COMETLAKE_SUPPORT
7619,B53_SPI_DRIVER
7620,MTD_NAND_GPIO
7621,NET_REDIRECT
7622,IP_NF_ARPFILTER
7623,SPEAKUP_SYNTH_BNS
7624,SND_NM256
7625,RESET_LANTIQ
7626,B43_BCMA_PIO
7627,NETFILTER_XT_TARGET_MARK
7628,SND_SEQUENCER
7629,AD8801
7630,IP_VS_FO
7631,ACPI_THERMAL
7632,DWC_XLGMAC
7633,SND_SOC_FSL_SPDIF
7634,GENERIC_PINMUX_FUNCTIONS
7635,KRETPROBES
7636,WIL6210
7637,SPI_STM32_QSPI
7638,CHELSIO_IPSEC_INLINE
7639,I2C_DESIGNWARE_BAYTRAIL
7640,SND_RME96
7641,COMEDI_ISADMA
7642,NET_SCH_DSMARK
7643,FB_TFT_ST7789V
7644,I2C_DAVINCI
7645,SND_SOC_CX2072X
7646,RTC_DRV_M41T93
7647,COMMON_CLK_MT8516
7648,TCP_CONG_CDG
7649,MAC80211_DEBUG_MENU
7650,PATA_CYPRESS
7651,PHY_ROCKCHIP_PCIE
7652,JOYSTICK_IFORCE_232
7653,SCSI_DH_HP_SW
7654,NET_CLS_RSVP
7655,OPTPROBES
7656,SND_MESON_CODEC_GLUE
7657,DM_EBS
7658,PHY_QCOM_PCIE2
7659,IIO_BUFFER_DMAENGINE
7660,INV_MPU6050_SPI
7661,USB_GSPCA_ZC3XX
7662,IIO_BUFFER
7663,NETFILTER_XT_MATCH_OSF
7664,USB_XHCI_PLATFORM
7665,SND_USB_VARIAX
7666,SND_USB_HIFACE
7667,BE2NET_SKYHAWK
7668,COMMON_CLK_MT6797
7669,MACB_PCI
7670,BMP280_SPI
7671,COMEDI_PCL711
7672,INFINIBAND_HFI1
7673,PINCTRL_PFC_R8A77965
7674,ACPI_LPIT
7675,EEEPC_WMI
7676,HOTPLUG_PCI_PCIE
7677,TOUCHSCREEN_WDT87XX_I2C
7678,GPIO_TS4800
7679,WMI_BMOF
7680,SND_AUDIO_GRAPH_CARD
7681,BLK_DEV_NULL_BLK_FAULT_INJECTION
7682,IPV6_FOU
7683,MODULE_ALLOW_MISSING_NAMESPACE_IMPORTS
7684,PHY_MTK_TPHY
7685,SATA_ZPODD
7686,VIDEO_S5C73M3
7687,HID_PRODIKEYS
7688,MAC80211_MESH
7689,XEN_PV
7690,MSM_GCC_8974
7691,COMMON_CLK_HI3519
7692,BLK_DEV_DM
7693,LEDS_MAX77693
7694,PINCTRL_NS2_MUX
7695,E1000E_HWTS
7696,USB_F_UAC1
7697,VFIO_PCI
7698,DVB_AU8522_DTV
7699,ARCNET_1051
7700,I2C_IMX_LPI2C
7701,GPIO_LPC18XX
7702,KVM_MMU_AUDIT
7703,SUNXI_CCU
7704,TI_ADC12138
7705,SND_SOC_RT5668
7706,ENC28J60
7707,IR_TTUSBIR
7708,XEN_BLKDEV_FRONTEND
7709,IIO_CROS_EC_LIGHT_PROX
7710,CAN_SJA1000
7711,SECURITY_LOCKDOWN_LSM
7712,DEFAULT_VENO
7713,DRM_PANFROST
7714,SND_SOC_CROS_EC_CODEC
7715,COMMON_CLK_MT6765
7716,UCSI_ACPI
7717,IIO_ST_MAGN_3AXIS
7718,DVB_DDBRIDGE_MSIENABLE
7719,WATCHDOG_CORE
7720,SND_SOC_SOF_ACPI
7721,VIDEO_APTINA_PLL
7722,COMEDI_DAS16M1
7723,SND_SOC_WM8904
7724,PCMCIA_WL3501
7725,NET_VENDOR_XILINX
7726,AD5064
7727,USB_MTU3
7728,PHY_MESON8B_USB2
7729,ACPI_LEGACY_TABLES_LOOKUP
7730,TREE_RCU
7731,SECURITY_APPARMOR_DEBUG
7732,DRM_PANEL_LG_LG4573
7733,FTM_QUADDEC
7734,KS0108
7735,PLATFORM_SI4713
7736,CIFS_ROOT
7737,USB_SISUSBVGA_CON
7738,VIA_RHINE_MMIO
7739,VIDEO_PVRUSB2
7740,MP2629_ADC
7741,MAILBOX_TEST
7742,SND_DMAENGINE_PCM
7743,AMD_IOMMU_V2
7744,CAN_F81601
7745,CRYPTO_DEV_CCREE
7746,MESON_EE_PM_DOMAINS
7747,INPUT_TWL4030_VIBRA
7748,COMMON_CLK_TI_ADPLL
7749,RT73USB
7750,SERIAL_MVEBU_UART
7751,MENZ069_WATCHDOG
7752,I2C_MESON
7753,USB_STORAGE_USBAT
7754,PATA_CMD64X
7755,VIDEO_STK1160
7756,DVB_USB_VP702X
7757,COMEDI_ADDI_APCI_16XX
7758,DRM_DISPLAY_CONNECTOR
7759,INTEL_IOMMU_DEBUGFS
7760,RESET_NPCM
7761,DVB_NETUP_UNIDVB
7762,QUICC_ENGINE
7763,SND_SOC_FSL_ASRC
7764,IPW2200_RADIOTAP
7765,USB_KBD
7766,CLS_U32_MARK
7767,IP_MROUTE_MULTIPLE_TABLES
7768,PHY_MESON_G12A_USB2
7769,KVM_COMPAT
7770,RT2400PCI
7771,BCM_PDC_MBOX
7772,TOUCHSCREEN_TSC_SERIO
7773,SND_MIA
7774,ATM_IDT77252
7775,RESET_MESON_AUDIO_ARB
7776,INTEL_SCU_WATCHDOG
7777,HDLC_X25
7778,ZX2967_THERMAL
7779,DM_BUFIO
7780,NFC_MICROREAD_MEI
7781,KALLSYMS_BASE_RELATIVE
7782,SND_HDA_CODEC_HDMI
7783,SECURITY_APPARMOR_HASH
7784,DS4424
7785,VIDEO_CX231XX
7786,ITG3200
7787,INTEGRITY_ASYMMETRIC_KEYS
7788,CPU_IDLE_GOV_HALTPOLL
7789,DVB_MT312
7790,IIO_SIMPLE_DUMMY_EVENTS
7791,DRM_MEDFIELD
7792,GPIO_CLPS711X
7793,MAX1241
7794,SND_SOC_PCM512x_I2C
7795,HAPPYMEAL
7796,DVB_USB_AF9005_REMOTE
7797,ARMADA_THERMAL
7798,BACKLIGHT_CARILLO_RANCH
7799,AD2S1200
7800,USB_IPHETH
7801,COMMON_CLK_MEDIATEK
7802,EDAC_I7CORE
7803,COMEDI_PCMUIO
7804,NETFILTER_FAMILY_ARP
7805,IR_IMON
7806,IP_SET_HASH_IPPORTNET
7807,MTD_NAND_RICOH
7808,TOUCHSCREEN_USB_EASYTOUCH
7809,USB_UEAGLEATM
7810,FPGA_DFL_PCI
7811,STPMIC1_WATCHDOG
7812,HID_U2FZERO
7813,WILCO_EC_EVENTS
7814,NETFILTER_XT_MATCH_HL
7815,SPI_PXA2XX_PCI
7816,HID_RETRODE
7817,EDAC_X38
7818,ISDN_CAPI
7819,FB_MATROX_MAVEN
7820,SMSC9420
7821,NFT_REJECT_IPV6
7822,SND_SOC_SOF_COFFEELAKE_SUPPORT
7823,ATH9K_DYNACK
7824,NET_VRF
7825,GENERIC_PINCTRL_GROUPS
7826,PWM_SAMSUNG
7827,MTD_SST25L
7828,SND_USB
7829,IR_RCMM_DECODER
7830,ATH_COMMON
7831,MMC_SDHCI_EXTERNAL_DMA
7832,RCAR_THERMAL
7833,AMD_XGBE
7834,SUN8I_THERMAL
7835,USB_F_RNDIS
7836,PHY_ROCKCHIP_INNO_DSIDPHY
7837,CONSOLE_POLL
7838,XENFS
7839,GREYBUS_POWER
7840,PHY_ST_SPEAR1310_MIPHY
7841,PINCTRL_AS370
7842,NVME_TARGET_RDMA
7843,INPUT_ADXL34X_I2C
7844,SND_CTXFI
7845,ARCNET_COM20020_PCI
7846,MWIFIEX_SDIO
7847,PNP
7848,COMEDI_DAC02
7849,USB_HSO
7850,SFC_MCDI_LOGGING
7851,ISAPNP
7852,MWIFIEX_USB
7853,USB_SERIAL_FTDI_SIO
7854,NETFILTER_XT_TARGET_REDIRECT
7855,SERIAL_FSL_LPUART_CONSOLE
7856,TOUCHSCREEN_AUO_PIXCIR
7857,SND_SOC_CS35L35
7858,MTD_QINFO_PROBE
7859,BPF_JIT_ALWAYS_ON
7860,USB_CONFIGFS_ECM
7861,SND_ENS1371
7862,PINCTRL_APQ8064
7863,RTC_DRV_M41T94
7864,RTW88_DEBUG
7865,104_QUAD_8
7866,SND_SOC_CS53L30
7867,SND_EMU10K1X
7868,I2C_BCM_KONA
7869,WANXL
7870,SUNGEM
7871,PINCTRL_STM32F746
7872,DOVE_THERMAL
7873,VIDEO_EM28XX_V4L2
7874,JFFS2_FS_SECURITY
7875,FSI_SBEFIFO
7876,REGULATOR_STM32_PWR
7877,FB_ATMEL
7878,COMEDI_ADV_PCI_DIO
7879,SND_SOC_SOF_XTENSA
7880,ZX_TDM
7881,PINCTRL_STM32MP157
7882,FUNCTION_ERROR_INJECTION
7883,NF_LOG_COMMON
7884,MTD_NAND_DENALI_DT
7885,SND_SOC_AMD_RENOIR
7886,SND_SOC_SGTL5000
7887,COMMON_CLK_MT6779_MMSYS
7888,MTD_PMC551_DEBUG
7889,PINCTRL_IPQ8074
7890,NVDIMM_PFN
7891,SND_DARLA20
7892,COMEDI_AMPLC_PC236
7893,UIO_HV_GENERIC
7894,NET_VENDOR_SOLARFLARE
7895,IIO_MS_SENSORS_I2C
7896,WFX
7897,DRM_VC4_HDMI_CEC
7898,SERIAL_ALTERA_JTAGUART_CONSOLE_BYPASS
7899,MTD_PCI
7900,RC_ATI_REMOTE
7901,HID_SENSOR_HUMIDITY
7902,PINCTRL_MT6765
7903,SLIP_COMPRESSED
7904,CLK_BCM_SR
7905,COMEDI_ADV_PCI1760
7906,MSCC_OCELOT_SWITCH
7907,ADIS16460
7908,CIFS_DEBUG
7909,OPENVSWITCH_GRE
7910,SND_MAESTRO3
7911,COMEDI_ICP_MULTI
7912,SND_SOC_NAU8810
7913,DEFAULT_SECURITY_APPARMOR
7914,IOMMU_IO_PGTABLE_LPAE_SELFTEST
7915,TOUCHSCREEN_USB_NEXIO
7916,FB_WM8505
7917,SND_SOC_SOF_NOCODEC_SUPPORT
7918,IR_NEC_DECODER
7919,NETFILTER_XT_MATCH_CGROUP
7920,I2C_XLP9XX
7921,SND_SOC_WM8750
7922,USB_SERIAL_IPAQ
7923,PINCTRL_MSM8976
7924,NFC_MRVL_UART
7925,USB_ULPI
7926,SURFACE3_WMI
7927,SND_SOC_INTEL_BYT_CHT_CX2072X_MACH
7928,EVENT_TRACE_TEST_SYSCALLS
7929,DM_VERITY
7930,FONT_SUN12x22
7931,MAC80211_TDLS_DEBUG
7932,QCOM_A53PLL
7933,MLXSW_SWITCHX2
7934,6LOWPAN_GHC_EXT_HDR_FRAG
7935,ATH9K_WOW
7936,NET_EMATCH_META
7937,REGULATOR_RN5T618
7938,FB_W100
7939,IIO_ST_ACCEL_3AXIS
7940,SND_SOC_MAX98390
7941,SPRD_THERMAL
7942,MEGARAID_MM
7943,IR_ENE
7944,TOUCHSCREEN_EGALAX
7945,MTK_CMDQ
7946,EFI_CUSTOM_SSDT_OVERLAYS
7947,JZ4780_EFUSE
7948,ASYNC_MEMCPY
7949,JOYSTICK_XPAD_LEDS
7950,USB_MUSB_UX500
7951,SND_SOC_TLV320AIC31XX
7952,PHY_MTK_XSPHY
7953,SND_HDA_CODEC_VIA
7954,SECURITY_LOCKDOWN_LSM_EARLY
7955,LDM_DEBUG
7956,SND_SOC_WM8741
7957,COMEDI_CB_PCIDAS64
7958,EFI_PGT_DUMP
7959,QLGE
7960,SIGNATURE
7961,PINCTRL_EXYNOS
7962,DVB_DRXK
7963,ADT7316
7964,DM_DEBUG_BLOCK_MANAGER_LOCKING
7965,CAIF_SPI_SYNC
7966,OF_KOBJ
7967,TOUCHSCREEN_MX25
7968,IRQ_MSI_IOMMU
7969,GPIO_ACPI
7970,FB_TFT_UC1611
7971,RAPIDIO_MPORT_CDEV
7972,PHY_DM816X_USB
7973,SERIAL_SIFIVE_CONSOLE
7974,SND_SOC_AMD_RV_RT5682_MACH
7975,PSTORE_ZSTD_COMPRESS_DEFAULT
7976,NET_EGRESS
7977,OBJAGG
7978,SND_HDA_HWDEP
7979,DVB_ZD1301_DEMOD
7980,MCP41010
7981,DVB_USB_GL861
7982,IIO_ST_LSM6DSX_SPI
7983,CFG80211_WEXT_EXPORT
7984,SND_BT87X
7985,USB_SERIAL_TI
7986,NFT_FIB
7987,OLPC_XO175
7988,INGENIC_OST
7989,SND_SOC_SSM2602_I2C
7990,EFI_ESRT
7991,MMC_SDHCI_OF_ASPEED
7992,CRYPTO_AEAD
7993,INGENIC_CGU_X1830
7994,DM_MULTIPATH_QL
7995,USB_F_UAC2
7996,RTLWIFI_PCI
7997,SND_SOC_SOF_DEBUG_RETAIN_DSP_CONTEXT
7998,PATA_SCH
7999,SDM_GCC_660
8000,MAC80211_PS_DEBUG
8001,SND_SOC_SSM2518
8002,KVM_AMD
8003,BATTERY_AXP20X
8004,INTERCONNECT_QCOM_OSM_L3
8005,I2C_EXYNOS5
8006,SND_SOC_ADAU1373
8007,PWM_SIFIVE
8008,CRYPTO_SIMD
8009,I2C_S3C2410
8010,SND_I2S_HI6210_I2S
8011,VIDEO_RJ54N1
8012,NFIT_SECURITY_DEBUG
8013,IRQ_REMAP
8014,STX104
8015,SND_SOC_SOF_INTEL_PCI
8016,SND_VIA82XX
8017,SND_FIREWIRE_LIB
8018,REED_SOLOMON_TEST
8019,INPUT_PALMAS_PWRBUTTON
8020,IP6_NF_FILTER
8021,NFT_NAT
8022,VIDEO_ASPEED
8023,SND_ALS300
8024,HDLC_RAW
8025,COMEDI_NI_AT_AO
8026,ATL1
8027,SND_SOC_PCM179X_SPI
8028,SERIAL_8250_LPC18XX
8029,SND_SOC_WM2200
8030,USB_SERIAL_MOS7715_PARPORT
8031,USB_XHCI_MTK
8032,TOUCHSCREEN_CYTTSP_SPI
8033,SND_SOC_AK4613
8034,USB_DWC3_OMAP
8035,FB_TMIO
8036,PD6729
8037,VIRTIO_VDPA
8038,PARIDE_ON26
8039,SND_SOC_TI_UDMA_PCM
8040,COMMON_CLK_MT2712
8041,BT_SELFTEST_ECDH
8042,VME_CA91CX42
8043,PINCTRL_MTK_V2
8044,BT_HCIBTUSB_MTK
8045,ACORN_PARTITION_EESOX
8046,CAN_M_CAN
8047,L2TP_IP
8048,CLK_BCM_KONA
8049,HYPERV_UTILS
8050,NET_VENDOR_TEHUTI
8051,INGENIC_CGU_JZ4770
8052,COMEDI_ADDI_APCI_3120
8053,SND_USB_AUDIO
8054,SND_SOC_PCM3168A
8055,IPW2200_PROMISCUOUS
8056,COMMON_CLK_HI3660
8057,DVB_SI21XX
8058,QLA3XXX
8059,HYPERV_NET
8060,XEN_PVHVM
8061,COMEDI_USBDUXFAST
8062,FB_S3C_DEBUG_REGWRITE
8063,AD2S1210
8064,IIO_ADIS_LIB
8065,MMC_SDRICOH_CS
8066,INTEL_SOC_PMIC
8067,MOST_NET
8068,COMEDI_DAS08_ISA
8069,GPIO_MAX77620
8070,SND_SOC_XILINX_AUDIO_FORMATTER
8071,SCSI_SNIC
8072,YENTA_TOSHIBA
8073,EDAC_SBRIDGE
8074,FONT_MINI_4x6
8075,COMMON_CLK_ASPEED
8076,SND_SOC_AMD_ACP
8077,INFINIBAND_BNXT_RE
8078,COMEDI_TEST
8079,LEDS_SC27XX_BLTC
8080,PHY_QCOM_QUSB2
8081,RN5T618_WATCHDOG
8082,PHY_QCOM_QMP
8083,PCI_V3_SEMI
8084,PINCTRL_LPC18XX
8085,I2C_BCM_IPROC
8086,USB_NET2280
8087,ARM_TEGRA20_DEVFREQ
8088,COMEDI_S526
8089,VIDEO_CX88_VP3054
8090,AS3935
8091,PCIE_INTEL_GW
8092,HID_SENSOR_TEMP
8093,FB_CFB_FILLRECT
8094,SCSI_SNIC_DEBUG_FS
8095,USB_SERIAL_SYMBOL
8096,PINCTRL_PFC_R8A77990
8097,PCIE_DW_EP
8098,ATH6KL_REGDOMAIN
8099,AD5761
8100,USB_NET_PLUSB
8101,BPF_JIT
8102,HAVE_UID16
8103,SND_LX6464ES
8104,SND_ASIHPI
8105,SND_SOC_FSL_SAI
8106,DRM_CDNS_DSI
8107,SOLARIS_X86_PARTITION
8108,DVB_LGS8GXX
8109,HW_RANDOM_STM32
8110,CFAG12864B
8111,SFC_FALCON
8112,SPI_TOPCLIFF_PCH
8113,HID_HYPERV_MOUSE
8114,BRIDGE_EBT_ARPREPLY
8115,DVB_S5H1420
8116,GPIO_EIC_SPRD
8117,MFD_TPS68470
8118,SND_SOC_WM8711
8119,SCSI_PM8001
8120,AD5593R
8121,RESET_AXS10X
8122,IP6_NF_RAW
8123,X86_PKG_TEMP_THERMAL
8124,DVB_USB_DEBUG
8125,IEEE802154_AT86RF230
8126,FB_PXA168
8127,DYNAMIC_FTRACE
8128,COMEDI_USB_DRIVERS
8129,PHY_QCOM_IPQ4019_USB
8130,DRM_PL111
8131,DVB_USB_ANYSEE
8132,PARIDE_FRPW
8133,SENSORS_LIS3_SPI
8134,PHY_PXA_USB
8135,PHY_ATH79_USB
8136,CLK_BCM_HR2
8137,COMEDI_FL512
8138,EFI
8139,CRYPTO_GLUE_HELPER_X86
8140,DVB_USB_AF9015
8141,FB_TFT_ILI9340
8142,IPV6_SEG6_BPF
8143,RCAR_GEN3_THERMAL
8144,CRYPTO_CTR
8145,HI8435
8146,SERIAL_SAMSUNG
8147,SND_SOC_MTK_BTCVSD
8148,IP_NF_FILTER
8149,H8300_TPU
8150,OF_IRQ
8151,IQS624_POS
8152,DVB_TC90522
8153,SND_SEQ_MIDI_EVENT
8154,SPRD_MBOX
8155,REGULATOR_AB3100
8156,CLK_SIFIVE
8157,I2C_ALTERA
8158,SND_SST_ATOM_HIFI2_PLATFORM_PCI
8159,INPUT_TWL4030_PWRBUTTON
8160,SND_SOC_INTEL_KBL_RT5660_MACH
8161,ZSWAP_ZPOOL_DEFAULT_ZBUD
8162,COMEDI_NI_ATMIO
8163,SECURITY_NETWORK_XFRM
8164,PATA_ARTOP
8165,NET_FC
8166,SCSI_IPR_DUMP
8167,INPUT_ATI_REMOTE2
8168,DVB_B2C2_FLEXCOP_PCI_DEBUG
8169,INTEL_MID_WATCHDOG
8170,SGI_GRU
8171,RTC_DRV_PM8XXX
8172,CHT_WC_PMIC_OPREGION
8173,BCM2835_TIMER
8174,NFC_PN544_I2C
8175,SND_SOC_RT5677_SPI
8176,PHY_SUN4I_USB
8177,FB_TFT_S6D1121
8178,IIO_ST_PRESS_SPI
8179,SDM_CAMCC_845
8180,NET_TEAM_MODE_LOADBALANCE
8181,USB_STORAGE_SDDR55
8182,FXOS8700_I2C
8183,KEYS
8184,USB_SI4713
8185,COMMON_CLK_HI3516CV300
8186,I2C_EFM32
8187,NF_DUP_IPV6
8188,I2C_DIGICOLOR
8189,COMEDI_DAS800
8190,USB_SERIAL_EDGEPORT
8191,HINIC
8192,SND_EMU10K1_SEQ
8193,ALX
8194,PINCTRL_PFC_R8A77951
8195,X86_PCC_CPUFREQ
8196,WLAN_VENDOR_INTERSIL
8197,HW_RANDOM_KEYSTONE
8198,PINCTRL_MT7623
8199,SND_HDA_CODEC_CA0132_DSP
8200,AMDTEE
8201,ACPI_ADXL
8202,JOYSTICK_INTERACT
8203,SERIAL_IMX
8204,GPIO_XLP
8205,SPI_MT7621
8206,CRYPTO_AKCIPHER
8207,FB_TFT_UPD161704
8208,DPM_WATCHDOG
8209,PINCTRL_NPCM7XX
8210,SND_SOC_RT274
8211,TOUCHSCREEN_DA9034
8212,FB_CFB_IMAGEBLIT
8213,GPIO_MLXBF
8214,VIDEO_MEYE
8215,SCA3000
8216,PHY_CYGNUS_PCIE
8217,SND_SOC_MAX9860
8218,NET_XGENE
8219,COMEDI_NI_USB6501
8220,SCSI_IZIP_EPP16
8221,I2C_BCM2835
8222,INPUT_SOC_BUTTON_ARRAY
8223,COMEDI_NI_TIO
8224,SND_SOC_CS4265
8225,SOC_TEGRA30_VOLTAGE_COUPLER
8226,9P_FS
8227,MISDN_IPAC
8228,USB_F_PHONET
8229,COMEDI_PCL818
8230,BT_RTL
8231,ATM_FIRESTREAM
8232,NFSD_FLEXFILELAYOUT
8233,USB_XHCI_HISTB
8234,MAX1027
8235,MODULE_COMPRESS
8236,PINCTRL_PFC_R8A7742
8237,ARM_SMMU_LEGACY_DT_BINDINGS
8238,MDIO_BUS_MUX_MESON_G12A
8239,OMAP_CONTROL_PHY
8240,POWER_RESET_OCELOT_RESET
8241,I2C_WMT
8242,PCI_IMX6
8243,SERIAL_MVEBU_CONSOLE
8244,CLK_R7S9210
8245,PCI_HOST_THUNDER_PEM
8246,PWM_TEGRA
8247,NF_CONNTRACK_PROCFS
8248,SND_AU8810
8249,HOSTAP_CS
8250,UCSI_CCG
8251,PINCTRL_SM8250
8252,DA9062_WATCHDOG
8253,IP6_NF_TARGET_HL
8254,ASN1
8255,IOMMU_IO_PGTABLE
8256,SND_COMPRESS_OFFLOAD
8257,FONT_SUN8x16
8258,HOSTAP_PCI
8259,IP_PNP_BOOTP
8260,MAC80211_HAS_RC
8261,EFI_VARS_PSTORE
8262,FSL_FTM_TIMER
8263,NET_DSA_LOOP
8264,INFINIBAND_RDMAVT
8265,PINCTRL_BCM281XX
8266,STAGING_APEX_DRIVER
8267,NET_ACT_VLAN
8268,ARM_SCPI_POWER_DOMAIN
8269,GPIO_STP_XWAY
8270,I2C_STM32F7
8271,SND_SOC_MAX98357A
8272,SND_SOC_SPRD
8273,SND_SOC_AMD_ACP3x
8274,PHY_ROCKCHIP_TYPEC
8275,SND_SUN8I_ADDA_PR_REGMAP
8276,PCIE_RCAR_HOST
8277,FARSYNC
8278,I2C_SPRD
8279,SUNGEM_PHY
8280,KVM_GENERIC_DIRTYLOG_READ_PROTECT
8281,USB_GSPCA_OV534
8282,PARIDE
8283,USB_SERIAL_VISOR
8284,PINCTRL_PFC_SH7269
8285,CLK_BAIKAL_T1
8286,VFIO_PCI_IGD
8287,MFD_AT91_USART
8288,CFG80211_CERTIFICATION_ONUS
8289,PCIE_ALTERA
8290,IP_VS_LBLC
8291,MTD_SPI_NOR_USE_4K_SECTORS
8292,QTNFMAC_PCIE
8293,SND_MIXART
8294,PINCTRL_PFC_R8A7794
8295,PHY_MESON_G12A_USB3_PCIE
8296,SND_SOC_SOF
8297,GPIO_IOP
8298,PHY_HI3660_USB
8299,TOUCHSCREEN_CY8CTMA140
8300,JFFS2_FS_WRITEBUFFER
8301,SND_SOC_ADAU1761_I2C
8302,PARIDE_DSTR
8303,AFS_DEBUG_CURSOR
8304,FB_SH_MOBILE_LCDC
8305,CLPS711X_TIMER
8306,DM9102
8307,PHY_MVEBU_A38X_COMPHY
8308,USB_GSPCA_SN9C20X
8309,EFI_MIXED
8310,COMMON_RESET_HI6220
8311,I2C_TEGRA_BPMP
8312,NET_DSA_TAG_BRCM
8313,MTD_SCB2_FLASH
8314,XILINX_AXI_EMAC
8315,KEYBOARD_BCM
8316,RMNET
8317,PWM_SPRD
8318,SND_SOC_RT700
8319,SND_AZT3328
8320,IP_VS_PROTO_AH_ESP
8321,DEVFREQ_EVENT_EXYNOS_NOCP
8322,SCSI_PMCRAID
8323,NET_VENDOR_MARVELL
8324,PCIE_DPC
8325,CRYPTO_ECB
8326,DVB_USB_M920X
8327,DVB_USB_CXUSB_ANALOG
8328,GPIO_MXS
8329,VME_USER
8330,FSL_FMAN
8331,NETFILTER_XT_MATCH_IPVS
8332,SND_SOC_TFA9879
8333,COMMON_CLK_OXNAS
8334,SM_GCC_8150
8335,QCOM_QFPROM
8336,CAN_AT91
8337,SND_FIREWORKS
8338,SND_CMIPCI
8339,NS83820
8340,USB_SERIAL_KEYSPAN_PDA
8341,I2C_SYNQUACER
8342,LEDS_OT200
8343,GPIO_UNIPHIER
8344,NETFILTER_XT_TARGET_HMARK
8345,SND_SOC_SOF_JASPERLAKE_SUPPORT
8346,SND_SOC_ACPI
8347,PATA_SIS
8348,JCORE_AIC
8349,I2C_RIIC
8350,6LOWPAN_GHC_UDP
8351,PINCTRL_BM1880
8352,NFSD_V4_SECURITY_LABEL
8353,SPI_SH_MSIOF
8354,NETFILTER_XT_CONNMARK
8355,NET_VENDOR_ARC
8356,NFC_ST21NFCA
8357,COMEDI_JR3_PCI
8358,SND_SOC_PCM1789
8359,PINCTRL_MT7622
8360,EXYNOS_ADC
8361,K3_THERMAL
8362,AD7298
8363,RESET_QCOM_AOSS
8364,DRM_EXYNOS_IPP
8365,ARM_SMMU
8366,MAX77620_WATCHDOG
8367,HW_RANDOM_NPCM
8368,MACB_USE_HWSTAMP
8369,COMMON_CLK_MT8173
8370,SH_TIMER_CMT
8371,NET_DSA_SMSC_LAN9303_MDIO
8372,MAC80211_STA_DEBUG
8373,PHY_TEGRA194_P2U
8374,MTD_BCM63XX_PARTS
8375,QCOM_GSBI
8376,NET_VENDOR_ATHEROS
8377,NFT_DUP_IPV6
8378,TOUCHSCREEN_USB_JASTEC
8379,SUNRPC
8380,SND_SOC_CS4349
8381,SND_SOC_TI_EDMA_PCM
8382,MD_RAID456
8383,ATM_ENI_BURST_RX_4W
8384,RESET_BERLIN
8385,PNPACPI
8386,USB_SI470X
8387,PWM_PXA
8388,USB_ETH_EEM
8389,R6040
8390,USB_GSPCA_SPCA500
8391,RESET_ZYNQ
8392,PHY_BCM_NS_USB2
8393,COMMON_CLK_MT6797_IMGSYS
8394,IP_VS_SH
8395,HI3660_MBOX
8396,MIC_COSM
8397,EXTCON_QCOM_SPMI_MISC
8398,QCOM_EMAC
8399,PCIE_DW_PLAT_EP
8400,MESON_GXBB_WATCHDOG
8401,SPI_RSPI
8402,NFT_HASH
8403,IR_MCE_KBD_DECODER
8404,IPMI_KCS_BMC
8405,PCI_ATMEL
8406,AD7266
8407,ACPI_TINY_POWER_BUTTON
8408,PCH_DMA
8409,PINCTRL_PFC_R8A77961
8410,TI_THERMAL
8411,SPI_MESON_SPICC
8412,TEXTSEARCH_BM
8413,USB_GSPCA_PAC7302
8414,INTEGRITY_SIGNATURE
8415,COMMON_CLK_AXI_CLKGEN
8416,NVMEM_BCM_OCOTP
8417,USB_SERIAL_DEBUG
8418,RESET_ATH79
8419,SND_SOC_CS4271
8420,VT8500_TIMER
8421,NFT_FWD_NETDEV
8422,AD7766
8423,FB_IMX
8424,DVB_TUNER_CX24113
8425,IP6_NF_MATCH_OPTS
8426,JZ4770_PHY
8427,DEFAULT_BIC
8428,6LOWPAN_NHC
8429,PHY_BCM_SR_PCIE
8430,USB_SERIAL_KOBIL_SCT
8431,SMS_SDIO_DRV
8432,PWM_SUN4I
8433,MTD_ESB2ROM
8434,COMEDI_NI_DAQ_700_CS
8435,XO1_RFKILL
8436,MSM_MMCC_8996
8437,ARM_TEGRA_DEVFREQ
8438,INGENIC_TIMER
8439,VIDEO_TEA6420
8440,PINCTRL_APQ8084
8441,VIDEO_PVRUSB2_DVB
8442,BCM_SR_THERMAL
8443,ATH10K_TRACING
8444,VIDEO_CX88_BLACKBIRD
8445,PINCTRL_PXA
8446,BCM47XX_NVRAM
8447,GPIO_BRCMSTB
8448,MPL115_SPI
8449,FB_GBE
8450,NET_CALXEDA_XGMAC
8451,TI_ADS8344
8452,SND_SOC_MADERA
8453,KPC2000_SPI
8454,SPI_INTEL_SPI_PLATFORM
8455,SOC_IMX8M
8456,DVB_USB_AZ6007
8457,SND_USB_AUDIO_USE_MEDIA_CONTROLLER
8458,SND_SOC_RK3328
8459,SND_SOC_AK5558
8460,SND_SOC_AMD_CZ_RT5645_MACH
8461,MLX4_EN
8462,CS89x0
8463,MAX5481
8464,SND_SOC_SOF_DEBUG_FORCE_IPC_POSITION
8465,RT2500PCI
8466,AIC79XX_BUILD_FIRMWARE
8467,AD7303
8468,MSM_MMCC_8960
8469,COMMON_CLK_FSL_SAI
8470,MTK_EFUSE
8471,PWM_ATMEL
8472,DVB_USB_DIB0700
8473,SONY_LAPTOP
8474,SND_SOC_INTEL_BYT_CHT_ES8316_MACH
8475,PINCTRL_PFC_SH73A0
8476,DM_CACHE
8477,SUNIV_F1C100S_CCU
8478,COMEDI_AMPLC_PC263_ISA
8479,MSM_LCC_8960
8480,GPIO_EM
8481,SKFP
8482,NVMEM_MXS_OCOTP
8483,COMMON_CLK_SCPI
8484,PWM_BRCMSTB
8485,CRYPTO_DEV_NITROX
8486,JFFS2_CMODE_PRIORITY
8487,VORTEX
8488,KEYBOARD_EP93XX
8489,SPRD_SC9863A_CLK
8490,SND_SEQ_MIDI_EMUL
8491,CAN_GS_USB
8492,STUB_CLK_HI3660
8493,ZX_I2S
8494,PHY_XGENE
8495,SND_MIXER_OSS
8496,ATH10K
8497,ACORN_PARTITION_CUMANA
8498,PHY_MTK_UFS
8499,EXTCON_ARIZONA
8500,PINCTRL_PFC_R8A7740
8501,PINCTRL_PFC_SHX3
8502,IP_SET_HASH_NET
8503,COMMON_CLK_XGENE
8504,NETPOLL
8505,NFSD
8506,PHY_UNIPHIER_USB3
8507,S3C2443_COMMON_CLK
8508,BGMAC
8509,MEDIATEK_MT6577_AUXADC
8510,SND_SOC_AK4118
8511,KVM_VFIO
8512,PINCTRL_OWL
8513,PARMAN
8514,PARIDE_BPCK
8515,GPIO_SPRD
8516,SUN4I_TIMER
8517,NETFILTER_XT_MARK
8518,MISDN_INFINEON
8519,PINCTRL_BERLIN
8520,TOUCHSCREEN_USB_ETURBO
8521,BCM_VIDEOCORE
8522,I2C_SH_MOBILE
8523,IR_NUVOTON
8524,PRISM54
8525,SND_SOC_WM8728
8526,HISILICON_LPC
8527,PINCTRL_MT8516
8528,PCIE_TEGRA194
8529,DMA_SUN6I
8530,NET_EMATCH_CMP
8531,BNXT_SRIOV
8532,FB_TFT_ILI9320
8533,INGENIC_CGU_JZ4740
8534,COMEDI_RTI802
8535,TOUCHSCREEN_STMPE
8536,FB_TFT_AGM1264K_FL
8537,SND_USB_PODHD
8538,GPIO_SNPS_CREG
8539,TEGRA210_ADMA
8540,CHARGER_CROS_USBPD
8541,RT2X00_LIB
8542,DVB_BUDGET_CI
8543,GOOGLE_MEMCONSOLE_X86_LEGACY
8544,IOMMU_IO_PGTABLE_ARMV7S
8545,PINCTRL_PFC_SH7785
8546,ATH10K_DEBUGFS
8547,GVE
8548,8139CP
8549,LEDS_ARIEL
8550,I2C_ST
8551,I2C_LPC2K
8552,AD5764
8553,I2C_NPCM7XX
8554,VIDEO_CX25821_ALSA
8555,INPUT_CPCAP_PWRBUTTON
8556,I2C_SIRF
8557,XZ_DEC_BCJ
8558,I2C_UNIPHIER
8559,SYSC_R8A77970
8560,NETFILTER_XT_MATCH_POLICY
8561,USB_GSPCA_SUNPLUS
8562,CRYPTO_DEV_ATMEL_TDES
8563,DIGICOLOR_TIMER
8564,LEDS_PM8058
8565,I2C_STM32F4
8566,NET_DSA_TAG_TRAILER
8567,SND_SOC_TLV320AIC3X
8568,HDLC_FR
8569,USB_EHCI_MV
8570,MESON_GX_PM_DOMAINS
8571,I2C_SUN6I_P2WI
8572,TI_ADC084S021
8573,SND_INTEL8X0M
8574,CLK_BCM_NSP
8575,BAYCOM_SER_FDX
8576,DVB_USB
8577,EXYNOS_IRQ_COMBINER
8578,BCM2835_POWER
8579,MAC80211_MESH_CSA_DEBUG
8580,ASPEED_LPC_CTRL
8581,COMMON_CLK_GEMINI
8582,STM32_DMAMUX
8583,FB_OMAP2_DSS_INIT
8584,SAMPLE_INTEL_MEI
8585,PHY_SUN9I_USB
8586,NET_ACT_MPLS
8587,SND_SOC_ALC5623
8588,SENSORS_NSA320
8589,PINCTRL_PFC_SH7786
8590,IR_PWM_TX
8591,I2C_JZ4780
8592,CLKSRC_DBX500_PRCMU
8593,NFC_NXP_NCI_I2C
8594,IMG_MDC_DMA
8595,COMEDI_DT282X
8596,USB_SERIAL_OPTICON
8597,DM_MULTIPATH_HST
8598,SND_SOC_CS42L56
8599,PINCTRL_PFC_SH7734
8600,VIDEO_IMX_VDOA
8601,GPIO_ASPEED_SGPIO
8602,CLK_OWL_S500
8603,QCOM_IOMMU
8604,SND_SOC_CS35L33
8605,SND_ALOOP
8606,TIGON3
8607,IXP4XX_TIMER
8608,COMEDI_MF6X4
8609,NF_CONNTRACK_ZONES
8610,MDM_GCC_9615
8611,PWM_LP3943
8612,I2C_VERSATILE
8613,DELL_WMI
8614,CRAMFS_MTD
8615,XEN_PVCALLS_BACKEND
8616,INGENIC_CGU_JZ4780
8617,VIDEO_IVTV_ALSA
8618,COMMON_CLK_MT8183_MMSYS
8619,PINCTRL_MSM8660
8620,CRYPTO_DEV_ATMEL_SHA
8621,SECURITY_SELINUX_DISABLE
8622,PINCTRL_PXA27X
8623,NET_VENDOR_SMSC
8624,COMMON_CLK_SCMI
8625,NF_TABLES_IPV4
8626,OPENVSWITCH_VXLAN
8627,PINCTRL_NSP_GPIO
8628,SUN8I_V3S_CCU
8629,USB_SERIAL_GENERIC
8630,USB_GSPCA_VC032X
8631,GPIO_TPS68470
8632,PINCTRL_ASPEED_G6
8633,SPI_FSL_LIB
8634,RTW88_8822B
8635,INTEL_ATOMISP
8636,RSI_SDIO
8637,PINCTRL_PFC_R8A77995
8638,SERIAL_8250_TEGRA
8639,GPIO_RASPBERRYPI_EXP
8640,NET_ACT_SAMPLE
8641,PHY_EXYNOS_DP_VIDEO
8642,USB_EHCI_SH
8643,NPCM_ADC
8644,SND_HDA_INPUT_BEEP
8645,NFS_V2
8646,SND_SOC_INTEL_DA7219_MAX98357A_GENERIC
8647,AD7476
8648,FTTMR010_TIMER
8649,LTC2632
8650,AD7780
8651,USB_SERIAL_BELKIN
8652,I2C_UNIPHIER_F
8653,UX500_SOC_ID
8654,KS8851
8655,PWM_EP93XX
8656,I2C_IMG
8657,SYNCLINKMP
8658,SH_DMAE_BASE
8659,SND_SST_IPC
8660,NETFILTER_XT_TARGET_RATEEST
8661,DRM_EXYNOS_G2D
8662,USB_G_HID
8663,RT61PCI
8664,PINCTRL_PFC_R8A77960
8665,COMEDI_NI_ROUTING
8666,ARM_IMX_BUS_DEVFREQ
8667,MLX4_CORE_GEN2
8668,PINCTRL_RZN1
8669,NET_DSA_TAG_EDSA
8670,ENCX24J600
8671,NFS_V4
8672,MESON_CANVAS
8673,NETFILTER_NETLINK_QUEUE
8674,ATM_IDT77252_DEBUG
8675,PWM_TIECAP
8676,CRYPTO_JITTERENTROPY
8677,I2C_RCAR
8678,FAIL_FUNCTION
8679,NET_VENDOR_FREESCALE
8680,BATTERY_CPCAP
8681,NF_CONNTRACK_IRC
8682,NET_SCH_ATM
8683,PINCTRL_PFC_R8A7743
8684,MMC_MESON_MX_SDIO
8685,EXYNOS_ASV
8686,PINCTRL_SH_PFC_GPIO
8687,SPI_SH_HSPI
8688,NF_NAT
8689,REGULATOR_LOCHNAGAR
8690,MTK_INFRACFG
8691,INTEGRITY_TRUSTED_KEYRING
8692,I2C_MT65XX
8693,FONTS
8694,IP_VS_NFCT
8695,NF_DUP_NETDEV
8696,KIRKWOOD_THERMAL
8697,SND_SOC_PCM3168A_SPI
8698,USB_PWC_INPUT_EVDEV
8699,SERIAL_PCH_UART
8700,SPEAKUP_SYNTH_SPKOUT
8701,SPI_UNIPHIER
8702,PCIE_KIRIN
8703,NET_XGENE_V2
8704,DEFAULT_SECURITY_SMACK
8705,REGULATOR_STM32_BOOSTER
8706,OMAP4_THERMAL
8707,IIO_STM32_LPTIMER_TRIGGER
8708,AFS_FSCACHE
8709,NF_CONNTRACK_SECMARK
8710,COPS_DAYNA
8711,NET_DSA_TAG_BRCM_PREPEND
8712,MT76x02_USB
8713,PINCTRL_S3C64XX
8714,USB_BRCMSTB
8715,COMEDI_NI_DAQ_DIO24_CS
8716,SND_SOC_WM8985
8717,SCSI_FDOMAIN_PCI
8718,USB_KAWETH
8719,OVERLAY_FS_NFS_EXPORT
8720,PINCTRL_SDM845
8721,PINCTRL_STM32F429
8722,SAMSUNG_MC
8723,RESET_STM32MP157
8724,REGULATOR_STM32_VREFBUF
8725,STM32_DFSDM_ADC
8726,LPC32XX_ADC
8727,NFC_ST21NFCA_I2C
8728,PARAVIRT_XXL
8729,MMC_SH_MMCIF
8730,USB_VIDEO_CLASS
8731,SERIAL_SAMSUNG_UARTS_4
8732,SND_AC97_CODEC
8733,NFT_MASQ
8734,INTEL_MEI_WDT
8735,PWM_IMG
8736,SND_SOC_SIGMADSP_I2C
8737,KPROBE_EVENTS_ON_NOTRACE
8738,BCM_NS_THERMAL
8739,IPVLAN_L3S
8740,PINCTRL_DA850_PUPD
8741,NF_TABLES_ARP
8742,VIDEO_STK1160_COMMON
8743,LRU_CACHE
8744,REGULATOR_QCOM_RPMH
8745,P54_USB
8746,SND_SERIAL_U16550
8747,CHARGER_QCOM_SMBB
8748,QCOM_WCNSS_CTRL
8749,S3C2412_COMMON_CLK
8750,SCSI_BNX2X_FCOE
8751,SG_SPLIT
8752,COMEDI_ADL_PCI9118
8753,SERIAL_MPS2_UART
8754,NET_TEAM_MODE_ROUNDROBIN
8755,SND_SOC_INTEL_BXT_RT298_MACH
8756,ROADRUNNER
8757,BAYCOM_PAR
8758,UNIPHIER_EFUSE
8759,BT_SELFTEST_SMP
8760,MMC_MESON_MX_SDHC
8761,SND_SOC_PCM186X
8762,CRYPTO_RNG
8763,AD7280
8764,IP_SET_HASH_NETNET
8765,SND_SOC_INTEL_APL
8766,MMC_OMAP_HS
8767,COMMON_CLK_MT6797_MMSYS
8768,IR_IMG_RAW
8769,SPEAR_ADC
8770,VIDEO_IPU3_CIO2
8771,DVB_BUDGET_PATCH
8772,SUN8I_A83T_CCU
8773,COMMON_CLK_MT7629
8774,ST_UVIS25_SPI
8775,MESON_GX_SOCINFO
8776,DRM_LIMA
8777,VIDEO_ALLEGRO_DVT
8778,MPU3050
8779,SND_CS46XX
8780,XEN_AUTO_XLATE
8781,NFC_FDP_I2C
8782,SYSC_R8A774B1
8783,SND_ATMEL_SOC_PDMIC
8784,NVMEM_IMX_IIM
8785,IMA_APPRAISE_SIGNED_INIT
8786,SERIO_OLPC_APSP
8787,IFB
8788,COMMON_CLK_MT2712_BDPSYS
8789,USB_PEGASUS
8790,COMMON_CLK_MT6765_MIPI1ASYS
8791,SENSORS_BT1_PVT_ALARMS
8792,IMA_LSM_RULES
8793,PINCTRL_MDM9615
8794,IMX_IPUV3_CORE
8795,SND_SOC_SSM2305
8796,MLX5_SW_STEERING
8797,SND_SOC_CX20442
8798,GPIO_THUNDERX
8799,FB_TFT_HX8347D
8800,RTLWIFI
8801,X86_AMD_FREQ_SENSITIVITY
8802,USB_DWC3_ST
8803,INTEL_IOP_ADMA
8804,GPIO_RCAR
8805,INTEL_TELEMETRY
8806,PINCTRL_PFC_SH7724
8807,SND_SOC_INTEL_CML_LP
8808,COMEDI_AMPLC_PC236_ISA
8809,PINCTRL_PFC_R8A7779
8810,SND_SOC_SOF_TIGERLAKE_SUPPORT
8811,PINCTRL_PFC_R8A774C0
8812,RTC_DRV_R9701
8813,MEMSTICK_REALTEK_USB
8814,PARIDE_FIT3
8815,AT91RM9200_WATCHDOG
8816,XEN_DOM0
8817,QCOM_CLK_RPMH
8818,IPMMU_VMSA
8819,COMMON_CLK_BOSTON
8820,SND_SOC_CS42L51_I2C
8821,DECNET_NF_GRABULATOR
8822,COMMON_CLK_MT2701
8823,SND_SOC_WM_HUBS
8824,NPCM7XX_KCS_IPMI_BMC
8825,BCM63XX_PHY
8826,AD_SIGMA_DELTA
8827,QCA7000_SPI
8828,I2C_AXXIA
8829,NF_NAT_REDIRECT
8830,PWM_IMX1
8831,RENESAS_IRQC
8832,CRYPTO_DEV_SUN8I_SS
8833,IXP4XX_QMGR
8834,VIDEO_SUNXI
8835,NFS_FSCACHE
8836,USB_ZD1201
8837,SND_MESON_AXG_TODDR
8838,COMMON_CLK_MT2712_JPGDECSYS
8839,SND_SOC_AMD_RENOIR_MACH
8840,SONYPI_COMPAT
8841,MTD_NAND_DAVINCI
8842,BRIDGE_EBT_DNAT
8843,CLK_SUNXI
8844,GPIO_BCM_XGS_IPROC
8845,NVMEM_STM32_ROMEM
8846,USB_CONFIGFS_F_UAC1_LEGACY
8847,PARIDE_FIT2
8848,IMA_DEFAULT_HASH_SHA1
8849,ROCKCHIP_OTP
8850,PCIE_XILINX_NWL
8851,COMMON_CLK_MT8183
8852,PWM_RCAR
8853,VIDEO_USBVISION
8854,PINCTRL_PFC_R8A7792
8855,TI_DMA_CROSSBAR
8856,IDEAPAD_LAPTOP
8857,REGULATOR_SC2731
8858,PHY_MESON_GXL_USB2
8859,ASPEED_P2A_CTRL
8860,FB_OMAP2_PANEL_DPI
8861,ION_SYSTEM_HEAP
8862,MFD_MX25_TSADC
8863,PINCTRL_PFC_R8A77950
8864,RESET_SUNXI
8865,SCSI_MVSAS_DEBUG
8866,SERIAL_SH_SCI_CONSOLE
8867,GPIO_MLXBF2
8868,PWM_OMAP_DMTIMER
8869,PATA_TOSHIBA
8870,ARM_SMMU_DISABLE_BYPASS_BY_DEFAULT
8871,RENESAS_RZA1_IRQC
8872,CLKSRC_PISTACHIO
8873,QCA7000
8874,IMX_DSP
8875,ATM_IDT77252_RCV_ALL
8876,COMMON_CLK_HI6220
8877,SND_FM801_TEA575X_BOOL
8878,NF_TABLES
8879,OXNAS_RPS_TIMER
8880,RESET_PISTACHIO
8881,SND_SOC_IMX_AUDMUX
8882,PNX4008_WATCHDOG
8883,SPI_AR934X
8884,OWL_TIMER
8885,SYSC_R8A7745
8886,IMX8MM_THERMAL
8887,NVMEM_SNVS_LPGPR
8888,CLKSRC_ST_LPC
8889,BT1_APB
8890,ATA_GENERIC
8891,I2C_QCOM_CCI
8892,I2C_EG20T
8893,NET_TEAM
8894,IP_NF_ARPTABLES
8895,NSPIRE_TIMER
8896,COMEDI_PCL812
8897,SND_SOC_INTEL_CHT_BSW_RT5645_MACH
8898,PWM_BCM_IPROC
8899,QCOM_COINCELL
8900,USB_CNS3XXX_EHCI
8901,CHARGER_SC2731
8902,BT_HCIUART_INTEL
8903,PCIE_ARTPEC6
8904,PINCTRL_UNIPHIER
8905,USB_ISP1362_HCD
8906,TOUCHSCREEN_IPROC
8907,NET_ACT_BPF
8908,INTEL_MID_PTI
8909,USB_PWC_DEBUG
8910,NETFILTER_XT_MATCH_PKTTYPE
8911,NF_CONNTRACK_NETBIOS_NS
8912,X25_ASY
8913,QCOM_RPMH
8914,PINCTRL_NSP_MUX
8915,EXYNOS_ARM64_COMMON_CLK
8916,MMC_SDHCI_OF_ARASAN
8917,USB_XHCI_RCAR
8918,CLK_R8A77961
8919,SECURITY_INFINIBAND
8920,ATM_NICSTAR
8921,COMEDI_NI_ATMIO16D
8922,SND_SOC_PCM3060_I2C
8923,FB_TFT_PCD8544
8924,COMEDI_DT2815
8925,PINCTRL_UNIPHIER_LD4
8926,ARM_EXYNOS_BUS_DEVFREQ
8927,COMEDI_DAS6402
8928,PINCTRL_PXA25X
8929,NF_LOG_IPV6
8930,SERIO_SUN4I_PS2
8931,FB_CONTROL
8932,COMMON_CLK_MT6765_CAMSYS
8933,NET_ACT_IFE
8934,MCP4922
8935,FONT_6x10
8936,USB_GSPCA_SN9C2028
8937,NET_ACT_CSUM
8938,RENESAS_INTC_IRQPIN
8939,SFC
8940,COMEDI_GSC_HPDI
8941,ATLAS7_TIMER
8942,RESET_SOCFPGA
8943,PINCTRL_PFC_R8A77980
8944,MTD_CFI_I4
8945,SND_SOC_JZ4740_CODEC
8946,MXS_TIMER
8947,PATA_RADISYS
8948,STM32_MDMA
8949,LIBERTAS_MESH
8950,SERIAL_SH_SCI_DMA
8951,COMEDI_CB_PCIMDDA
8952,SND_SOC_ACPI_INTEL_MATCH
8953,S390_AP_IOMMU
8954,FW_LOADER_USER_HELPER
8955,ASUS_WMI
8956,BXT_WC_PMIC_OPREGION
8957,NVMEM_IMX_OCOTP
8958,SND_INTEL_DSP_CONFIG
8959,PTP_1588_CLOCK_INES
8960,COMMON_CLK_MT2712_IMGSYS
8961,MFD_HI655X_PMIC
8962,KALLSYMS
8963,PWM_ROCKCHIP
8964,NETFILTER_XT_TARGET_TRACE
8965,USB_DWC2_PERIPHERAL
8966,SND_INDIGOIOX
8967,CASSINI
8968,PHY_MESON_AXG_PCIE
8969,MESON6_TIMER
8970,COMMON_CLK_HI655X
8971,VIRTIO_NET
8972,TI_SYSCON_CLK
8973,COMMON_CLK_HI3670
8974,FB_DA8XX
8975,SERIAL_BCM63XX
8976,KVM_AMD_SEV
8977,COMEDI_ADDI_APCI_2032
8978,QCOM_CLK_APCS_MSM8916
8979,LPC18XX_ADC
8980,SND_SOC_SOF_CANNONLAKE
8981,SND_USB_6FIRE
8982,PWM_MEDIATEK
8983,PCI_TEGRA
8984,CLK_LS1028A_PLLDIG
8985,NET_VENDOR_FUJITSU
8986,I2C_XLR
8987,USB_GSPCA_FINEPIX
8988,PCIE_MEDIATEK
8989,PINCTRL_PFC_R8A7744
8990,SPI_ATMEL
8991,ATMEL_PIT
8992,SENSORS_LOCHNAGAR
8993,PINCTRL_PFC_SH7720
8994,FB_OMAP2_CONNECTOR_DVI
8995,PINCTRL_MT7629
8996,DVB_USB_TECHNISAT_USB2
8997,RESET_LPC18XX
8998,NETFILTER_XT_TARGET_LED
8999,MFD_MXS_LRADC
9000,RTC_DRV_GENERIC
9001,BRCMSTB_THERMAL
9002,PCI_XGENE
9003,USB_GSPCA_SPCA505
9004,NF_CT_PROTO_SCTP
9005,XEN_PCIDEV_BACKEND
9006,BCM_KONA_TIMER
9007,COMEDI_RTI800
9008,PINCTRL_PFC_SH7264
9009,TI_PIPE3
9010,IGB_DCA
9011,PINCTRL_SH_FUNC_GPIO
9012,MISDN_AVMFRITZ
9013,ATMEL_ST
9014,PHY_EXYNOS_MIPI_VIDEO
9015,PINCTRL_STM32F769
9016,DRM_INGENIC
9017,USB_PWC
9018,MAC80211_HWSIM
9019,WIL6210_DEBUGFS
9020,RENESAS_WDT
9021,DEVFREQ_EVENT_ROCKCHIP_DFI
9022,SND_GINA20
9023,USB_CONFIGFS_F_UAC2
9024,CLS_U32_PERF
9025,NFT_LOG
9026,SPI_LP8841_RTC
9027,MFD_STW481X
9028,COMMON_CLK_MT2712_VDECSYS
9029,COMMON_CLK_MT6765_GCESYS
9030,INTEL_MIC_CARD
9031,TEGRA_TIMER
9032,USB_SERIAL_SAFE
9033,CLKSRC_SAMSUNG_PWM
9034,RTC_DRV_SUNXI
9035,COMEDI_AMPLC_PC236_PCI
9036,USB_OHCI_HCD_AT91
9037,PARIDE_EPATC8
9038,GPIO_PXA
9039,SYSC_R8A77965
9040,USB_BELKIN
9041,MS5611_SPI
9042,USB_SERIAL_QT2
9043,PWM_VT8500
9044,PINCTRL_MSM8960
9045,COMMON_RESET_HI3660
9046,DRM_MCDE
9047,PINCTRL_IPQ8064
9048,CLK_BCM_63XX_GATE
9049,CRYPTO_DRBG
9050,RT_MUTEXES
9051,FORCEDETH
9052,QCOM_FASTRPC
9053,SND_SOC_ADAU7118
9054,USB_CONFIGFS_F_MIDI
9055,FB_TFT
9056,SND_VIA82XX_MODEM
9057,RESET_IMX7
9058,PINCTRL_MSM8994
9059,PINCTRL_IPQ4019
9060,CRYPTO_SHA1
9061,COMEDI_PCL816
9062,ATCPIT100_TIMER
9063,GCC_PLUGIN_STRUCTLEAK
9064,PHY_BRCM_SATA
9065,COMEDI_NI_LABPC_ISADMA
9066,NET_TC_SKB_EXT
9067,PWM_TIEHRPWM
9068,SH_TIMER_MTU2
9069,VFIO_PCI_MMAP
9070,IP_SET_BITMAP_IP
9071,ISDN_CAPI_MIDDLEWARE
9072,TULIP
9073,COMMON_CLK_MT6765_MIPI0ASYS
9074,SERIAL_SH_SCI
9075,CLKSRC_JCORE_PIT
9076,SECURITY_WRITABLE_HOOKS
9077,SND_SUN4I_SPDIF
9078,SH_TIMER_TMU
9079,OF_ALL_DTBS
9080,COMMON_CLK_BM1880
9081,ATH_REG_DYNAMIC_USER_REG_HINTS
9082,POWER_RESET_SC27XX
9083,HW_RANDOM_MTK
9084,SND_SOC_TI_SDMA_PCM
9085,PHY_SUN50I_USB3
9086,GPIO_TS5500
9087,ASM9260_WATCHDOG
9088,MAC80211_RC_MINSTREL
9089,DVB_USB_TTUSB2
9090,ULI526X
9091,CRYPTO_DEV_SP_CCP
9092,TANGO_THERMAL
9093,SERIAL_HS_LPC32XX
9094,NF_CT_PROTO_GRE
9095,SUN6I_A31_CCU
9096,PHY_AM654_SERDES
9097,K3_DMA
9098,USB_SERIAL_GARMIN
9099,NET_DSA_QCA8K
9100,SND_SOC_MAX98088
9101,PATA_HPT3X3_DMA
9102,NF_DEFRAG_IPV6
9103,GPIO_ZX
9104,IP_VS_LC
9105,SND_SOC_CS42L52
9106,QCOM_SMEM_STATE
9107,PINCTRL_MSM8998
9108,CIFS_DEBUG_DUMP_KEYS
9109,SUNRPC_DEBUG
9110,PHY_UNIPHIER_USB2
9111,MMP_FB
9112,SUN5I_HSTIMER
9113,I2C_ASPEED
9114,IXGB
9115,RADIO_TIMBERDALE
9116,SUN5I_CCU
9117,PINCTRL_SPRD
9118,BRCMUTIL
9119,FB_OMAP2_DSS_HDMI_COMMON
9120,MLXSW_MINIMAL
9121,S3C2410_COMMON_CLK
9122,LIBERTAS_USB
9123,PHY_STM32_USBPHYC
9124,RESET_HSDK
9125,BRIDGE_EBT_ARP
9126,SCSI_IPR
9127,PINCTRL_PFC_SH7722
9128,RIONET
9129,PWM_RENESAS_TPU
9130,INGENIC_CGU_X1000
9131,NBPFAXI_DMA
9132,SND_SOC_INTEL_KBL_DA7219_MAX98357A_MACH
9133,IP_SET_HASH_IPPORTIP
9134,MTK_SCPSYS
9135,COMMON_CLK_HI3798CV200
9136,PINCTRL_PFC_R8A77470
9137,DRA752_THERMAL
9138,BCM7038_WDT
9139,REGULATOR_ANATOP
9140,MESON_WATCHDOG
9141,COMEDI_NI_65XX
9142,PWM_BCM_KONA
9143,MV_XOR
9144,SND_SOC_ZX_AUD96P22
9145,DMA_SA11X0
9146,USB_SPEEDTOUCH
9147,TEHUTI
9148,SND_SOC_CS4271_SPI
9149,MILBEAUT_XDMAC
9150,INFINIBAND_QIB
9151,INTEL_IOMMU_FLOPPY_WA
9152,GPIO_TS4900
9153,PHY_J721E_WIZ
9154,INGENIC_TCU_CLK
9155,INIT_STACK_NONE
9156,PINCTRL_AT91PIO4
9157,IPW2200_DEBUG
9158,PINCTRL_SC7180
9159,SPMI_MSM_PMIC_ARB
9160,MTK_PMIC_WRAP
9161,SND_SOC_INTEL_BAYTRAIL
9162,STM32_DFSDM_CORE
9163,INTEL_IOMMU
9164,SND_PORTMAN2X4
9165,PINCTRL_PFC_EMEV2
9166,H8300_TMR16
9167,ATH5K_PCI
9168,EXYNOS_THERMAL
9169,SND_SOC_IMX_ES8328
9170,AHCI_IMX
9171,SND_SOC_CS4271_I2C
9172,GPIO_PMIC_EIC_SPRD
9173,NET_CLS_ROUTE4
9174,MFD_SUN6I_PRCM
9175,NETFILTER_XT_MATCH_COMMENT
9176,MESON_CLK_MEASURE
9177,PINCTRL_MT8183
9178,CPU_IDLE_THERMAL
9179,PWM_LPC32XX
9180,COMMON_CLK_MT7629_ETHSYS
9181,SC27XX_EFUSE
9182,W1_MASTER_MXC
9183,IOMMU_IO_PGTABLE_ARMV7S_SELFTEST
9184,B43LEGACY_HWRNG
9185,USB_EHCI_HCD_SPEAR
9186,USB_FUNCTIONFS_ETH
9187,DRM_EXYNOS_ROTATOR
9188,CLK_R8A7791
9189,ATM_DUMMY
9190,RTC_DRV_ASM9260
9191,NET_EMATCH_TEXT
9192,GACT_PROB
9193,QED
9194,SND_FM801
9195,GPIO_MXC
9196,PINCTRL_S3C24XX
9197,VIDEO_STI_BDISP
9198,IR_SHARP_DECODER
9199,CLK_ACTIONS
9200,SND_SOC_TDA7419
9201,COMMON_CLK_MT6779_VENCSYS
9202,TEXTSEARCH_KMP
9203,QCOM_AOSS_QMP
9204,SND_AW2
9205,SECURITY_SELINUX_AVC_STATS
9206,USB_GSPCA_OV534_9
9207,ARM_INTEGRATOR_LM
9208,STM32_ADC_CORE
9209,IMA_MEASURE_ASYMMETRIC_KEYS
9210,PHY_HISTB_COMBPHY
9211,FB_CLPS711X
9212,NETFILTER_XT_NAT
9213,IMX_IRQSTEER
9214,CRYPTO_DEV_CCP_DEBUGFS
9215,CLK_SIFIVE_FU540_PRCI
9216,SYSC_RCAR
9217,VIDEO_VIVID
9218,NFT_CT
9219,NETFILTER_XT_TARGET_TPROXY
9220,GCC_PLUGIN_STRUCTLEAK_BYREF_ALL
9221,SECURITY_APPARMOR_KUNIT_TEST
9222,DVB_MN88472
9223,SND_SOC_MAX9768
9224,KPSS_XCC
9225,MMC_DW_HI3798CV200
9226,COMMON_CLK_MT7622_HIFSYS
9227,SATA_MV
9228,ARM_SCMI_POWER_DOMAIN
9229,BT_HCIUART_ATH3K
9230,COMMON_CLK_MT7629_HIFSYS
9231,IRQ_UNIPHIER_AIDET
9232,SND_SOC_WM8770
9233,SND_HDA_INTEL
9234,NF_CONNTRACK_TIMESTAMP
9235,USB_DWC3_QCOM
9236,USB_NET_QMI_WWAN
9237,REGULATOR_PBIAS
9238,SPI_ZYNQ_QSPI
9239,XEN_HAVE_PVMMU
9240,CIFS_STATS2
9241,WINBOND_840
9242,SND_HDA_CODEC_CA0110
9243,B43LEGACY
9244,SND_SOC_STI
9245,PCI_HISI
9246,FSL_MC_BUS
9247,STMP_DEVICE
9248,ASYNC_TX_DISABLE_XOR_VAL_DMA
9249,SND_SYNTH_EMUX
9250,CLK_SP810
9251,AHCI_XGENE
9252,USB_ULPI_VIEWPORT
9253,EFI_VARS_PSTORE_DEFAULT_DISABLE
9254,SND_LAYLA24
9255,TOUCHSCREEN_USB_ITM
9256,INTEL_IOMMU_SCALABLE_MODE_DEFAULT_ON
9257,PWM_BCM2835
9258,COMMON_CLK_MT6779
9259,DVB_USB_DIBUSB_MB
9260,SERIAL_RDA
9261,MMC_BCM2835
9262,SPMI_PMIC_CLKDIV
9263,CRYPTO_DEV_PICOXCELL
9264,SND_OXYGEN
9265,BYTCRC_PMIC_OPREGION
9266,NVMEM_LPC18XX_EEPROM
9267,IR_IMON_DECODER
9268,MPLS_IPTUNNEL
9269,NFS_V4_2
9270,ROCKCHIP_PM_DOMAINS
9271,CLK_R8A77980
9272,ROCKCHIP_GRF
9273,SND_SOC_CS47L24
9274,NEW_LEDS
9275,RENESAS_H8S_INTC
9276,COMEDI_ADDI_APCI_1500
9277,BATTERY_INGENIC
9278,MTD_PARSER_IMAGETAG
9279,HSEM_U8500
9280,VIDEO_AU0828
9281,QCOM_SMD_RPM
9282,MMC_TMIO_CORE
9283,POWER_RESET_RMOBILE
9284,CHARGER_CPCAP
9285,ND_PFN
9286,SECURITY_SELINUX
9287,PHY_SUN6I_MIPI_DPHY
9288,QCOM_EBI2
9289,REGULATOR_STW481X_VMMC
9290,ROCKCHIP_MBOX
9291,VIDEO_MEDIATEK_MDP
9292,SERIAL_STM32
9293,H8300_TMR8
9294,TOUCHSCREEN_TS4800
9295,SUN9I_A80_CCU
9296,MXS_DMA
9297,PWM_MESON
9298,TEE_BNXT_FW
9299,SECURITY_APPARMOR_DEBUG_MESSAGES
9300,VIDEO_CX231XX_RC
9301,SERIAL_MILBEAUT_USIO
9302,SYSC_R8A7779
9303,ATH10K_CE
9304,MMP_PANEL_TPOHVGA
9305,PWM_IMX27
9306,SPI_SYNQUACER
9307,NFT_DUP_NETDEV
9308,BATTERY_TWL4030_MADC
9309,SPI_ARMADA_3700
9310,SPI_SUN4I
9311,APB_TIMER
9312,PWM_STM32
9313,DRM_PANEL_NOVATEK_NT39016
9314,COMMON_CLK_MT6765_MIPI2BSYS
9315,NF_TABLES_IPV6
9316,NFT_OSF
9317,USB_MUSB_MEDIATEK
9318,SYSC_R8A77470
9319,MTK_THERMAL
9320,SND_SOC_UNIPHIER
9321,MTK_MMSYS
9322,I2C_PNX
9323,NF_CONNTRACK_SIP
9324,MOST_VIDEO
9325,SENSORS_ARM_SCMI
9326,PINCTRL_MT8135
9327,SYSC_R8A77990
9328,NF_CONNTRACK_BROADCAST
9329,IR_MESON
9330,COMEDI_NI_PCIDIO
9331,WIMAX_I2400M_USB
9332,SND_SOC_SOF_PROBE_WORK_QUEUE
9333,GPIO_MPC8XXX
9334,PCIE_ALTERA_MSI
9335,RENESAS_USB_DMAC
9336,COMMON_CLK_MT2712_MFGCFG
9337,SND_OXFW
9338,BT_HCIUART_RTL
9339,SND_SOC_UDA1380
9340,SECURITY_TOMOYO
9341,CRYPTO_DEV_QCE_SHA
9342,6LOWPAN_NHC_HOP
9343,CLK_BCM_CYGNUS
9344,COMEDI_8255_PCI
9345,PINCTRL_QCOM_SSBI_PMIC
9346,CLK_R8A7742
9347,I2C_OMAP
9348,NF_TPROXY_IPV6
9349,SND_SOC_STA529
9350,PINCTRL_UNIPHIER_LD11
9351,PINCTRL_PFC_R8A77970
9352,UML_WATCHDOG
9353,FB_OMAP2_PANEL_LGPHILIPS_LB035Q02
9354,REGULATOR_RK808
9355,BT_HCIBTUSB_AUTOSUSPEND
9356,VIDEO_MEDIATEK_VPU
9357,MFD_STM32_LPTIMER
9358,NPCM7XX_TIMER
9359,PINCTRL_PFC_SH7757
9360,IR_MTK
9361,COMMON_CLK_MT7622_AUDSYS
9362,TEGRA_VDE
9363,I2C_AT91
9364,SND_CA0106
9365,SUN50I_H6_CCU
9366,IMX_GPCV2_PM_DOMAINS
9367,CHELSIO_T1_1G
9368,QED_SRIOV
9369,MAC80211_NOINLINE
9370,I2C_QCOM_GENI
9371,DMA_JZ4780
9372,STUB_CLK_HI6220
9373,PHY_BERLIN_USB
9374,PCIE_TEGRA194_HOST
9375,B43_LEDS
9376,USB_GSPCA_SQ905C
9377,R8169
9378,IMX_INTMUX
9379,PWM_ZX
9380,COMMON_CLK_MT8183_IPU_ADL
9381,SND_SOC_WM8971
9382,BCM_SBA_RAID
9383,PINCTRL_MSM8996
9384,SND_USB_CAIAQ
9385,IPQ_GCC_6018
9386,NETFILTER_NETLINK_ACCT
9387,PTP_1588_CLOCK_KVM
9388,SERIAL_8250_UNIPHIER
9389,USB_GSPCA_MARS
9390,NFT_XFRM
9391,NETFILTER_XT_MATCH_STATE
9392,SND_SONICVIBES
9393,USB_NET_DM9601
9394,NFC_MRVL_I2C
9395,PWM_MXS
9396,I2C_IOP3XX
9397,AT91_SOC_SFR
9398,SND_ES1968
9399,USB_TEGRA_PHY
9400,MOXART_WDT
9401,SND_SOC_ADI
9402,GPIO_TIMBERDALE
9403,REGULATOR_MT6380
9404,AXI_DMAC
9405,TS4800_IRQ
9406,I2C_HIGHLANDER
9407,RTW88_8822BE
9408,RENESAS_OSTM
9409,VIDEO_VIU
9410,PINCTRL_SM8150
9411,COMMON_CLK_MT7622
9412,LIVEPATCH
9413,TEGRA_WATCHDOG
9414,SPI_BCM2835
9415,IR_FINTEK
9416,COMMON_CLK_MT2712_MMSYS
9417,IIO_SSP_SENSORHUB
9418,BACKLIGHT_ATMEL_LCDC
9419,SND_SOC_TLV320DAC33
9420,MMP_PDMA
9421,DVB_SMIPCIE
9422,USB_GSPCA_STK1135
9423,FB_OMAP2_ENCODER_OPA362
9424,SUN8I_DE2_CCU
9425,SC_DISPCC_7180
9426,PINCTRL_PFC_R8A774A1
9427,SND_SOC_MAX98373
9428,COMEDI_QUATECH_DAQP_CS
9429,FB_OMAP2_PANEL_NEC_NL8048HL11
9430,GEMINI_ETHERNET
9431,IR_IGUANA
9432,SND_SOC_SOF_INTEL_ACPI
9433,IGBVF
9434,COMEDI_PCL730
9435,BRIDGE_EBT_REDIRECT
9436,ARMV7M_SYSTICK
9437,NET_EMATCH_NBYTE
9438,TEGRA20_APB_DMA
9439,CEC_GPIO
9440,P54_COMMON
9441,CLK_RASPBERRYPI
9442,WARN_MISSING_DOCUMENTS
9443,RESET_UNIPHIER_GLUE
9444,TI_SOC_THERMAL
9445,EXYNOS_CHIPID
9446,TIMER_IMX_SYS_CTR
9447,MMP_DISP
9448,USB_OHCI_HCD_SPEAR
9449,CRYPTO_DEV_IMGTEC_HASH
9450,BPF_LSM
9451,SND_HDA_CODEC_SIGMATEL
9452,CS5535_MFGPT
9453,I2C_PXA_SLAVE
9454,INTERCONNECT_IMX8MM
9455,STMMAC_PCI
9456,CADENCE_TTC_TIMER
9457,TI_EDMA
9458,NETFILTER_XT_MATCH_DCCP
9459,ARM_SCPI_PROTOCOL
9460,SUN8I_R40_CCU
9461,PHY_STIH407_USB
9462,NF_NAT_MASQUERADE
9463,PCIE_RCAR
9464,SPI_HISI_SFC_V3XX
9465,ATM_NICSTAR_USE_IDT77105
9466,COMEDI_AIO_AIO12_8
9467,MMP_TDMA
9468,MISDN
9469,DVB_NGENE
9470,DAVINCI_TIMER
9471,SOUNDWIRE_CADENCE
9472,RDA_TIMER
9473,SPI_OMAP_100K
9474,ZX_DMA
9475,SND_SOC_WM8804_SPI
9476,SOC_TEGRA20_VOLTAGE_COUPLER
9477,KS8842
9478,IR_HIX5HD2
9479,USB_GSPCA_SPCA1528
9480,I2C_BOARDINFO
9481,COMMON_CLK_MT8135
9482,AMD_XGBE_HAVE_ECC
9483,EVM_LOAD_X509
9484,NVMEM_LPC18XX_OTP
9485,USB_CNS3XXX_OHCI
9486,FUEL_GAUGE_SC27XX
9487,SND_SOC_DAVINCI_VCIF
9488,COMEDI_ADDI_APCI_1516
9489,POWER_RESET_ZX
9490,OMAP_WATCHDOG
9491,COMMON_CLK_MT6765_VCODECSYS
9492,PINCTRL_PFC_R8A73A4
9493,FB_GEODE_GX1
9494,CRYPTO_XTS
9495,QCOM_TSENS
9496,CEC_TEGRA
9497,USB_F_EEM
9498,SND_SOC_RT5665
9499,SND_SOC_SOF_APOLLOLAKE
9500,QCOM_HFPLL
9501,COMMON_CLK_MT8183_IPU_CORE0
9502,NFT_COUNTER
9503,USB_RENESAS_USBHS_HCD
9504,MLX5_CORE_EN
9505,CRYPTO_DEV_ALLWINNER
9506,SPRD_SC9860_CLK
9507,INGENIC_CGU_JZ4725B
9508,SENSORS_BT1_PVT
9509,MMC_SDHCI_PXAV3
9510,PHY_QCOM_USB_SS
9511,QORIQ_THERMAL
9512,SND_HDA_CODEC_SI3054
9513,COMMON_CLK_MT8183_VDECSYS
9514,BT1_L2_CTL
9515,MTD_SM_COMMON
9516,RESET_QCOM_PDC
9517,SND_SOC_FSL_ESAI
9518,USB_MUSB_DSPS
9519,COMMON_CLK_MT6765_MIPI0BSYS
9520,SERIAL_ATMEL_PDC
9521,ASM9260_TIMER
9522,FB_OMAP2_DSS
9523,BCM_IPROC_ADC
9524,GPIO_XGENE_SB
9525,SND_SOC_RT5616
9526,PHY_S5PV210_USB2
9527,GENERIC_ALLOCATOR
9528,MTK_CMDQ_MBOX
9529,NFT_REDIR
9530,SMSC911X
9531,B43_PIO
9532,USB_KC2190
9533,SND_MESON_AXG_TDMOUT
9534,ATMEL_SSC
9535,SMC_DIAG
9536,USB_GSPCA_SPCA501
9537,COMEDI_CB_PCIMDAS
9538,SUN6I_MSGBOX
9539,SCSI_LPFC
9540,USB_NET_NET1080
9541,SERIAL_CLPS711X_CONSOLE
9542,BT_QCOMSMD
9543,SND_SOC_TEGRA_WM9712
9544,RTLBTCOEXIST
9545,USB_F_UAC1_LEGACY
9546,STM32_LPTIMER_CNT
9547,PHY_EXYNOS_PCIE
9548,PINCTRL_PFC_R8A7745
9549,CPCAP_ADC
9550,PINCTRL_SPRD_SC9860
9551,USB_OHCI_HCD_OMAP3
9552,VFIO_VIRQFD
9553,MSM_MMCC_8998
9554,PWM_SPEAR
9555,DMA_OMAP
9556,SND_VIRTUOSO
9557,CLK_BT1_CCU_PLL
9558,COMEDI_MPC624
9559,ATM_ZATM
9560,I2C_STU300
9561,COMMON_CLK_MT8183_CAMSYS
9562,MTD_SHARPSL_PARTS
9563,SPEAKUP_SYNTH_AUDPTR
9564,WIL6210_TRACING
9565,PHY_MVEBU_A3700_UTMI
9566,UCC
9567,COMEDI_PCMCIA_DRIVERS
9568,CLK_SUNXI_PRCM_SUN9I
9569,IOMMU_IO_PGTABLE_LPAE
9570,VIDEO_OMAP3
9571,MMC_DW
9572,COMEDI_ADDI_APCI_3XXX
9573,PHY_LPC18XX_USB_OTG
9574,FPGA_MGR_ZYNQ_FPGA
9575,DVB_USB_DIBUSB_MB_FAULTY
9576,NETFILTER_XT_MATCH_STRING
9577,CRYPTO_DEV_HISI_SEC
9578,RTL8723BE
9579,MT7615_COMMON
9580,PINCTRL_RZA2
9581,RTC_DRV_SUN6I
9582,ASYNC_TX_DISABLE_PQ_VAL_DMA
9583,QCOM_APCS_IPC
9584,NFT_REJECT_IPV4
9585,SND_ATIIXP
9586,SOC_SAMSUNG
9587,USB_NET_CDCETHER
9588,VIDEO_CX88_DVB
9589,COMEDI_DAS1800
9590,COMEDI_AMPLC_PCI224
9591,SUN8I_A23_CCU
9592,MTD_NAND_MTK
9593,IMA_LOAD_X509
9594,SND_AD1889
9595,CEC_STM32
9596,XO15_EBOOK
9597,NETFILTER_XT_MATCH_IPRANGE
9598,LIBIPW
9599,SUN50I_IOMMU
9600,I2C_BRCMSTB
9601,SUN8I_R_CCU
9602,CLK_SUNXI_PRCM_SUN8I
9603,MESON_MX_EFUSE
9604,DEVFREQ_EVENT_EXYNOS_PPMU
9605,SCSI_BFA_FC
9606,SUN50I_H6_R_CCU
9607,MTD_NETSC520
9608,SND_SOC_AD1980
9609,PINCTRL_QCOM_SPMI_PMIC
9610,MSM_GCC_8996
9611,RT2X00_LIB_MMIO
9612,SND_HDSPM
9613,IP_SET_HASH_IPMARK
9614,SND_HDA_CODEC_CA0132
9615,SND_SOC_SOF_JASPERLAKE
9616,STM32_DMA
9617,SATA_HIGHBANK
9618,PRIMA2_TIMER
9619,SND_CS46XX_NEW_DSP
9620,PHY_BRCM_USB
9621,RTC_DRV_DIGICOLOR
9622,COMEDI_ADL_PCI7X3X
9623,PHY_BCM_NS_USB3
9624,LINEAR_RANGES
9625,SND_SE6X
9626,NF_CONNTRACK_SNMP
9627,COMMON_CLK_MT2701_MMSYS
9628,SND_SOC_ADAU1761
9629,NF_CONNTRACK_BRIDGE
9630,PREEMPT_NOTIFIERS
9631,HW_RANDOM_IMX_RNGC
9632,IMX_SCU
9633,SPI_BCM2835AUX
9634,RESET_BRCMSTB
9635,CAVIUM_CPT
9636,PINCTRL_IPROC_GPIO
9637,MTD_NAND_MXC
9638,PINCTRL_SDM660
9639,PINCTRL_ASPEED_G4
9640,PHY_LANTIQ_RCU_USB2
9641,WIZNET_W5100_SPI
9642,SUN4I_A10_CCU
9643,SND_SOC_CS42L51
9644,KVM_MMIO
9645,PCIE_ROCKCHIP_HOST
9646,SERIAL_MPS2_UART_CONSOLE
9647,COMEDI_S626
9648,DM_PERSISTENT_DATA
9649,SPI_TXX9
9650,ATM_AMBASSADOR_DEBUG
9651,APQ_MMCC_8084
9652,ATM_ENI_BURST_TX_8W
9653,PINCTRL_PFC_R8A774B1
9654,DRM_IMX_TVE
9655,VIDEOBUF_DMA_SG
9656,QLCNIC_SRIOV
9657,I2C_HIX5HD2
9658,FB_TFT_SSD1289
9659,SAMA5D4_WATCHDOG
9660,COMEDI_ME_DAQ
9661,IMX_MBOX
9662,UCC_SLOW
9663,COMMON_CLK_MT2701_ETHSYS
9664,COMEDI_PCMMIO
9665,HAVE_KVM_CPU_RELAX_INTERCEPT
9666,NET_DSA_TAG_8021Q
9667,CLKSRC_PXA
9668,SC_MSS_7180
9669,COMEDI_PCMAD
9670,CIFS_DFS_UPCALL
9671,USB_GSPCA_CPIA1
9672,QCOM_LLCC
9673,MSM_GPUCC_8998
9674,SND_SOC_SOF_HDA_LINK_BASELINE
9675,SSB_HOST_SOC
9676,CLK_BT1_CCU_DIV
9677,NET_DSA_SMSC_LAN9303_I2C
9678,AM335X_PHY_USB
9679,ATH10K_SPECTRAL
9680,SPI_NPCM_FIU
9681,QCS_TURING_404
9682,XEN_BALLOON_MEMORY_HOTPLUG
9683,SERIAL_SAMSUNG_CONSOLE
9684,MMC_OWL
9685,SPI_AT91_USART
9686,SND_SOC_SIMPLE_AMPLIFIER
9687,CLK_UNIPHIER
9688,AT91_SOC_ID
9689,MEDIATEK_WATCHDOG
9690,NET_DSA_MV88E6XXX_PTP
9691,PTP_1588_CLOCK_QORIQ
9692,PHY_BCM_SR_USB
9693,IPW2200
9694,COMEDI_DMM32AT
9695,PINCTRL_MT2712
9696,FB_TFT_HX8357D
9697,PWM_MTK_DISP
9698,MFD_CS5535
9699,SURFACE_3_BUTTON
9700,MMC_SDHI_INTERNAL_DMAC
9701,SERIAL_ATMEL_TTYAT
9702,SND_SOC_SPRD_MCDT
9703,SERIAL_OWL
9704,MFD_SUN4I_GPADC
9705,RTC_DRV_JZ4740
9706,TOUCHSCREEN_PCAP
9707,TURRIS_MOX_RWTM
9708,MDIO_ASPEED
9709,RESET_MESON
9710,HWSPINLOCK_STM32
9711,SERIAL_QCOM_GENI_CONSOLE
9712,SC_GPUCC_7180
9713,PHY_LANTIQ_VRX200_PCIE
9714,NF_NAT_IRC
9715,PCI_VERSATILE
9716,CLK_OWL_S900
9717,OMAP5_THERMAL
9718,QCOM_COMMAND_DB
9719,INPUT_HISI_POWERKEY
9720,PPPOL2TP
9721,ASPEED_BT_IPMI_BMC
9722,SND_SOC_WM9712
9723,PHY_HI6220_USB
9724,COMMON_CLK_MT6765_IMGSYS
9725,XGENE_DMA
9726,I2C_MT7621
9727,USB_NET_RNDIS_HOST
9728,I2C_MV64XXX
9729,PHY_HISI_INNO_USB2
9730,COMMON_CLK_MT2712_VENCSYS
9731,CLK_R8A7790
9732,MTD_NAND_MESON
9733,USB_EHCI_HCD_AT91
9734,BRIDGE_EBT_STP
9735,HYPERV_IOMMU
9736,STM32_TIMER_CNT
9737,COMMON_CLK_MT6797_VDECSYS
9738,KEYBOARD_IMX_SC_KEY
9739,LPC18XX_DAC
9740,EXYNOS_AUDSS_CLK_CON
9741,CLK_R9A06G032
9742,COMMON_CLK_MT2701_VDECSYS
9743,COMEDI_CB_PCIDAS
9744,KSZ884X_PCI
9745,SERIAL_MXS_AUART_CONSOLE
9746,CLK_R8A77965
9747,CLK_R8A7779
9748,IMA
9749,SDM_GPUCC_845
9750,LOCKD
9751,QCOM_GENI_SE
9752,FS_DAX_PMD
9753,PATA_MPIIX
9754,NFS_ACL_SUPPORT
9755,PINCTRL_QCS404
9756,IP_NF_TARGET_SYNPROXY
9757,KEYBOARD_SH_KEYSC
9758,PINCTRL_PFC_R8A7778
9759,SND_SOC_SOF_MERRIFIELD_SUPPORT
9760,CAIF_TTY
9761,PCMCIA_SMC91C92
9762,COMEDI_NI_AT_A2150
9763,BRIDGE_EBT_MARK_T
9764,MACVTAP
9765,RTC_DRV_STM32
9766,COMMON_CLK_MT2701_HIFSYS
9767,HERMES_CACHE_FW_ON_INIT
9768,POWER_RESET_BRCMSTB
9769,OWL_PM_DOMAINS_HELPER
9770,SERIAL_BCM63XX_CONSOLE
9771,BLK_DEV_CS5520
9772,AT91_SAMA5D2_ADC
9773,CIFS_WEAK_PW_HASH
9774,LOONGSON_PCH_PIC
9775,ROCKCHIP_EFUSE
9776,CEC_STI
9777,COMMON_CLK_MT6779_IPESYS
9778,EVM_EXTRA_SMACK_XATTRS
9779,GREYBUS_ARCHE
9780,FB_TMIO_ACCELL
9781,MESON_MX_SOCINFO
9782,FB_MACMODES
9783,RTC_DRV_ARMADA38X
9784,FB_TFT_HX8353D
9785,SND_SOC_DA7218
9786,HISI_THERMAL
9787,ZX_SPDIF
9788,SYSC_R8A7795
9789,SOC_ZTE
9790,DVB_C8SECTPFE
9791,SPI_TEGRA20_SLINK
9792,FSL_IFC
9793,MTD_NAND_SHARPSL
9794,SND_SOC_OMAP_HDMI
9795,RTC_DRV_TEGRA
9796,MTD_PARSER_TRX
9797,COMEDI_DT3000
9798,SPI_FSL_DSPI
9799,BPF_STREAM_PARSER
9800,SND_SOC_WM8524
9801,PINCTRL_STM32H743
9802,COMMON_CLK_MT2701_BDPSYS
9803,PCI_EXYNOS
9804,SND_INDIGODJX
9805,EXYNOS_PM_DOMAINS
9806,SND_SOC_SOF_NOCODEC
9807,SYSC_R8A7791
9808,GPIO_RDA
9809,KEYBOARD_CLPS711X
9810,NET_DSA_LANTIQ_GSWIP
9811,SERIAL_RDA_CONSOLE
9812,REGULATOR_QCOM_SMD_RPM
9813,SCSI_UFS_HISI
9814,WL1251_SDIO
9815,ZSWAP_COMPRESSOR_DEFAULT_LZO
9816,COMEDI_II_PCI20KC
9817,CLK_RCAR_USB2_CLOCK_SEL
9818,TOUCHSCREEN_MIGOR
9819,LPC_ENET
9820,SND_SOC_ADAV803
9821,NET_DSA_MICROCHIP_KSZ9477_I2C
9822,VIDEO_EM28XX
9823,TEST_OBJAGG
9824,CLK_R8A7778
9825,MTD_NAND_AMS_DELTA
9826,FSL_ENETC_MDIO
9827,INTERCONNECT_IMX
9828,FB_OMAP2_DSS_DSI
9829,IIO_ST_ACCEL_SPI_3AXIS
9830,SSB_B43_PCI_BRIDGE
9831,USB_NET_ZAURUS
9832,INTERCONNECT_IMX8MN
9833,NETFILTER_XT_MATCH_MAC
9834,MTD_NAND_FSL_IFC
9835,IEEE802154_CA8210_DEBUGFS
9836,FB_PVR2
9837,SND_SOC_CYGNUS
9838,PCIE_BRCMSTB
9839,VIDEO_V4L2_TPG
9840,AT91SAM9X_WATCHDOG
9841,CLK_BCM2835
9842,PCI_DRA7XX_HOST
9843,CRYPTO_DRBG_MENU
9844,PWM_CRC
9845,PINCTRL_PFC_SH7723
9846,PINCTRL_UNIPHIER_PXS3
9847,KVM_ASYNC_PF
9848,SND_ECHO3G
9849,COMMON_CLK_MT6765_MMSYS
9850,NFS_DEBUG
9851,SND_SOC_RT700_SDW
9852,PWM_HIBVT
9853,PINCTRL_BCM2835
9854,RESET_SCMI
9855,CLK_R8A77990
9856,SPI_OMAP24XX
9857,BCM47XX_WDT
9858,COMEDI_ME4000
9859,BRIDGE_EBT_LIMIT
9860,EPIC100
9861,I2C_PMCMSP
9862,SND_SOC_PCM3060
9863,INFINIBAND_IPOIB_DEBUG_DATA
9864,RTW88_8723DE
9865,NET_DSA_TAG_BRCM_COMMON
9866,SND_VX222
9867,ATP
9868,SDM_GCC_845
9869,USB_XHCI_MVEBU
9870,MTK_TIMER
9871,SPI_IMG_SPFI
9872,HWSPINLOCK_SIRF
9873,USB_OHCI_HCD_LPC32XX
9874,ATM_ENI_TUNE_BURST
9875,S3C2410_WATCHDOG
9876,OMAP3_THERMAL
9877,DRM_EXYNOS
9878,BT1_AXI
9879,NETFILTER_XT_TARGET_TEE
9880,ARMADA_37XX_WATCHDOG
9881,NETFILTER_XT_MATCH_DSCP
9882,COMEDI_NI_TIOCMD
9883,LIBERTAS_SDIO
9884,MTD_SC520CDP
9885,FB_OMAP2_CONNECTOR_HDMI
9886,NFS_COMMON
9887,SND_OPL3_LIB_SEQ
9888,SYSC_R8A77961
9889,PINCTRL_STM32F469
9890,SND_WSS_LIB
9891,FM10K
9892,CLK_ANALOGBITS_WRPLL_CLN28HPC
9893,FPGA_MGR_SOCFPGA
9894,FB_TFT_SSD1331
9895,PINCTRL_IPQ6018
9896,RTC_DRV_MOXART
9897,I2C_AT91_SLAVE_EXPERIMENTAL
9898,SPI_BCM63XX
9899,SND_SOC_WM8991
9900,USB_OHCI_EXYNOS
9901,SND_MESON_AXG_PDM
9902,MLXSW_SPECTRUM
9903,NET_DSA_MICROCHIP_KSZ8795
9904,IMX2_WDT
9905,IPQ_GCC_8074
9906,PCI_LOONGSON
9907,COH901318
9908,S3C24XX_DMAC
9909,FB_OMAP2_DSS_DEBUG
9910,SPI_HISI_SFC
9911,NF_NAT_PPTP
9912,VXGE_DEBUG_TRACE_ALL
9913,SND_EP93XX_SOC
9914,ATH_REG_DYNAMIC_USER_CERT_TESTING
9915,SND_SOC_WM8400
9916,VETH
9917,PRISM2_USB
9918,S390_CCW_IOMMU
9919,IP_NF_RAW
9920,RTC_DRV_OMAP
9921,SPEAR_THERMAL
9922,INGENIC_TCU_IRQ
9923,DRM_V3D
9924,MMC_DW_PLTFM
9925,CEC_MESON_AO
9926,MFD_TIMBERDALE
9927,HW_RANDOM_EXYNOS
9928,PCH_PHUB
9929,KPROBES_ON_FTRACE
9930,SND_KIRKWOOD_SOC
9931,SND_HDA_CODEC_CIRRUS
9932,RENESAS_DMA
9933,RTC_DRV_COH901331
9934,CLK_R8A7792
9935,PWM_CLPS711X
9936,NETFILTER_XT_MATCH_MARK
9937,PWM_LPC18XX_SCT
9938,SUN8I_H3_CCU
9939,MTK_HSDMA
9940,CRYPTO_DEV_ATMEL_AES
9941,MMC_DW_PCI
9942,HWSPINLOCK_QCOM
9943,COMMON_CLK_MT2701_G3DSYS
9944,SYSC_R8A7790
9945,IEEE802154_ATUSB
9946,COMEDI_C6XDIGIO
9947,BCM_KONA_WDT_DEBUG
9948,UNIPHIER_THERMAL
9949,QLCNIC_DCB
9950,BRIDGE_EBT_T_FILTER
9951,RCAR_GYRO_ADC
9952,SND_SOC_OMAP_DMIC
9953,IOASID
9954,ACENIC_OMIT_TIGON_I
9955,INPUT_PM8XXX_VIBRATOR
9956,DVB_BUDGET
9957,COMEDI_KE_COUNTER
9958,SND_SOC_SOF_BROADWELL
9959,CLK_EMEV2
9960,SYSC_RMOBILE
9961,TOUCHSCREEN_SUN4I
9962,B43_SSB
9963,IMA_KEYRINGS_PERMIT_SIGNED_BY_BUILTIN_OR_SECONDARY
9964,POWER_RESET_GEMINI_POWEROFF
9965,FB_OMAP2_CONNECTOR_ANALOG_TV
9966,RTC_DRV_MV
9967,GPIO_MT7621
9968,FSL_MC_DPIO
9969,MTD_NAND_BRCMNAND
9970,SND_MESON_AXG_TDM_INTERFACE
9971,NETFILTER_XT_TARGET_LOG
9972,SND_OXYGEN_LIB
9973,SND_SOC_TLV320AIC32X4_SPI
9974,PCIE_TEGRA194_EP
9975,SND_CMI8330
9976,PTP_1588_CLOCK_DTE
9977,COMEDI_DAS08_PCI
9978,KEYBOARD_SNVS_PWRKEY
9979,JZ4780_NEMC
9980,ARM_SCMI_PROTOCOL
9981,IP6_NF_MANGLE
9982,SPI_CLPS711X
9983,V4L2_H264
9984,USB_EHCI_HCD_ORION
9985,USB_GSPCA_JL2005BCD
9986,SPI_TI_QSPI
9987,QLCNIC_HWMON
9988,SERIAL_ATMEL
9989,BNXT_DCB
9990,COMEDI_NI_660X
9991,MSM_MMCC_8974
9992,EP93XX_WATCHDOG
9993,B43
9994,NETFILTER_XT_TARGET_HL
9995,PHY_RALINK_USB
9996,FB_OMAP2_PANEL_DSI_CM
9997,SYSC_R8A7742
9998,SND_BCM2835_SOC_I2S
9999,PINCTRL_INGENIC
10000,PHY_MMP3_USB
10001,CW1200
10002,KEYSTONE_USB_PHY
10003,TIMB_DMA
10004,SERIAL_IMX_CONSOLE
10005,DVB_USB_V2
10006,SND_RIPTIDE
10007,SOC_ASPEED
10008,IP_NF_TARGET_MASQUERADE
10009,RPMSG_QCOM_SMD
10010,NET_SCH_INGRESS
10011,MDIO_BCM_IPROC
10012,IP_NF_TARGET_REDIRECT
10013,HISI_DMA
10014,SND_MESON_AXG_SOUND_CARD
10015,INTEGRATOR_AP_TIMER
10016,HI6220_MBOX
10017,PCIE_MOBIVEIL_HOST
10018,SND_SOC_INTEL_GLK
10019,FB_TFT_RA8875
10020,CLK_R8A7745
10021,NET_DSA_VITESSE_VSC73XX
10022,COMMON_CLK_MT8183_IMGSYS
10023,USB_GSPCA_STK014
10024,FB_TFT_ILI9163
10025,INPUT_SC27XX_VIBRA
10026,HW_RANDOM_MESON
10027,CEC_SAMSUNG_S5P
10028,EM_TIMER_STI
10029,MMP_DISP_CONTROLLER
10030,CLK_R8A73A4
10031,RT2X00_LIB_LEDS
10032,SUNXI_WATCHDOG
10033,9P_FSCACHE
10034,MPILIB
10035,USB_GSPCA_ETOMS
10036,SYSC_R8A77960
10037,CLK_R8A7740
10038,RTC_DRV_RTD119X
10039,USB_EHCI_HCD_NPCM7XX
10040,TOUCHSCREEN_MXS_LRADC
10041,DVB_USB_VP7045
10042,PCMCIA_HERMES
10043,CS5535_CLOCK_EVENT_SRC
10044,USB_LPC32XX
10045,SECURITY_SELINUX_BOOTPARAM
10046,USB_CDNS3_IMX
10047,INTEL_TXT
10048,NF_CONNTRACK_MARK
10049,SPRD_TIMER
10050,DRM_EXYNOS_DPI
10051,DRM_EXYNOS5433_DECON
10052,TOUCHSCREEN_SUR40
10053,WCN36XX
10054,SENSORS_OCC
10055,FB_OMAP2_DSS_DEBUGFS
10056,VIDEO_SUN4I_CSI
10057,USB_GSPCA_T613
10058,CRYPTO_DEV_EXYNOS_HASH
10059,PINCTRL_NS
10060,MTD_NAND_SLC_LPC32XX
10061,RST_RCAR
10062,COMMON_CLK_MT6779_IMGSYS
10063,SERIAL_ST_ASC
10064,SND_INDIGOIO
10065,EP93XX_DMA
10066,SPRD_DMA
10067,SND_MESON_G12A_TOHDMITX
10068,SND_SOC_TEGRA_WM8753
10069,SYSC_R8A77980
10070,OLPC_EC
10071,MDIO_SUN4I
10072,TI_CPTS
10073,MTD_TS5500
10074,NFT_TPROXY
10075,NVMEM_VF610_OCOTP
10076,COMEDI_PCI_DRIVERS
10077,MMC_DW_K3
10078,IP_NF_TARGET_TTL
10079,ATM_ENI_DEBUG
10080,TI_CPSW_SWITCHDEV
10081,IIO_STM32_TIMER_TRIGGER
10082,COMMON_CLK_MT6779_VDECSYS
10083,NF_SOCKET_IPV6
10084,COMMON_CLK_MT8183_VENCSYS
10085,CS89x0_PLATFORM
10086,IP_VS_DEBUG
10087,MTD_NAND_TANGO
10088,SDM_LPASSCC_845
10089,SIRFSOC_WATCHDOG
10090,88EU_AP_MODE
10091,QCOM_IPCC
10092,IAVF
10093,COMMON_CLK_MT6765_MIPI2ASYS
10094,SCSI_UFS_TI_J721E
10095,DEV_DAX_HMEM
10096,REGULATOR_HI655X
10097,MFD_EXYNOS_LPASS
10098,SPI_SUN6I
10099,SND_MESON_G12A_TOACODEC
10100,ASPEED_LPC_SNOOP
10101,CRYPTO_DEV_QCE_SKCIPHER
10102,VIDEO_STM32_DCMI
10103,MSM_GCC_8660
10104,SYSC_R8A77995
10105,PINCTRL_PFC_R8A7790
10106,COMMON_CLK_MT8183_MFGCFG
10107,SND_INDIGO
10108,NFT_BRIDGE_META
10109,SND_SOC_TEGRA30_I2S
10110,PHY_RCAR_GEN3_USB3
10111,DMA_SHARED_BUFFER
10112,VIDEO_QCOM_VENUS
10113,USB_NET_AX8817X
10114,SPI_PIC32_SQI
10115,DEFAULT_WESTWOOD
10116,PINCTRL_MT6797
10117,COMMON_CLK_MT6779_MFGCFG
10118,MCF_EDMA
10119,MESON_SARADC
10120,RTC_DRV_S3C
10121,FSL_MX25_ADC
10122,IP_SET_LIST_SET
10123,DRM_IMX_HDMI
10124,NETFILTER_XT_TARGET_NFQUEUE
10125,MISDN_NETJET
10126,COMMON_CLK_MT6765_MIPI1BSYS
10127,PCIE_ARTPEC6_HOST
10128,SUN4I_GPADC
10129,HAVE_KVM_IRQFD
10130,SC_VIDEOCC_7180
10131,COMEDI_AMPLC_PCI230
10132,GPIO_BCM_KONA
10133,MMC_UNIPHIER
10134,SND_SOC_DAVINCI_ASP
10135,ADIS16240
10136,SECURITY_TOMOYO_INSECURE_BUILTIN_SETTING
10137,MTD_NAND_TEGRA
10138,SYSC_R8A7743
10139,COMMON_CLK_MT8516_AUDSYS
10140,BCMA_PFLASH
10141,QCOM_SMP2P
10142,USB_CDNS3_TI
10143,BT_CMTP
10144,NETFILTER_XT_MATCH_IPCOMP
10145,COMEDI_ADV_PCI1720
10146,QCOM_SMSM
10147,USB_GSPCA
10148,USB_STKWEBCAM
10149,VIDEO_ATMEL_ISC
10150,SND_SOC_SSM2602
10151,NETFILTER_XT_MATCH_CPU
10152,MAC80211_IBSS_DEBUG
10153,SPI_FSL_QUADSPI
10154,FW_LOADER
10155,PHY_ST_SPEAR1340_MIPHY
10156,SND_SOC_TEGRA_RT5640
10157,VIDEO_OMAP4
10158,VIDEO_MEDIATEK_VCODEC
10159,S2IO
10160,NETFILTER_XT_MATCH_LIMIT
10161,MTK_IOMMU
10162,PCIE_ROCKCHIP_EP
10163,SND_SOC_LPASS_APQ8016
10164,RTD119X_WATCHDOG
10165,SND_CS5530
10166,PCIE_QCOM
10167,PATA_ALI
10168,FTWDT010_WATCHDOG
10169,PINCTRL_PFC_R8A7791
10170,PINCTRL_UNIPHIER_SLD8
10171,USB_EPSON2888
10172,SND_SUN4I_I2S
10173,ATM_AMBASSADOR
10174,SPI_SPRD
10175,SPEAKUP_SYNTH_SOFT
10176,SND_SOC_TLV320AIC23_SPI
10177,STMP3XXX_RTC_WATCHDOG
10178,SND_SOC_INTEL_KBL_RT5663_RT5514_MAX98927_MACH
10179,SND_SOC_INTEL_SKL_NAU88L25_SSM4567_MACH
10180,CRYPTO_DEV_CAVIUM_ZIP
10181,CLK_RENESAS_CPG_MSSR
10182,SERIAL_OWL_CONSOLE
10183,IP_VS_WRR
10184,FB_WMT_GE_ROPS
10185,COMMON_CLK_MT8183_AUDIOSYS
10186,CRYPTO_DEV_CPT
10187,INTEL_IOMMU_SVM
10188,CRYPTO_DEV_QCE_ENABLE_ALL
10189,PHY_ROCKCHIP_INNO_USB2
10190,DEFAULT_HYBLA
10191,NETFILTER_XT_MATCH_CONNLABEL
10192,CRYPTO_DEV_MEDIATEK
10193,HWSPINLOCK_OMAP
10194,SDM_DISPCC_845
10195,SND_MESON_AXG_SPDIFOUT
10196,FUSION_LAN
10197,CAN_KVASER_PCI
10198,NFS_USE_KERNEL_DNS
10199,COMMON_CLK_MT6765_AUDIOSYS
10200,PINCTRL_CYGNUS_MUX
10201,RTC_DRV_LPC32XX
10202,PCI_HYPERV_INTERFACE
10203,SYSC_R8A7794
10204,SYSC_R8A7792
10205,NF_CT_NETLINK
10206,SPI_STM32
10207,MTD_NAND_OMAP_BCH
10208,SPI_BCM63XX_HSSPI
10209,QCOM_SMEM
10210,INTEGRITY_PLATFORM_KEYRING
10211,SND_SOC_SOF_APOLLOLAKE_SUPPORT
10212,B43LEGACY_DMA
10213,RTC_DRV_SC27XX
10214,RTC_DRV_SPEAR
10215,USB_GSPCA_KONICA
10216,OWL_PM_DOMAINS
10217,USB_GSPCA_SE401
10218,PCIE_UNIPHIER
10219,DVB_GP8PSK_FE
10220,IMX7ULP_WDT
10221,SND_SOC_INTEL_SST_ACPI
10222,MTD_NAND_OXNAS
10223,MLX5_TLS
10224,SPI_PIC32
10225,SPI_THUNDERX
10226,BLK_DEV_RNBD_CLIENT
10227,MLX5_FPGA
10228,QCS_GCC_404
10229,SPI_XLP
10230,VIDEO_DAVINCI_VPBE_DISPLAY
10231,POWER_RESET_KEYSTONE
10232,ATH9K_HWRNG
10233,PCIE_AL
10234,CLK_SUNXI_PRCM_SUN6I
10235,USB_MTU3_DEBUG
10236,SND_DARLA24
10237,MV64X60_WDT
10238,PINCTRL_RZA1
10239,QCOM_APR
10240,COMMON_CLK_MT6797_VENCSYS
10241,OCTEONTX2_VF
10242,FB_OMAP5_DSS_HDMI
10243,APQ_GCC_8084
10244,FB_OMAP2_DSS_DPI
10245,DPAA2_CONSOLE
10246,CIFS_SMB_DIRECT
10247,SUN8I_A33_CCU
10248,SND_ALS4000
10249,GEODE_WDT
10250,BT_HCIUART_MRVL
10251,SPI_ATH79
10252,AMD8111_ETH
10253,NFS_V4_1
10254,HAVE_KVM_EVENTFD
10255,SENSORS_OCC_P8_I2C
10256,COMMON_CLK_MT7622_ETHSYS
10257,B43_BCMA
10258,PHY_MESON_AXG_MIPI_PCIE_ANALOG
10259,USB_NET_CX82310_ETH
10260,USB_ASPEED_VHUB
10261,MXS_LRADC_ADC
10262,GPIO_ATH79
10263,FSL_ENETC_QOS
10264,NETFILTER_XT_MATCH_MULTIPORT
10265,COMMON_CLK_MT6765_MFGSYS
10266,CLK_R8A7794
10267,IR_ZX
10268,VIDEO_STI_HVA_DEBUGFS
10269,USB_GSPCA_SONIXJ
10270,SC27XX_ADC
10271,MTD_NAND_FSMC
10272,ATH9K_BTCOEX_SUPPORT
10273,PINCTRL_BERLIN_BG4CT
10274,SND_MESON_AXG_TDMIN
10275,SND_MESON_AXG_SPDIFIN
10276,BRCMSMAC
10277,FSI_MASTER_AST_CF
10278,SOC_RENESAS
10279,USB_EHCI_MXC
10280,NETFILTER_XT_TARGET_NETMAP
10281,MTK_CQDMA
10282,CRYPTO_LIB_POLY1305_GENERIC
10283,IP6_NF_SECURITY
10284,DEBUG_FS
10285,SND_INTEL8X0
10286,QCS_Q6SSTOP_404
10287,SND_SOC_SOF_GEMINILAKE_SUPPORT
10288,USB_OHCI_SH
10289,RTC_DRV_MT7622
10290,SND_SOC_SOF_HDA
10291,PINCTRL_QDF2XXX
10292,QCOM_WDT
10293,RTC_DRV_VR41XX
10294,RTL8187_LEDS
10295,NPCM7XX_WATCHDOG
10296,PCI_BRIDGE_EMUL
10297,PCMCIA_FMVJ18X
10298,IP_VS_RR
10299,QCOM_PDR_HELPERS
10300,QTNFMAC
10301,PCI_P2PDMA
10302,MTD_NAND_QCOM
10303,NFT_QUOTA
10304,8139TOO_TUNE_TWISTER
10305,COMMON_CLK_MT8183_IPU_CORE1
10306,OCTEONTX2_MBOX
10307,TS4800_WATCHDOG
10308,SPI_S3C64XX
10309,RTC_DRV_ASPEED
10310,SND_SOC_SH4_FSI
10311,USB_MTU3_HOST
10312,NF_NAT_TFTP
10313,MSM_GCC_8939
10314,NFT_COMPAT
10315,DWC_XLGMAC_PCI
10316,SND_SOC_SOF_ICELAKE_SUPPORT
10317,CRYPTO_DEV_S5P
10318,MLX5_ACCEL
10319,ASPEED_WATCHDOG
10320,PCIE_ARMADA_8K
10321,QCOM_RPMPD
10322,COMMON_CLK_QCOM
10323,SND_SOC_WM8997
10324,SND_SB_COMMON
10325,SPI_XTENSA_XTFPGA
10326,ATM_ENI_BURST_TX_4W
10327,IP6_NF_MATCH_HL
10328,SND_SOC_SIRF_USP
10329,FB_OMAP2_DSS_SDI
10330,IEEE802154_AT86RF230_DEBUGFS
10331,SDM_VIDEOCC_845
10332,USB_RENESAS_USBHS
10333,CLK_R8A7743
10334,MTD_ONENAND_SAMSUNG
10335,SPI_ORION
10336,OCTEON_ETHERNET
10337,THUNDER_NIC_PF
10338,COMMON_CLK_MT8183_IPU_CONN
10339,NETFILTER_XT_TARGET_CHECKSUM
10340,MFD_ATMEL_SMC
10341,CRYPTO_DEV_QCOM_RNG
10342,IMX7D_ADC
10343,STM32_DAC_CORE
10344,VIDEO_SUNXI_CEDRUS
10345,EDAC_PND2
10346,MTD_NAND_SH_FLCTL
10347,ROCKCHIP_THERMAL
10348,IP_VS_LBLCR
10349,SYSC_R8A774A1
10350,MACB
10351,IMA_ARCH_POLICY
10352,DRM_EXYNOS_VIDI
10353,MILBEAUT_HDMAC
10354,INGENIC_VPU_RPROC
10355,SND_SOC_RCAR
10356,NET_ACT_IPT
10357,CLK_R8A7795
10358,ASPEED_ADC
10359,CRYPTO_DEV_SUN8I_SS_DEBUG
10360,DRM_EXYNOS_GSC
10361,USB_OHCI_HCD_DAVINCI
10362,VIDEO_SAMSUNG_EXYNOS_GSC
10363,SND_MESON_AXG_FRDDR
10364,CLK_R8A77470
10365,SERIAL_MILBEAUT_USIO_CONSOLE
10366,SND_SOC_OMAP_MCBSP
10367,HW_RANDOM_CAVIUM
10368,FB_GEODE_LX
10369,SIS900
10370,INTERCONNECT_IMX8MQ
10371,SND_SOC_LPASS_IPQ806X
10372,STA2X11_VIP
10373,BLK_DEV_CS5530
10374,PINCTRL_UNIPHIER_LD20
10375,RTC_DRV_TX4939
10376,NETFILTER_XT_MATCH_CONNTRACK
10377,SYSC_R8A774C0
10378,CLK_R8A77970
10379,PWM_STM32_LP
10380,UNIPHIER_MDMAC
10381,IWLWIFI_DEBUGFS
10382,BCM47XX_SPROM
10383,AMD_XGBE_DCB
10384,CLK_R8A774A1
10385,MMC_DW_BLUEFIELD
10386,NF_NAT_SIP
10387,RCAR_DMAC
10388,PINCTRL_S900
10389,SND_SOC_SOF_FORCE_NOCODEC_MODE
10390,SND_SOC_IMX_PCM_DMA
10391,TI_EQEP
10392,DIGICOLOR_WATCHDOG
10393,SPRD_WATCHDOG
10394,IMX_SCU_PD
10395,DAVINCI_WATCHDOG
10396,PINCTRL_ASPEED_G5
10397,USB_RTL8152
10398,UNIPHIER_XDMAC
10399,HSU_DMA
10400,DVB_USB_GP8PSK
10401,TANGOX_WATCHDOG
10402,DVB_BT8XX
10403,MTD_NAND_HISI504
10404,CEC_PIN
10405,RTC_DRV_MESON
10406,ATH5K
10407,USB_EHCI_EXYNOS
10408,CLK_SUNXI_CLOCKS
10409,AD9834
10410,COMMON_CLK_MT8173_MMSYS
10411,CLK_R8A77995
10412,SM_GCC_8250
10413,KEYBOARD_PMIC8XXX
10414,IR_IMG_SHARP
10415,RENESAS_RZAWDT
10416,USB_GSPCA_BENQ
10417,NF_CONNTRACK_TIMEOUT
10418,NETFILTER_NETLINK_OSF
10419,VIDEO_CX88_MPEG
10420,FB_OMAP2_DSS_VENC
10421,VIDEO_ATMEL_ISI
10422,SND_SUN8I_CODEC
10423,CLK_RENESAS_CPG_MSTP
10424,USB_NET_CDC_NCM
10425,SH_DMAE
10426,SND_USB_USX2Y
10427,CEC_MESON_G12A_AO
10428,ATLAS7_WATCHDOG
10429,ZX2967_PM_DOMAINS
10430,SPI_FSL_LPSPI
10431,CLK_R8A774C0
10432,HWSPINLOCK_SPRD
10433,USB_NET_SR9800
10434,FB_TFT_SSD1306
10435,IPQ_GCC_4019
10436,IMGPDC_WDT
10437,INPUT_PM8941_PWRKEY
10438,PWM_STI
10439,IR_IMG_HW
10440,K3_RTI_WATCHDOG
10441,RADIO_CADET
10442,QEDE
10443,MMC_SDHI
10444,SND_SOC_LOWLAND
10445,PATA_RDC
10446,USB_NET_MCS7830
10447,POWER_RESET_BRCMKONA
10448,SPI_MESON_SPIFC
10449,CRYPTO_DEV_CCP_CRYPTO
10450,NFSD_SCSILAYOUT
10451,MLXFW
10452,SERIAL_STM32_CONSOLE
10453,SPI_NXP_SPIFI
10454,PCI_HOST_THUNDER_ECAM
10455,IWL4965
10456,IMX_SCU_SOC
10457,COMMON_CLK_MT2701_IMGSYS
10458,BRIDGE_EBT_VLAN
10459,FB_OMAP2_ENCODER_TPD12S015
10460,DRM_EXYNOS_FIMD
10461,PINCTRL_MT8173
10462,COMEDI_CB_PCIDDA
10463,COMMON_CLK_MT2701_AUDSYS
10464,SND_SOC_WM9705
10465,SPI_NPCM_PSPI
10466,RTC_DRV_AT91RM9200
10467,FB_OMAP2_PANEL_SHARP_LS037V7DW01
10468,DRM_EXYNOS_DSI
10469,MTD_NAND_SUNXI
10470,E1000E
10471,DVB_USB_A800
10472,ATH10K_DEBUG
10473,USB_GSPCA_TV8532
10474,RTC_DRV_MESON_VRTC
10475,SND_SOC_RT1308
10476,PINCTRL_MT6397
10477,VIDEO_ROCKCHIP_RGA
10478,NF_NAT_AMANDA
10479,ASPEED_KCS_IPMI_BMC
10480,SND_MESON_AXG_FIFO
10481,IP6_NF_MATCH_IPV6HEADER
10482,HBMC_AM654
10483,SND_SOC_SOF_CANNONLAKE_SUPPORT
10484,SND_MONA
10485,CLK_R8A774B1
10486,SND_MESON_GX_SOUND_CARD
10487,SND_SOC_SOF_ICELAKE
10488,COMMON_CLK_MT6779_AUDSYS
10489,CLK_R8A77960
10490,MFD_SPMI_PMIC
10491,EXYNOS_SROM
10492,VIDEO_IMX_PXP
10493,MEGARAID_MAILBOX
10494,SPI_TEGRA114
10495,ATM_HE
10496,BT_HCIUART
10497,USB_DWC3_EXYNOS
10498,SND_SOC_JZ4725B_CODEC
10499,PCIE_HISI_STB
10500,SND_SOC_SOF_HDA_PROBES
10501,SND_SOC_INTEL_SKYLAKE
10502,NFT_FIB_IPV6
10503,MTK_SMI
10504,ASYNC_TX_ENABLE_CHANNEL_SWITCH
10505,QCOM_SOCINFO
10506,LPC18XX_WATCHDOG
10507,SPI_QCOM_GENI
10508,CLK_RZA1
10509,MT76x2E
10510,VIDEO_TM6000_ALSA
10511,IXGBEVF_IPSEC
10512,SECURITY_APPARMOR_DEBUG_ASSERTS
10513,PATA_TRIFLEX
10514,PINCTRL_UNIPHIER_PRO4
10515,EDAC_SKX
10516,PATA_ARASAN_CF
10517,BRIDGE_EBT_IP6
10518,SPI_JCORE
10519,FPGA_MGR_SOCFPGA_A10
10520,SND_SOC_MXS_SGTL5000
10521,USB_GSPCA_DTCS033
10522,EDAC_XGENE
10523,SND_SOC_INTEL_SKL
10524,CAN_SUN4I
10525,FEC
10526,SND_SOC_SOF_DEBUG_ENABLE_DEBUGFS_CACHE
10527,MTD_NAND_MLC_LPC32XX
10528,MFD_SC27XX_PMIC
10529,RTC_DRV_MT2712
10530,CRYPTO_DEV_ZYNQMP_AES
10531,VIDEO_S5P_MIPI_CSIS
10532,FB_OMAP4_DSS_HDMI
10533,PINCTRL_MT2701
10534,NETFILTER_XT_SET
10535,SND_SOC_ARNDALE
10536,DVB_USB_DIB3000MC
10537,CRYPTO_DEV_SUN8I_CE
10538,MT7603E
10539,SND_SOC_INTEL_SOF_RT5682_MACH
10540,CRYPTO_DEV_HISI_HPRE
10541,SERIAL_QE
10542,6LOWPAN_NHC_IPV6
10543,MTD_NAND_OMAP2
10544,LIBERTAS
10545,NET_VENDOR_HISILICON
10546,USB_M5602
10547,FB_OMAP2_ENCODER_TFP410
10548,CLK_SH73A0
10549,USB_OHCI_HCD_S3C2410
10550,MPC5200_WDT
10551,6LOWPAN_NHC_UDP
10552,CRYPTO_NULL
10553,PINCTRL_UNIPHIER_LD6B
10554,VIDEO_ROCKCHIP_VDEC
10555,IP_VS_IPV6
10556,BCM2835_THERMAL
10557,MT76_LEDS
10558,RTC_DRV_EP93XX
10559,CEC_PIN_ERROR_INJ
10560,VIDEO_STI_HVA
10561,RTC_DRV_XGENE
10562,RTC_DRV_LPC24XX
10563,HAVE_KVM_IRQCHIP
10564,SKGE_GENESIS
10565,SND_SB16
10566,SPI_IMX
10567,RAVB
10568,DRM_IMX
10569,RTC_DRV_AT91SAM9
10570,FPGA_MGR_ZYNQMP_FPGA
10571,VIDEO_RENESAS_FDP1
10572,VIDEO_EXYNOS4_FIMC_IS
10573,BCM2835_VCHIQ
10574,QCOM_PM8XXX_XOADC
10575,B43LEGACY_LEDS
10576,SERIAL_ST_ASC_CONSOLE
10577,COMEDI_AMPLC_PC263_PCI
10578,USB_EHCI_BRCMSTB
10579,MTD_NAND_MARVELL
10580,HIX5HD2_GMAC
10581,USB_GL860
10582,TS72XX_WATCHDOG
10583,TIGON3_HWMON
10584,CLK_RCAR_GEN3_CPG
10585,SND_PXA2XX_SOC
10586,TEST_HMM
10587,PARIDE_PF
10588,CLK_RENESAS
10589,SLIM_QCOM_NGD_CTRL
10590,CLK_OWL_S700
10591,NETFILTER_XT_TARGET_IDLETIMER
10592,NETFILTER_XT_MATCH_REALM
10593,ATH6KL_DEBUG
10594,WILINK_PLATFORM_DATA
10595,USB_NET_INT51X1
10596,COMEDI_AMPLC_DIO200_PCI
10597,ATM_HORIZON_DEBUG
10598,SND_MXS_SOC
10599,RTLWIFI_DEBUG
10600,RPMSG_QCOM_GLINK_SMEM
10601,USB_OHCI_HCD_STI
10602,ATH10K_AHB
10603,PATA_HPT3X2N
10604,SND_SOC_INTEL_HASWELL_MACH
10605,SND_CS5535AUDIO
10606,SND_SOC_SAMSUNG
10607,RTC_DRV_FSL_FTM_ALARM
10608,SND_SOC_SOF_INTEL_COMMON
10609,SND_SOC_INTEL_SST
10610,DVB_USB_AU6610
10611,VIDEO_OMAP2_VOUT_VRFB
10612,VIDEO_SAMSUNG_EXYNOS4_IS
10613,PNFS_FLEXFILE_LAYOUT
10614,FB_OMAP2_DEBUG_SUPPORT
10615,ATM_SOLOS
10616,USB_NET_KALMIA
10617,DVB_USB_AF9005
10618,SERIAL_QCOM_GENI
10619,6LOWPAN_GHC_EXT_HDR_DEST
10620,SC520_WDT
10621,SATA_SIS
10622,ATH5K_TRACER
10623,PARIDE_EPIA
10624,ATH11K_DEBUG
10625,MMC_SDHI_SYS_DMAC
10626,BRIDGE_EBT_AMONG
10627,SPI_LANTIQ_SSC
10628,PATA_NINJA32
10629,SND_SOC_UNIPHIER_EVEA_CODEC
10630,DRM_EXYNOS_SCALER
10631,SND_SOC_TEGRA20_DAS
10632,IR_IMG_NEC
10633,AIRO
10634,AM335X_CONTROL_USB
10635,SND_ATMEL_SOC_DMA
10636,CRYPTO_DEV_HISI_QM
10637,MTD_NAND_STM32_FMC2
10638,USER_RETURN_NOTIFIER
10639,USB_GSPCA_CONEX
10640,RTC_DRV_VT8500
10641,ATM_IA_DEBUG
10642,SND_MESON_AXG_TDM_FORMATTER
10643,SOUNDWIRE_INTEL
10644,RTC_DRV_DAVINCI
10645,VIDEO_MX2_EMMAPRP
10646,DRM_EXYNOS_MIXER
10647,SND_SOC_WM8350
10648,IP_NF_ARP_MANGLE
10649,PATA_OF_PLATFORM
10650,PCI_LAYERSCAPE
10651,PHY_ROCKCHIP_DPHY_RX0
10652,COMEDI_ADL_PCI8164
10653,SUNXI_SRAM
10654,PCIE_MOBIVEIL_PLAT
10655,NETFILTER_XT_MATCH_BPF
10656,SND_SOC_UNIPHIER_LD11
10657,SND_SUN8I_CODEC_ANALOG
10658,IMA_APPRAISE_MODSIG
10659,DRM_EXYNOS_HDMI
10660,EP93XX_ETH
10661,SND_GUSMAX
10662,MTD_NAND_OMAP_BCH_BUILD
10663,SND_SOC_ROCKCHIP_I2S
10664,STM32_DAC
10665,CLK_RENESAS_DIV6
10666,SECURITY_SMACK_APPEND_SIGNALS
10667,PCIE_RCAR_EP
10668,VIDEO_DAVINCI_VPIF_DISPLAY
10669,USB_RENESAS_USB3
10670,SND_SOC_STM32_SPDIFRX
10671,SND_SOC_IMX_SGTL5000
10672,SND_SUN4I_CODEC
10673,SND_SAMSUNG_SPDIF
10674,SND_GUSEXTREME
10675,SSB_BLOCKIO
10676,MTD_NAND_ATMEL
10677,ENABLE_DEFAULT_TRACERS
10678,NF_CT_PROTO_DCCP
10679,ATH9K_AHB
10680,NF_TABLES_INET
10681,FB_OMAP2_PANEL_TPO_TD028TTEC1
10682,CRYPTO_DEV_HISI_SEC2
10683,IP6_NF_MATCH_EUI64
10684,ATH6KL_SDIO
10685,RADIO_GEMTEK
10686,POWER_RESET_PIIX4_POWEROFF
10687,SND_SOC_TOBERMORY
10688,SND_IMX_SOC
10689,DRM_EXYNOS_FIMC
10690,RTW88_8723D
10691,IXGBE_DCA
10692,SPEAKUP_SYNTH_DTLK
10693,USB_S2255
10694,BCMA_DRIVER_MIPS
10695,RT2X00_LIB_FIRMWARE
10696,USB_INVENTRA_DMA
10697,SND_SOC_TEGRA_RT5677
10698,SPI_SLAVE_MT27XX
10699,SND_SOC_RT5514_SPI
10700,USB_NET_SR9700
10701,RT2800PCI_RT53XX
10702,RTC_DRV_STMP
10703,VIDEO_RCAR_DRIF
10704,USB_GSPCA_TOPRO
10705,ATH6KL_USB
10706,SND_SUN50I_CODEC_ANALOG
10707,SND_SOC_OMAP_MCPDM
10708,SUNRPC_BACKCHANNEL
10709,NETFILTER_XT_TARGET_AUDIT
10710,SND_SOC_STM32_I2S
10711,MT7622_WMAC
10712,NVDIMM_DAX
10713,SND_OPTI92X_AD1848
10714,MDM_LCC_9615
10715,NFS_USE_LEGACY_DNS
10716,SND_SOC_LITTLEMILL
10717,FB_GEODE_GX
10718,MMC_CAVIUM_THUNDERX
10719,VIDEO_PXA27x
10720,SERIAL_ATMEL_CONSOLE
10721,SENSORS_ARM_SCPI
10722,FB_OMAP2_DSS_SLEEP_AFTER_VENC_RESET
10723,VIDEO_TI_VPE
10724,SPI_ST_SSC4
10725,VIDEOBUF_DMA_CONTIG
10726,SND_SOC_SIRF_AUDIO
10727,IR_IMG_JVC
10728,IP_NF_MATCH_AH
10729,USB_DWC3_MESON_G12A
10730,BATTERY_OLPC
10731,VIDEO_QCOM_CAMSS
10732,SND_SOC_QCOM
10733,LIBERTAS_DEBUG
10734,MLX5_EN_RXNFC
10735,SPI_SH
10736,BCM_KONA_WDT
10737,WIL6210_ISR_COR
10738,VIDEO_MESON_VDEC
10739,NF_LOG_BRIDGE
10740,ATM_ENI_BURST_TX_16W
10741,NF_TABLES_BRIDGE
10742,SND_MCHP_SOC_I2S_MCC
10743,SND_SOC_MC13783
10744,RTC_DRV_SNVS
10745,SND_MSND_CLASSIC
10746,CRYPTO_DEV_ATMEL_AUTHENC
10747,SND_SB16_CSP
10748,QCOM_SPMI_TEMP_ALARM
10749,VIDEO_RENESAS_JPU
10750,BCM2711_THERMAL
10751,USB_EHCI_HCD_STI
10752,SND_SOC_INTEL_BYTCR_RT5651_MACH
10753,QORIQ_CPUFREQ
10754,RSI_91X
10755,MSM_GCC_8960
10756,VIDEO_MMP_CAMERA
10757,PCI_DRA7XX
10758,REGMAP_AC97
10759,IP6_NF_MATCH_SRH
10760,SC_GCC_7180
10761,VIDEO_EXYNOS4_IS_COMMON
10762,RADIO_SF16FMI
10763,SERIAL_SH_SCI_EARLYCON
10764,USB_MUSB_TUSB6010
10765,VIDEO_AM437X_VPFE
10766,MTD_NAND_GPMI_NAND
10767,SND_SOC_TEGRA_TRIMSLICE
10768,COMEDI_DAQBOARD2000
10769,NIU
10770,VIDEO_TI_SC
10771,PINCTRL_EXYNOS_ARM64
10772,COMEDI_ADV_PCI1723
10773,SND_SOC_WM9713
10774,IP_VS_OVF
10775,USB_MV_OTG
10776,SND_SOC_MESON_T9015
10777,SATA_ULI
10778,USB_DWC3_KEYSTONE
10779,RTC_DRV_BRCMSTB
10780,MFD_OMAP_USB_HOST
10781,SND_SOC_FSL_ASOC_CARD
10782,IP6_NF_MATCH_MH
10783,SND_MIRO
10784,SND_SOC_ROCKCHIP_MAX98090
10785,CAN_XILINXCAN
10786,PHY_EXYNOS5_USBDRD
10787,USB_ARMLINUX
10788,VIDEO_DM6446_CCDC
10789,HOSTAP_FIRMWARE
10790,CRYPTO_DEV_EXYNOS_RNG
10791,COMEDI_NI_LABPC_PCI
10792,USB_GSPCA_VICAM
10793,SERIAL_8250_INGENIC
10794,ATH9K_DEBUGFS
10795,VIDEO_TI_CAL
10796,IR_IMG
10797,SND_SOC_INTEL_CHT_BSW_NAU8824_MACH
10798,FB_OMAP2_DSS_COLLECT_IRQ_STATS
10799,TOUCHSCREEN_RASPBERRYPI_FW
10800,SENSORS_OCC_P9_SBE
10801,NE2K_PCI
10802,SPI_EP93XX
10803,MSM_GCC_8994
10804,SPI_SPRD_ADI
10805,INPUT_PMIC8XXX_PWRKEY
10806,ATL1C
10807,IEEE802154_ADF7242
10808,SND_SOC_SOF_ELKHARTLAKE_SUPPORT
10809,MTD_NAND_BCM47XXNFLASH
10810,FSL_PQ_MDIO
10811,MTD_NAND_TXX9NDFMC
10812,IP_NF_TARGET_CLUSTERIP
10813,SATA_RCAR
10814,COMEDI_SSV_DNP
10815,PCI_XGENE_MSI
10816,USB_GSPCA_SQ905
10817,MT7601U
10818,SND_ES1688
10819,PATA_NS87415
10820,MMC_SDHCI_PXAV2
10821,VIDEO_TI_CSC
10822,BPF_KPROBE_OVERRIDE
10823,NFS_V3
10824,UNIPHIER_WATCHDOG
10825,SND_SOC_INTEL_BXT_DA7219_MAX98357A_COMMON
10826,IMX_SC_THERMAL
10827,SND_AT91_SOC_SAM9G20_WM8731
10828,SPI_TEGRA20_SFLASH
10829,MT76x02_LIB
10830,NETFILTER_XT_MATCH_PHYSDEV
10831,VIDEO_TI_VPE_DEBUG
10832,IP_NF_MATCH_ECN
10833,MVNETA
10834,IR_RX51
10835,SND_SC6000
10836,SECURITY_SMACK_BRINGUP
10837,FB_OMAP2
10838,USB_SIERRA_NET
10839,XEN_MCE_LOG
10840,CRYPTO_DRBG_HMAC
10841,SPI_BCM_QSPI
10842,RADIO_TYPHOON
10843,SND_SOC_INTEL_BDW_RT5650_MACH
10844,VIDEO_SUN6I_CSI
10845,SND_SOC_SIRF
10846,RADIO_RTRACK2
10847,VIDEO_OMAP2_VOUT
10848,PCIE_ARTPEC6_EP
10849,SND_ATMEL_SOC_SSC
10850,SND_SOC_OMAP3_TWL4030
10851,ST_LPC_WATCHDOG
10852,CLZ_TAB
10853,BCMA_NFLASH
10854,CRYPTO_DEV_QCE
10855,SND_GUSCLASSIC
10856,HNS_MDIO
10857,IMA_SECURE_AND_OR_TRUSTED_BOOT
10858,SND_OPL4_LIB
10859,USB_GSPCA_OV519
10860,MAC80211_MHWMP_DEBUG
10861,NETFILTER_XT_MATCH_LENGTH
10862,VIDEO_IMX_CSI
10863,MTD_NAND_INGENIC_ECC
10864,IR_TANGO
10865,ATH9K_HTC
10866,ATM_HORIZON
10867,IP_NF_NAT
10868,SND_SOC_STM32_SAI
10869,SND_SOC_WM2000
10870,PCMCIA_XIRCOM
10871,NETFILTER_XT_MATCH_SCTP
10872,SKY2_DEBUG
10873,USB_GSPCA_SQ930X
10874,NETFILTER_XT_TARGET_CONNMARK
10875,SND_SOC_INTEL_KBL_DA7219_MAX98927_MACH
10876,BRIDGE_EBT_BROUTE
10877,USB_RENESAS_USBHS_UDC
10878,ATH9K_COMMON_DEBUG
10879,NETFILTER_XT_MATCH_TCPMSS
10880,NTB_NETDEV
10881,IP6_NF_TARGET_REJECT
10882,IEEE802154_CA8210
10883,CRYPTO_DEV_FSL_CAAM_AHASH_API_DESC
10884,NF_CT_NETLINK_HELPER
10885,EXYNOS5422_DMC
10886,NF_FLOW_TABLE_INET
10887,SND_EMU10K1
10888,ARC_EMAC_CORE
10889,VIDEO_SAMSUNG_S5P_G2D
10890,ATMEL
10891,SND_SOC_INTEL_CNL
10892,RC_ST
10893,SND_AZT2316
10894,SND_SOC_SOF_HDA_LINK
10895,SERIAL_HS_LPC32XX_CONSOLE
10896,MMC_DW_EXYNOS
10897,SND_AZT1605
10898,SND_SOC_TEGRA20_SPDIF
10899,CRYPTO_DEV_OCTEONTX_CPT
10900,VIDEO_GO7007_USB
10901,DVB_DM1105
10902,SND_SOC_ADI_AXI_I2S
10903,PINCTRL_S700
10904,SND_SOC_TEGRA_ALC5632
10905,DDR
10906,GPIO_CS5535
10907,SND_SOC_UNIPHIER_AIO
10908,IP_VS_SED
10909,HISI_FEMAC
10910,CLK_RCAR_GEN2_CPG
10911,SND_AT91_SOC_SAM9X5_WM8731
10912,COMMON_CLK_MT6779_CAMSYS
10913,VIDEO_OMAP3_DEBUG
10914,SND_AT73C213
10915,SND_WAVEFRONT
10916,USB_GSPCA_SPCA561
10917,USB_NET_CDC_SUBSET_ENABLE
10918,SND_SOC_IMX_AUDMIX
10919,SND_SB8
10920,CRYPTO_HMAC
10921,SND_SOC_INTEL_BYTCR_RT5640_MACH
10922,BGMAC_BCMA
10923,NFP_APP_FLOWER
10924,TI_CPSW
10925,ATH10K_PCI
10926,USB_GSPCA_KINECT
10927,SND_SOC_ADI_AXI_SPDIF
10928,MSM_GCC_8998
10929,USB_DWC3_PCI
10930,ATH9K_HTC_DEBUGFS
10931,TEST_PARMAN
10932,SND_SOC_88PM860X
10933,SND_SSCAPE
10934,NF_CONNTRACK_AMANDA
10935,PINCTRL_EXYNOS_ARM
10936,VIDEO_STI_DELTA
10937,FSL_DPAA2
10938,USB_GSPCA_TOUPTEK
10939,SPI_MTK_NOR
10940,IR_IMG_RC5
10941,PINCTRL_UNIPHIER_PRO5
10942,SCSI_HISI_SAS_PCI
10943,SUNRPC_XPRT_RDMA
10944,ATH9K_PCOEM
10945,SERIAL_PCH_UART_CONSOLE
10946,CHELSIO_TLS_DEVICE
10947,SND_SAMSUNG_I2S
10948,SND_SOC_INTEL_KBL_RT5663_MAX98927_MACH
10949,PCI_LAYERSCAPE_EP
10950,CRYPTO_DEV_MARVELL
10951,DRM_EXYNOS_DP
10952,PCI_AARDVARK
10953,STM32_ADC
10954,SND_SOC_INTEL_SKL_NAU88L25_MAX98357A_MACH
10955,PCIE_MOBIVEIL
10956,SND_SOC_UNIPHIER_PXS2
10957,VIDEO_DM365_ISIF
10958,VIDEO_MEDIATEK_JPEG
10959,QCOM_RPMCC
10960,BRCMFMAC
10961,SERIAL_8250_BCM2835AUX
10962,NF_CT_PROTO_UDPLITE
10963,ARCNET_COM20020_CS
10964,BLK_DEV_RNBD_SERVER
10965,HAVE_KVM_IRQ_ROUTING
10966,NET_DSA_SJA1105_VL
10967,SND_SOC_QCOM_COMMON
10968,DRM_IMX_PARALLEL_DISPLAY
10969,USB_GSPCA_PAC7311
10970,MAC80211_OCB_DEBUG
10971,SPI_ASPEED_SMC
10972,SND_SOC_TEGRA20_I2S
10973,PATA_CS5530
10974,NFT_REJECT_INET
10975,SND_ISA
10976,BCM_CYGNUS_PHY
10977,SND_SOC_APQ8016_SBC
10978,SLUB
10979,MTD_NAND_VF610_NFC
10980,SND_SOC_SOF_HDA_COMMON
10981,EXYNOS_ASV_ARM
10982,VIDEO_STI_DELTA_MJPEG
10983,SND_SOC_IMX_SPDIF
10984,CAPI_TRACE
10985,SND_SOC_INTEL_KBL
10986,BACKLIGHT_OT200
10987,USB_NET_CDC_SUBSET
10988,SND_SOC_SOF_INTEL_ATOM_HIFI_EP
10989,NF_CT_NETLINK_TIMEOUT
10990,SND_SOC_AB8500_CODEC
10991,USB_GSPCA_XIRLINK_CIT
10992,SND_SOC_INTEL_CHT_BSW_RT5672_MACH
10993,SND_SOC_SMDK_WM8994_PCM
10994,WLCORE
10995,SND_SOC_SOF_INTEL_HIFI_EP_IPC
10996,SND_AD1848
10997,SND_SOC_TEGRA_SGTL5000
10998,USB_GSPCA_JEILINJ
10999,USB_GSPCA_NW80X
11000,IWLEGACY_DEBUG
11001,ATH9K_COMMON
11002,I40EVF
11003,SND_ATMEL_SOC_WM8904
11004,SND_SB16_DSP
11005,SND_KIRKWOOD_SOC_ARMADA370_DB
11006,B53_SRAB_DRIVER
11007,SND_ATMEL_SOC_CLASSD
11008,SND_SOC_WM5102
11009,B43_PHY_LP
11010,ATM_FORE200E
11011,BGMAC_PLATFORM
11012,SND_ES18XX
11013,SND_ATMEL_SOC_SSC_DMA
11014,SND_SOC_SOF_BAYTRAIL
11015,IR_IMG_SANYO
11016,SND_SOC_SMARTQ
11017,NETFILTER_XT_MATCH_TIME
11018,IR_IMG_SONY
11019,RADIO_ISA
11020,NETFILTER_XT_MATCH_CONNLIMIT
11021,WL12XX
11022,GIANFAR
11023,RADIO_ZOLTRIX
11024,BRCMDBG
11025,RT2X00_LIB_CRYPTO
11026,SND_SB8_DSP
11027,RT2800USB_RT53XX
11028,SND_SOC_LPASS_CPU
11029,QCOM_CLK_SMD_RPM
11030,BCM2835_WDT
11031,SND_SOC_SOF_DEBUG_XRUN_STOP
11032,VIDEO_ATOMISP_OV2722
11033,WL1251
11034,B43_SDIO
11035,VIDEO_SH_VOU
11036,PATA_OPTIDMA
11037,SPEAKUP_SYNTH_KEYPC
11038,SND_SOC_SOF_ELKHARTLAKE
11039,IXGBE_HWMON
11040,MT76x2_COMMON
11041,DRM_IMX_LDB
11042,SGL_ALLOC
11043,IR_SUNXI
11044,VIDEO_RENESAS_VSP1
11045,RDC321X_WDT
11046,SND_SOC_INTEL_CHT_BSW_MAX98090_TI_MACH
11047,CRYPTO_SKCIPHER2
11048,HNS3
11049,HAVE_ALIGNED_STRUCT_PAGE
11050,ATH5K_TEST_CHANNELS
11051,VIDEO_SUN8I_ROTATE
11052,PCH_GBE
11053,VIDEO_RCAR_CSI2
11054,NETFILTER_CONNCOUNT
11055,SND_ALS100
11056,PATA_ISAPNP
11057,NORTEL_HERMES
11058,SND_SOC_TEGRA
11059,TI_DAVINCI_MDIO
11060,ATH9K_PCI_NO_EEPROM
11061,CAN_EMS_PCI
11062,SND_SOC_INTEL_SST_FIRMWARE
11063,TCM_QLA2XXX
11064,ADM8211
11065,ICE
11066,PCIE_UNIPHIER_EP
11067,SND_SOC_ADAV801
11068,SND_SOC_AD193X_SPI
11069,V4L_RADIO_ISA_DRIVERS
11070,IMA_APPRAISE_REQUIRE_MODULE_SIGS
11071,RADIO_GEMTEK_PROBE
11072,SND_SOC_ROCKCHIP_SPDIF
11073,ATH9K
11074,CRYPTO_HASH2
11075,VIDEO_SAMSUNG_S5P_MFC
11076,PATA_AMD
11077,VIDEO_STI_DELTA_DRIVER
11078,NFT_QUEUE
11079,IP6_NF_TARGET_SYNPROXY
11080,VIDEO_USBTV
11081,VIDEO_SAMSUNG_S5P_JPEG
11082,V4L2_JPEG_HELPER
11083,VIDEO_RENESAS_CEU
11084,SND_SOC_STORM
11085,SND_SAMSUNG_PCM
11086,IR_IMG_RC6
11087,TI_DAVINCI_EMAC
11088,SND_SBAWE_SEQ
11089,SECURITY_SELINUX_DEVELOP
11090,SNI_NETSEC
11091,WIMAX_I2400M
11092,SND_SOC_STAC9766
11093,NETFILTER_XT_MATCH_ECN
11094,HAVE_HARDENED_USERCOPY_ALLOCATOR
11095,SND_SOC_TWL6040
11096,SND_ATMEL_SOC_I2S
11097,NF_CONNTRACK_PPTP
11098,BRIDGE_NETFILTER
11099,WLCORE_SPI
11100,VIDEO_IMX7_CSI
11101,NFT_SYNPROXY
11102,AX88796
11103,SND_SOC_RK3399_GRU_SOUND
11104,B43_PCICORE_AUTOSELECT
11105,NF_CONNTRACK_EVENTS
11106,VIDEO_HANTRO
11107,SPEAKUP_SYNTH_ACNTPC
11108,SNI_AVE
11109,SND_ATMEL_SOC_PDC
11110,RSI_COEX
11111,IPW2100
11112,MT76_CORE
11113,ATH9K_DFS_CERTIFIED
11114,VIDEO_S3C_CAMIF
11115,USB_MTU3_GADGET
11116,SND_OPTI93X
11117,CRYPTO_SHA256
11118,VIDEO_RENESAS_FCP
11119,OCTEONTX2_PF
11120,RADIO_SF16FMR2
11121,USB_GSPCA_SPCA506
11122,VIDEO_FB_IVTV_FORCE_PAT
11123,BRCMFMAC_PCIE
11124,SND_ADLIB
11125,SND_SOC_TWL4030
11126,VIDEO_EXYNOS_FIMC_LITE
11127,SND_SOC_INTEL_CFL
11128,CRYPTO_DEV_SUN8I_CE_DEBUG
11129,PCI_DRA7XX_EP
11130,CARL9170_LEDS
11131,NETFILTER_XT_MATCH_CONNMARK
11132,INFINIBAND_CXGB4
11133,DEFAULT_VEGAS
11134,SND_SOC_ROCKCHIP_RT5645
11135,SLOB
11136,SND_SOC_TEGRA30_AHUB
11137,B43_PHY_G
11138,PINCTRL_UNIPHIER_PXS2
11139,SND_SOC_RK3288_HDMI_ANALOG
11140,SKGE_DEBUG
11141,LIQUIDIO_VF
11142,KERNEL_GZIP
11143,SND_MESON_CARD_UTILS
11144,SND_SOC_SAMSUNG_SMDK_SPDIF
11145,MMC_SDHCI_IPROC
11146,MMP_DISP_SPI
11147,SND_AZT2320
11148,IPW2200_MONITOR
11149,B43LEGACY_PIO
11150,PLX_HERMES
11151,NETFILTER_XT_MATCH_NFACCT
11152,B43_BUSES_BCMA_AND_SSB
11153,SND_SOC_INTEL_BYT_RT5640_MACH
11154,SND_SOC_INTEL_BROADWELL_MACH
11155,SND_ATMEL_SOC_SSC_PDC
11156,CRYPTO_DEV_HISI_ZIP
11157,VIDEO_HANTRO_ROCKCHIP
11158,B43LEGACY_PCI_AUTOSELECT
11159,B43LEGACY_DMA_AND_PIO_MODE
11160,NFP_DEBUG
11161,OLPC_XO175_EC
11162,RTL8192CE
11163,SND_CS4231
11164,AR5523
11165,VIDEO_DM355_CCDC
11166,HIP04_ETH
11167,SND_SOC_WM0010
11168,WL18XX
11169,USB_ALI_M5632
11170,B43_PCI_AUTOSELECT
11171,SND_SOC_SAMSUNG_SMDK_WM8580
11172,TULIP_NAPI
11173,IP6_NF_NAT
11174,NETFILTER_XT_MATCH_RATEEST
11175,NETFILTER_XT_MATCH_HELPER
11176,USB_GSPCA_SONIXB
11177,SND_SOC_INTEL_SKYLAKE_FAMILY
11178,SND_SOC_ROCKCHIP_PDM
11179,EMAC_ROCKCHIP
11180,CRYPTO_SKCIPHER
11181,SND_SOC_SOF_COFFEELAKE
11182,SND_BCM2835
11183,PATA_SC1200
11184,SND_SOC_LPASS_PLATFORM
11185,SND_SBAWE
11186,HERMES_PRISM
11187,SND_SOC_ADAU1781_SPI
11188,VIDEO_EXYNOS4_ISP_DMA_CAPTURE
11189,VIDEO_BCM2835
11190,NETFILTER_XT_TARGET_NOTRACK
11191,SND_SOC_TLV320AIC26
11192,CRYPTO_DEV_FSL_CAAM_CRYPTO_API_DESC
11193,PXA168_ETH
11194,ATH9K_HW
11195,VIDEO_HANTRO_IMX8M
11196,SND_MSND_PINNACLE
11197,PM8916_WATCHDOG
11198,MLXSW_SPECTRUM_DCB
11199,BCMA_BLOCKIO
11200,ATH9K_RFKILL
11201,NF_CONNTRACK_H323
11202,RTW88_CORE
11203,SND_SOC_SOF_IMX_TOPLEVEL
11204,AIRO_CS
11205,VIDEO_TI_VPDMA
11206,MWIFIEX_PCIE
11207,MVPP2
11208,INTEL_MIC_HOST
11209,BRCMFMAC_USB
11210,SND_SOC_QDSP6_ASM_DAI
11211,CRYPTO_KPP2
11212,MWL8K
11213,CRYPTO_ALGAPI
11214,SND_SOC_SAMSUNG_SMDK_WM8994
11215,SND_SOC_INTEL_BXT_DA7219_MAX98357A_MACH
11216,SH_ETH
11217,SND_SOC_TEGRA_WM8903
11218,CRYPTO_AKCIPHER2
11219,ATM_ENI_BURST_TX_2W
11220,IEEE802154_MRF24J40
11221,CRYPTO
11222,MTD_NAND_JZ4780
11223,B43LEGACY_PCICORE_AUTOSELECT
11224,SND_JAZZ16
11225,DRM_EXYNOS_MIC
11226,RTL_CARDS
11227,VIDEO_IMX_MEDIA
11228,CRYPTO_ACOMP2
11229,SND_SOC_TEGRA20_AC97
11230,DEFAULT_DCTCP
11231,DRM_EXYNOS7_DECON
11232,ATM_ENI_BURST_RX_2W
11233,NFS_V4_SECURITY_LABEL
11234,PNFS_FILE_LAYOUT
11235,SND_SOC_ODROID
11236,RT2800PCI_RT3290
11237,IMA_APPRAISE_REQUIRE_KEXEC_SIGS
11238,SND_AD1816A
11239,VIDEO_CODA
11240,SND_SOC_ROCKCHIP
11241,UNWINDER_ORC
11242,SND_SOC_INTEL_SKYLAKE_COMMON
11243,ATH10K_USB
11244,NETFILTER_XT_MATCH_L2TP
11245,SND_SOC_WM8998
11246,SND_SOC_INTEL_SKYLAKE_SSP_CLK
11247,USB_UX500_DMA
11248,HOSTAP_FIRMWARE_NVRAM
11249,SND_PXA2XX_LIB
11250,SND_CMI8328
11251,SND_SOC_SPEYSIDE
11252,DEV_DAX_PMEM
11253,IPW2100_MONITOR
11254,SND_JZ4740_SOC_I2S
11255,CRYPTO_ALGAPI2
11256,ATH9K_PCI
11257,SND_SOC_INTEL_SKL_HDA_DSP_GENERIC_MACH
11258,NF_NAT_H323
11259,UNWINDER_GUESS
11260,CC_OPTIMIZE_FOR_PERFORMANCE
11261,NFS_SWAP
11262,MTD_NAND_JZ4725B_BCH
11263,CRYPTO_LIB_SHA256
11264,SND_SOC_QDSP6_ASM
11265,CRC32_SLICEBY8
11266,SND_SOC_SOF_IMX_OF
11267,HNS_ENET
11268,RADIO_AZTECH
11269,FSL_DPAA2_ETHSW
11270,FSL_ENETC
11271,RT2X00_LIB_PCI
11272,NET_DSA_SJA1105_PTP
11273,WLCORE_SDIO
11274,KERNFS
11275,NDC_DIS_DYNAMIC_CACHING
11276,ATM_FORE200E_USE_TASKLET
11277,NETFILTER_XT_MATCH_ESP
11278,ROOT_NFS
11279,SND_OPL3SA2
11280,RTL8192DE
11281,SND_CS4236
11282,IWLWIFI_DEBUG
11283,SND_SOC_SOF_COMETLAKE
11284,INFINIBAND_ISERT
11285,ATH10K_SNOC
11286,BITREVERSE
11287,SND_SOC_JZ4770_CODEC
11288,SND_SOC_SOF_IMX8M_SUPPORT
11289,RPCSEC_GSS_KRB5
11290,FCOE
11291,VIDEO_RCAR_VIN
11292,SND_SOC_OMAP_ABE_TWL6040
11293,NF_CONNTRACK_TFTP
11294,NET_DSA_MICROCHIP_KSZ9477
11295,SND_SOC_SAMSUNG_TM2_WM5110
11296,CC_OPTIMIZE_FOR_SIZE
11297,SND_SOC_SIRF_AUDIO_PORT
11298,VIDEO_DAVINCI_VPIF_CAPTURE
11299,DWMAC_ROCKCHIP
11300,AT76C50X_USB
11301,ATH6KL_TRACING
11302,NETFILTER_XT_MATCH_CLUSTER
11303,IP6_NF_MATCH_AH
11304,FB_OMAP2_PANEL_TPO_TD043MTEA1
11305,HNS
11306,IP6_NF_MATCH_FRAG
11307,HAVE_RELIABLE_STACKTRACE
11308,RT2800USB
11309,CRC32
11310,SND_SOC_MSM8996
11311,SND_SOC_AD1836
11312,CRYPTO_RNG2
11313,SND_SOC_QDSP6_CORE
11314,IWL3945
11315,MV643XX_ETH
11316,OCTEONTX2_AF
11317,SND_SOC_TEGRA_MAX98090
11318,VIDEO_S5P_FIMC
11319,MISDN_SPEEDFAX
11320,REGMAP_IRQ
11321,IWLWIFI_LEDS
11322,HI13X1_GMAC
11323,VIDEO_ATOMISP
11324,SND_OPL4_LIB_SEQ
11325,DVB_USB_OPERA1
11326,NETFILTER_XT_TARGET_DSCP
11327,RADIO_TRUST
11328,MLX5_CLS_ACT
11329,RADIO_TERRATEC
11330,VIDEO_ATOMISP_OV5693
11331,RADIO_RTRACK
11332,SND_OPTI92X_CS4231
11333,SND_SOC_RT5659
11334,NF_CONNTRACK_SANE
11335,TCM_QLA2XXX_DEBUG
11336,PCH_CAN
11337,NETFILTER_XT_MATCH_CONNBYTES
11338,FB_OMAP2_PANEL_SONY_ACX565AKM
11339,NETFILTER_XT_TARGET_CT
11340,MT76_USB
11341,LIBERTAS_SPI
11342,VIDEO_ROCKCHIP_ISP1
11343,ATH9K_COMMON_SPECTRAL
11344,RT2X00_DEBUG
11345,DWMAC_IMX8
11346,SND_SOC_BELLS
11347,RT2X00_LIB_USB
11348,SND_SOC_INTEL_BDW_RT5677_MACH
11349,SND_SOC_SNOW
11350,DWMAC_MESON
11351,SND_SOC_QDSP6
11352,SPI_CADENCE_QUADSPI
11353,RT2800USB_RT35XX
11354,SND_SOC_QDSP6_AFE_DAI
11355,PATA_CS5520
11356,VIDEO_ATOMISP_ISP2401
11357,IMA_APPRAISE_REQUIRE_POLICY_SIGS
11358,IP_NF_MATCH_TTL
11359,QCOM_RPMHPD
11360,PCMCIA_NMCLAN
11361,SND_SOC_QDSP6_ROUTING
11362,SND_SOC_SOF_TIGERLAKE
11363,SND_INTERWAVE
11364,SND_SOC_SDM845
11365,IP6_NF_TARGET_MASQUERADE
11366,RT2800USB_RT55XX
11367,P54_LEDS
11368,VIDEO_SAA7134_GO7007
11369,CRYPTO_DEV_CHELSIO_TLS
11370,HNS_DSAF
11371,MT76x2U
11372,SND_INTERWAVE_STB
11373,NF_NAT_SNMP_BASIC
11374,MT7915E
11375,PHY_TI_GMII_SEL
11376,SND_SOC_ADAU1977_SPI
11377,AX88796_93CX6
11378,SND_SOC_STM32_DFSDM
11379,CRYPTO_MANAGER2
11380,B43_PHY_N
11381,WL1251_SPI
11382,ARC_EMAC
11383,NFP_APP_ABM_NIC
11384,DWMAC_STI
11385,REGMAP
11386,ATM_ENI_BURST_RX_8W
11387,ATH5K_DEBUG
11388,SND_SOC_QDSP6_AFE
11389,SUNRPC_DISABLE_INSECURE_ENCTYPES
11390,ORINOCO_USB
11391,VIDEO_ATOMISP_MT9M114
11392,SND_SOC_INTEL_SKL_RT286_MACH
11393,RTL8192C_COMMON
11394,SND_SOC_QDSP6_ADM
11395,RSI_DEBUGFS
11396,RTL8821AE
11397,VIDEO_SUN8I_DEINTERLACE
11398,HNS3_HCLGEVF
11399,RTW88
11400,NETFILTER_SYNPROXY
11401,RT2800PCI_RT35XX
11402,RTL8188EE
11403,SND_SOC_INTEL_SOF_PCM512x_MACH
11404,ASUS_NB_WMI
11405,CARL9170
11406,DWMAC_SUNXI
11407,ATH9K_CHANNEL_CONTEXT
11408,NFT_FIB_INET
11409,SUNRPC_SWAP
11410,PATA_CS5536
11411,NFT_BRIDGE_REJECT
11412,SND_SOC_SOF_HDA_AUDIO_CODEC
11413,INFINIBAND_HNS_HIP08
11414,FSL_XGMAC_MDIO
11415,RTW88_8822CE
11416,P54_SPI
11417,IP_VS_PE_SIP
11418,INFINIBAND_HNS_HIP06
11419,DWMAC_STM32
11420,RT2800PCI_RT33XX
11421,RT2500USB
11422,QE_TDM
11423,SND_SOC_QDSP6_COMMON
11424,INFINIBAND_HNS
11425,TMD_HERMES
11426,IWLWIFI_OPMODE_MODULAR
11427,SND_SOC_SOF_MERRIFIELD
11428,BRCMFMAC_PROTO_MSGBUF
11429,CRYPTO_NULL2
11430,NFT_CONNLIMIT
11431,FSL_DPAA2_ETH
11432,CARL9170_DEBUGFS
11433,MTD_NAND_JZ4740_ECC
11434,DWMAC_ANARION
11435,MYRI10GE_DCA
11436,RT2800USB_RT3573
11437,BT_HCIRSI
11438,PCI_HERMES
11439,MT76x0U
11440,ISCSI_TARGET_CXGB4
11441,TULIP_MMIO
11442,ATH11K
11443,SLIC_DS26522
11444,MT76x0E
11445,UCC_FAST
11446,DWMAC_SOCFPGA
11447,LIBERTAS_CS
11448,DWMAC_IPQ806X
11449,PCMCIA_ATMEL
11450,DWMAC_OXNAS
11451,PNFS_BLOCK
11452,MT76x0_COMMON
11453,SND_SOC_SOF_IMX8_SUPPORT
11454,ATH9K_DFS_DEBUGFS
11455,IMA_BLACKLIST_KEYRING
11456,MTD_NAND_JZ4780_BCH
11457,CRYPTO_DEV_FSL_DPAA2_CAAM
11458,FSL_UCC_HDLC
11459,SND_SOC_SOF_IMX8M
11460,TULIP_NAPI_HW_MITIGATION
11461,CARL9170_WPC
11462,IMA_APPRAISE_BUILD_POLICY
11463,RT2800USB_RT33XX
11464,DWMAC_SUN8I
11465,FSL_ENETC_PTP_CLOCK
11466,DWMAC_LPC18XX
11467,RTL8187
11468,IP6_NF_TARGET_NPT
11469,VIDEO_ATOMISP_GC2235
11470,ATH11K_DEBUGFS
11471,NF_FLOW_TABLE_IPV4
11472,RTW88_PCI
11473,NET_ACT_CONNMARK
11474,USB_MUSB_JZ4740
11475,NET_ACT_CTINFO
11476,IWLMVM
11477,CARL9170_HWRNG
11478,DWMAC_QCOM_ETHQOS
11479,P54_SPI_DEFAULT_EEPROM
11480,IMA_APPRAISE_REQUIRE_FIRMWARE_SIGS
11481,VIDEO_ATOMISP_GC0310
11482,CW1200_WLAN_SDIO
11483,RADIO_MIROPCM20
11484,RTLWIFI_USB
11485,NET_DSA_MSCC_FELIX
11486,HNS3_HCLGE
11487,CRYPTO_DEV_FSL_CAAM_COMMON
11488,DWMAC_MEDIATEK
11489,VIDEO_CX18_ALSA
11490,VIDEO_ATOMISP_OV2680
11491,RTL8192SE
11492,HNS3_DCB
11493,SND_SOC_INTEL_BYT_MAX98090_MACH
11494,SND_SOC_INTEL_SOF_WM8804_MACH
11495,CHELSIO_T4_FCOE
11496,RT2800USB_UNKNOWN
11497,DRM_I915_GVT_KVMGT
11498,INFINIBAND_USNIC
11499,FSL_DPAA2_ETH_DCB
11500,ATH11K_TRACING
11501,ATH9K_TX99
11502,CRYPTO_HASH
11503,DEFAULT_RENO
11504,DEFAULT_BBR
11505,CRYPTO_MANAGER
11506,MT7663U
11507,SND_SOC_INTEL_GLK_DA7219_MAX98357A_MACH
11508,SND_SOC_INTEL_GLK_RT5682_MAX98357A_MACH
11509,SGI_XP
11510,SND_SOC_INTEL_CML_LP_DA7219_MAX98357A_MACH
11511,RTL8723AE
11512,MFD_CORE
11513,DEFAULT_CDG
11514,CRYPTO_AEAD2
11515,VIDEO_ATOMISP_LM3554
11516,RTL8192CU
11517,FSL_DPAA2_PTP_CLOCK
11518,NET_DSA_SJA1105_TAS
11519,VIDEO_ATOMISP_MSRLIST_HELPER
11520,KERNEL_XZ
11521,SND_SOC_INTEL_SOF_DA7219_MAX98373_MACH
11522,HNS3_ENET
11523,TYPEC_WCOVE
11524,SND_SOC_INTEL_EHL_RT5660_MACH
11525,RT2X00_LIB_DEBUGFS
11526,SND_SOC_SOF_IMX8
11527,SND_SOC_RT5514_SPI_BUILTIN
11528,SND_SOC_INTEL_SOF_CML_RT1011_RT5682_MACH
11529,active_options
11530,cid
